0.05000	 76.77331	 9.77211
0.10000	 52.95488	 37.17626
0.15000	 18.00957	 73.73534
0.20000	 3.64546	 88.19213
0.25000	 0.63935	 90.84372
0.30000	 0.10991	 90.93484
0.35000	 0.01897	 90.57478
0.40000	 0.00330	 90.13915
0.45000	 0.00058	 89.69238
0.50000	 0.00010	 89.24552
0.55000	 0.00002	 88.80050
0.60000	 0.00000	 88.35762
0.65000	 0.00000	 87.91693
0.70000	 0.00000	 87.47845
0.75000	 0.00000	 87.04215
0.80000	 0.00000	 86.60802
0.85000	 0.00000	 86.17606
0.90000	 0.00000	 85.74626
0.95000	 0.00000	 85.31860
1.00000	 0.00000	 84.89307
1.05000	 0.00000	 84.46966
1.10000	 0.00000	 84.04837
1.15000	 0.00000	 83.62918
1.20000	 0.00000	 83.21207
1.25000	 0.00000	 82.79705
1.30000	 0.00000	 82.38410
1.35000	 0.00000	 81.97321
1.40000	 0.00000	 81.56436
1.45000	 0.00000	 81.15756
1.50000	 0.00000	 80.75278
1.55000	 0.00000	 80.35003
1.60000	 0.00000	 79.94928
1.65000	 0.00000	 79.55053
1.70000	 0.00000	 79.15377
1.75000	 0.00000	 78.75899
1.80000	 0.00000	 78.36618
1.85000	 0.00000	 77.97533
1.90000	 0.00000	 77.58642
1.95000	 0.00000	 77.19946
2.00000	 0.00000	 76.81442
2.05000	 0.00000	 76.43131
2.10000	 0.00000	 76.05011
2.15000	 0.00000	 75.67081
2.20000	 0.00000	 75.29340
2.25000	 0.00000	 74.91787
2.30000	 0.00000	 74.54422
2.35000	 0.00000	 74.17242
2.40000	 0.00000	 73.80249
2.45000	 0.00000	 73.43440
2.50000	 0.00000	 73.06814
2.55000	 0.00000	 72.70371
2.60000	 0.00000	 72.34110
2.65000	 0.00000	 71.98030
2.70000	 0.00000	 71.62129
2.75000	 0.00000	 71.26408
2.80000	 0.00000	 70.90865
2.85000	 0.00000	 70.55499
2.90000	 0.00000	 70.20310
2.95000	 0.00000	 69.85296
3.00000	 0.00000	 69.50457
3.05000	 0.00000	 69.15791
3.10000	 0.00000	 68.81298
3.15000	 0.00000	 68.46978
3.20000	 0.00000	 68.12828
3.25000	 0.00000	 67.78849
3.30000	 0.00000	 67.45040
3.35000	 0.00000	 67.11399
3.40000	 0.00000	 66.77925
3.45000	 0.00000	 66.44619
3.50000	 0.00000	 66.11479
3.55000	 0.00000	 65.78504
3.60000	 0.00000	 65.45693
3.65000	 0.00000	 65.13047
3.70000	 0.00000	 64.80563
3.75000	 0.00000	 64.48241
3.80000	 0.00000	 64.16080
3.85000	 0.00000	 63.84080
3.90000	 0.00000	 63.52239
3.95000	 0.00000	 63.20557
4.00000	 0.00000	 62.89033
4.05000	 0.00000	 62.57666
4.10000	 0.00000	 62.26456
4.15000	 0.00000	 61.95402
4.20000	 0.00000	 61.64502
4.25000	 0.00000	 61.33756
4.30000	 0.00000	 61.03164
4.35000	 0.00000	 60.72725
4.40000	 0.00000	 60.42437
4.45000	 0.00000	 60.12300
4.50000	 0.00000	 59.82313
4.55000	 0.00000	 59.52477
4.60000	 0.00000	 59.22788
4.65000	 0.00000	 58.93248
4.70000	 0.00000	 58.63856
4.75000	 0.00000	 58.34610
4.80000	 0.00000	 58.05509
4.85000	 0.00000	 57.76554
4.90000	 0.00000	 57.47744
4.95000	 0.00000	 57.19077
5.00000	 0.00000	 56.90553
5.05000	 0.00000	 56.62171
5.10000	 0.00000	 56.33931
5.15000	 0.00000	 56.05831
5.20000	 0.00000	 55.77872
5.25000	 0.00000	 55.50052
5.30000	 0.00000	 55.22371
5.35000	 0.00000	 54.94828
5.40000	 0.00000	 54.67423
5.45000	 0.00000	 54.40154
5.50000	 0.00000	 54.13021
5.55000	 0.00000	 53.86023
5.60000	 0.00000	 53.59161
5.65000	 0.00000	 53.32432
5.70000	 0.00000	 53.05836
5.75000	 0.00000	 52.79373
5.80000	 0.00000	 52.53042
5.85000	 0.00000	 52.26842
5.90000	 0.00000	 52.00773
5.95000	 0.00000	 51.74834
6.00000	 0.00000	 51.49025
6.05000	 0.00000	 51.23344
6.10000	 0.00000	 50.97791
6.15000	 0.00000	 50.72366
6.20000	 0.00000	 50.47067
6.25000	 0.00000	 50.21895
6.30000	 0.00000	 49.96848
6.35000	 0.00000	 49.71926
6.40000	 0.00000	 49.47129
6.45000	 0.00000	 49.22455
6.50000	 0.00000	 48.97904
6.55000	 0.00000	 48.73476
6.60000	 0.00000	 48.49169
6.65000	 0.00000	 48.24984
6.70000	 0.00000	 48.00919
6.75000	 0.00000	 47.76974
6.80000	 0.00000	 47.53149
6.85000	 0.00000	 47.29443
6.90000	 0.00000	 47.05854
6.95000	 0.00000	 46.82384
7.00000	 0.00000	 46.59030
7.05000	 0.00000	 46.35793
7.10000	 0.00000	 46.12672
7.15000	 0.00000	 45.89666
7.20000	 0.00000	 45.66775
7.25000	 0.00000	 45.43999
7.30000	 0.00000	 45.21335
7.35000	 0.00000	 44.98785
7.40000	 0.00000	 44.76347
7.45000	 0.00000	 44.54021
7.50000	 0.00000	 44.31807
7.55000	 0.00000	 44.09703
7.60000	 0.00000	 43.87710
7.65000	 0.00000	 43.65826
7.70000	 0.00000	 43.44051
7.75000	 0.00000	 43.22385
7.80000	 0.00000	 43.00827
7.85000	 0.00000	 42.79377
7.90000	 0.00000	 42.58033
7.95000	 0.00000	 42.36796
8.00000	 0.00000	 42.15665
8.05000	 0.00000	 41.94639
8.10000	 0.00000	 41.73718
8.15000	 0.00000	 41.52902
8.20000	 0.00000	 41.32189
8.25000	 0.00000	 41.11580
8.30000	 0.00000	 40.91073
8.35000	 0.00000	 40.70669
8.40000	 0.00000	 40.50366
8.45000	 0.00000	 40.30165
8.50000	 0.00000	 40.10065
8.55000	 0.00000	 39.90064
8.60000	 0.00000	 39.70164
8.65000	 0.00000	 39.50363
8.70000	 0.00000	 39.30660
8.75000	 0.00000	 39.11056
8.80000	 0.00000	 38.91549
8.85000	 0.00000	 38.72140
8.90000	 0.00000	 38.52828
8.95000	 0.00000	 38.33612
9.00000	 0.00000	 38.14491
9.05000	 0.00000	 37.95467
9.10000	 0.00000	 37.76537
9.15000	 0.00000	 37.57701
9.20000	 0.00000	 37.38959
9.25000	 0.00000	 37.20311
9.30000	 0.00000	 37.01756
9.35000	 0.00000	 36.83294
9.40000	 0.00000	 36.64923
9.45000	 0.00000	 36.46644
9.50000	 0.00000	 36.28457
9.55000	 0.00000	 36.10359
9.60000	 0.00000	 35.92353
9.65000	 0.00000	 35.74436
9.70000	 0.00000	 35.56608
9.75000	 0.00000	 35.38870
9.80000	 0.00000	 35.21219
9.85000	 0.00000	 35.03657
9.90000	 0.00000	 34.86183
9.95000	 0.00000	 34.68795
10.00000	 0.00000	 34.51495
10.05000	 0.00000	 34.34280
10.10000	 0.00000	 34.17152
10.15000	 0.00000	 34.00109
10.20000	 0.00000	 33.83150
10.25000	 0.00000	 33.66277
10.30000	 0.00000	 33.49488
10.35000	 0.00000	 33.32782
10.40000	 0.00000	 33.16160
10.45000	 0.00000	 32.99620
10.50000	 0.00000	 32.83163
10.55000	 0.00000	 32.66788
10.60000	 0.00000	 32.50495
10.65000	 0.00000	 32.34283
10.70000	 0.00000	 32.18152
10.75000	 0.00000	 32.02102
10.80000	 0.00000	 31.86131
10.85000	 0.00000	 31.70240
10.90000	 0.00000	 31.54429
10.95000	 0.00000	 31.38696
11.00000	 0.00000	 31.23041
11.05000	 0.00000	 31.07465
11.10000	 0.00000	 30.91967
11.15000	 0.00000	 30.76545
11.20000	 0.00000	 30.61201
11.25000	 0.00000	 30.45933
11.30000	 0.00000	 30.30742
11.35000	 0.00000	 30.15626
11.40000	 0.00000	 30.00585
11.45000	 0.00000	 29.85620
11.50000	 0.00000	 29.70729
11.55000	 0.00000	 29.55912
11.60000	 0.00000	 29.41170
11.65000	 0.00000	 29.26501
11.70000	 0.00000	 29.11905
11.75000	 0.00000	 28.97381
11.80000	 0.00000	 28.82931
11.85000	 0.00000	 28.68552
11.90000	 0.00000	 28.54245
11.95000	 0.00000	 28.40009
12.00000	 0.00000	 28.25845
12.05000	 0.00000	 28.11751
12.10000	 0.00000	 27.97727
12.15000	 0.00000	 27.83773
12.20000	 0.00000	 27.69889
12.25000	 0.00000	 27.56074
12.30000	 0.00000	 27.42328
12.35000	 0.00000	 27.28651
12.40000	 0.00000	 27.15042
12.45000	 0.00000	 27.01500
12.50000	 0.00000	 26.88027
12.55000	 0.00000	 26.74620
12.60000	 0.00000	 26.61280
12.65000	 0.00000	 26.48007
12.70000	 0.00000	 26.34800
12.75000	 0.00000	 26.21659
12.80000	 0.00000	 26.08583
12.85000	 0.00000	 25.95573
12.90000	 0.00000	 25.82628
12.95000	 0.00000	 25.69747
13.00000	 0.00000	 25.56930
13.05000	 0.00000	 25.44177
13.10000	 0.00000	 25.31488
13.15000	 0.00000	 25.18862
13.20000	 0.00000	 25.06299
13.25000	 0.00000	 24.93799
13.30000	 0.00000	 24.81361
13.35000	 0.00000	 24.68986
13.40000	 0.00000	 24.56671
13.45000	 0.00000	 24.44419
13.50000	 0.00000	 24.32227
13.55000	 0.00000	 24.20096
13.60000	 0.00000	 24.08026
13.65000	 0.00000	 23.96016
13.70000	 0.00000	 23.84066
13.75000	 0.00000	 23.72175
13.80000	 0.00000	 23.60344
13.85000	 0.00000	 23.48572
13.90000	 0.00000	 23.36858
13.95000	 0.00000	 23.25203
14.00000	 0.00000	 23.13606
14.05000	 0.00000	 23.02067
14.10000	 0.00000	 22.90585
14.15000	 0.00000	 22.79161
14.20000	 0.00000	 22.67794
14.25000	 0.00000	 22.56483
14.30000	 0.00000	 22.45229
14.35000	 0.00000	 22.34030
14.40000	 0.00000	 22.22888
14.45000	 0.00000	 22.11802
14.50000	 0.00000	 22.00770
14.55000	 0.00000	 21.89794
14.60000	 0.00000	 21.78872
14.65000	 0.00000	 21.68005
14.70000	 0.00000	 21.57192
14.75000	 0.00000	 21.46433
14.80000	 0.00000	 21.35728
14.85000	 0.00000	 21.25076
14.90000	 0.00000	 21.14477
14.95000	 0.00000	 21.03931
15.00000	 0.00000	 20.93437
15.05000	 0.00000	 20.82996
15.10000	 0.00000	 20.72607
15.15000	 0.00000	 20.62270
15.20000	 0.00000	 20.51984
15.25000	 0.00000	 20.41750
15.30000	 0.00000	 20.31567
15.35000	 0.00000	 20.21434
15.40000	 0.00000	 20.11352
15.45000	 0.00000	 20.01321
15.50000	 0.00000	 19.91339
15.55000	 0.00000	 19.81407
15.60000	 0.00000	 19.71525
15.65000	 0.00000	 19.61692
15.70000	 0.00000	 19.51908
15.75000	 0.00000	 19.42173
15.80000	 0.00000	 19.32486
15.85000	 0.00000	 19.22848
15.90000	 0.00000	 19.13258
15.95000	 0.00000	 19.03715
16.00000	 0.00000	 18.94220
16.05000	 0.00000	 18.84773
16.10000	 0.00000	 18.75373
16.15000	 0.00000	 18.66019
16.20000	 0.00000	 18.56712
16.25000	 0.00000	 18.47452
16.30000	 0.00000	 18.38238
16.35000	 0.00000	 18.29069
16.40000	 0.00000	 18.19947
16.45000	 0.00000	 18.10870
16.50000	 0.00000	 18.01838
16.55000	 0.00000	 17.92851
16.60000	 0.00000	 17.83910
16.65000	 0.00000	 17.75012
16.70000	 0.00000	 17.66159
16.75000	 0.00000	 17.57351
16.80000	 0.00000	 17.48586
16.85000	 0.00000	 17.39865
16.90000	 0.00000	 17.31187
16.95000	 0.00000	 17.22553
17.00000	 0.00000	 17.13961
17.05000	 0.00000	 17.05413
17.10000	 0.00000	 16.96907
17.15000	 0.00000	 16.88444
17.20000	 0.00000	 16.80023
17.25000	 0.00000	 16.71644
17.30000	 0.00000	 16.63306
17.35000	 0.00000	 16.55010
17.40000	 0.00000	 16.46756
17.45000	 0.00000	 16.38543
17.50000	 0.00000	 16.30371
17.55000	 0.00000	 16.22239
17.60000	 0.00000	 16.14148
17.65000	 0.00000	 16.06098
17.70000	 0.00000	 15.98087
17.75000	 0.00000	 15.90117
17.80000	 0.00000	 15.82186
17.85000	 0.00000	 15.74295
17.90000	 0.00000	 15.66443
17.95000	 0.00000	 15.58630
18.00000	 0.00000	 15.50856
18.05000	 0.00000	 15.43122
18.10000	 0.00000	 15.35425
18.15000	 0.00000	 15.27767
18.20000	 0.00000	 15.20147
18.25000	 0.00000	 15.12566
18.30000	 0.00000	 15.05022
18.35000	 0.00000	 14.97515
18.40000	 0.00000	 14.90047
18.45000	 0.00000	 14.82615
18.50000	 0.00000	 14.75220
18.55000	 0.00000	 14.67863
18.60000	 0.00000	 14.60542
18.65000	 0.00000	 14.53257
18.70000	 0.00000	 14.46009
18.75000	 0.00000	 14.38797
18.80000	 0.00000	 14.31621
18.85000	 0.00000	 14.24481
18.90000	 0.00000	 14.17376
18.95000	 0.00000	 14.10307
19.00000	 0.00000	 14.03273
19.05000	 0.00000	 13.96274
19.10000	 0.00000	 13.89310
19.15000	 0.00000	 13.82381
19.20000	 0.00000	 13.75486
19.25000	 0.00000	 13.68626
19.30000	 0.00000	 13.61800
19.35000	 0.00000	 13.55008
19.40000	 0.00000	 13.48250
19.45000	 0.00000	 13.41525
19.50000	 0.00000	 13.34835
19.55000	 0.00000	 13.28177
19.60000	 0.00000	 13.21553
19.65000	 0.00000	 13.14961
19.70000	 0.00000	 13.08403
19.75000	 0.00000	 13.01877
19.80000	 0.00000	 12.95384
19.85000	 0.00000	 12.88923
19.90000	 0.00000	 12.82495
19.95000	 0.00000	 12.76098
20.00000	 0.00000	 12.69734
20.05000	 0.00000	 12.63401
20.10000	 0.00000	 12.57100
20.15000	 0.00000	 12.50830
20.20000	 0.00000	 12.44591
20.25000	 0.00000	 12.38384
20.30000	 0.00000	 12.32208
20.35000	 0.00000	 12.26062
20.40000	 0.00000	 12.19947
20.45000	 0.00000	 12.13862
20.50000	 0.00000	 12.07808
20.55000	 0.00000	 12.01784
20.60000	 0.00000	 11.95790
20.65000	 0.00000	 11.89826
20.70000	 0.00000	 11.83892
20.75000	 0.00000	 11.77987
20.80000	 0.00000	 11.72112
20.85000	 0.00000	 11.66266
20.90000	 0.00000	 11.60449
20.95000	 0.00000	 11.54662
21.00000	 0.00000	 11.48903
21.05000	 0.00000	 11.43173
21.10000	 0.00000	 11.37471
21.15000	 0.00000	 11.31798
21.20000	 0.00000	 11.26153
21.25000	 0.00000	 11.20536
21.30000	 0.00000	 11.14948
21.35000	 0.00000	 11.09387
21.40000	 0.00000	 11.03854
21.45000	 0.00000	 10.98348
21.50000	 0.00000	 10.92870
21.55000	 0.00000	 10.87419
21.60000	 0.00000	 10.81996
21.65000	 0.00000	 10.76599
21.70000	 0.00000	 10.71230
21.75000	 0.00000	 10.65887
21.80000	 0.00000	 10.60571
21.85000	 0.00000	 10.55281
21.90000	 0.00000	 10.50018
21.95000	 0.00000	 10.44781
22.00000	 0.00000	 10.39570
22.05000	 0.00000	 10.34385
22.10000	 0.00000	 10.29226
22.15000	 0.00000	 10.24093
22.20000	 0.00000	 10.18985
22.25000	 0.00000	 10.13903
22.30000	 0.00000	 10.08846
22.35000	 0.00000	 10.03815
22.40000	 0.00000	 9.98808
22.45000	 0.00000	 9.93826
22.50000	 0.00000	 9.88870
22.55000	 0.00000	 9.83938
22.60000	 0.00000	 9.79030
22.65000	 0.00000	 9.74147
22.70000	 0.00000	 9.69289
22.75000	 0.00000	 9.64454
22.80000	 0.00000	 9.59644
22.85000	 0.00000	 9.54858
22.90000	 0.00000	 9.50096
22.95000	 0.00000	 9.45357
23.00000	 0.00000	 9.40642
23.05000	 0.00000	 9.35951
23.10000	 0.00000	 9.31282
23.15000	 0.00000	 9.26638
23.20000	 0.00000	 9.22016
23.25000	 0.00000	 9.17417
23.30000	 0.00000	 9.12842
23.35000	 0.00000	 9.08289
23.40000	 0.00000	 9.03759
23.45000	 0.00000	 8.99251
23.50000	 0.00000	 8.94766
23.55000	 0.00000	 8.90304
23.60000	 0.00000	 8.85863
23.65000	 0.00000	 8.81445
23.70000	 0.00000	 8.77049
23.75000	 0.00000	 8.72674
23.80000	 0.00000	 8.68322
23.85000	 0.00000	 8.63991
23.90000	 0.00000	 8.59682
23.95000	 0.00000	 8.55394
24.00000	 0.00000	 8.51128
24.05000	 0.00000	 8.46883
24.10000	 0.00000	 8.42659
24.15000	 0.00000	 8.38456
24.20000	 0.00000	 8.34275
24.25000	 0.00000	 8.30114
24.30000	 0.00000	 8.25973
24.35000	 0.00000	 8.21854
24.40000	 0.00000	 8.17755
24.45000	 0.00000	 8.13676
24.50000	 0.00000	 8.09618
24.55000	 0.00000	 8.05580
24.60000	 0.00000	 8.01562
24.65000	 0.00000	 7.97564
24.70000	 0.00000	 7.93587
24.75000	 0.00000	 7.89629
24.80000	 0.00000	 7.85690
24.85000	 0.00000	 7.81772
24.90000	 0.00000	 7.77873
24.95000	 0.00000	 7.73993
25.00000	 0.00000	 7.70133
25.05000	 0.00000	 7.66291
25.10000	 0.00000	 7.62470
25.15000	 0.00000	 7.58667
25.20000	 0.00000	 7.54883
25.25000	 0.00000	 7.51118
25.30000	 0.00000	 7.47372
25.35000	 0.00000	 7.43644
25.40000	 0.00000	 7.39935
25.45000	 0.00000	 7.36245
25.50000	 0.00000	 7.32573
25.55000	 0.00000	 7.28919
25.60000	 0.00000	 7.25284
25.65000	 0.00000	 7.21666
25.70000	 0.00000	 7.18067
25.75000	 0.00000	 7.14485
25.80000	 0.00000	 7.10922
25.85000	 0.00000	 7.07376
25.90000	 0.00000	 7.03848
25.95000	 0.00000	 7.00338
26.00000	 0.00000	 6.96845
26.05000	 0.00000	 6.93369
26.10000	 0.00000	 6.89911
26.15000	 0.00000	 6.86470
26.20000	 0.00000	 6.83046
26.25000	 0.00000	 6.79640
26.30000	 0.00000	 6.76250
26.35000	 0.00000	 6.72877
26.40000	 0.00000	 6.69521
26.45000	 0.00000	 6.66182
26.50000	 0.00000	 6.62859
26.55000	 0.00000	 6.59553
26.60000	 0.00000	 6.56264
26.65000	 0.00000	 6.52991
26.70000	 0.00000	 6.49734
26.75000	 0.00000	 6.46493
26.80000	 0.00000	 6.43269
26.85000	 0.00000	 6.40060
26.90000	 0.00000	 6.36868
26.95000	 0.00000	 6.33692
27.00000	 0.00000	 6.30531
27.05000	 0.00000	 6.27386
27.10000	 0.00000	 6.24257
27.15000	 0.00000	 6.21144
27.20000	 0.00000	 6.18046
27.25000	 0.00000	 6.14963
27.30000	 0.00000	 6.11896
27.35000	 0.00000	 6.08844
27.40000	 0.00000	 6.05808
27.45000	 0.00000	 6.02786
27.50000	 0.00000	 5.99780
27.55000	 0.00000	 5.96788
27.60000	 0.00000	 5.93812
27.65000	 0.00000	 5.90850
27.70000	 0.00000	 5.87903
27.75000	 0.00000	 5.84971
27.80000	 0.00000	 5.82054
27.85000	 0.00000	 5.79151
27.90000	 0.00000	 5.76262
27.95000	 0.00000	 5.73388
28.00000	 0.00000	 5.70528
28.05000	 0.00000	 5.67683
28.10000	 0.00000	 5.64851
28.15000	 0.00000	 5.62034
28.20000	 0.00000	 5.59231
28.25000	 0.00000	 5.56442
28.30000	 0.00000	 5.53667
28.35000	 0.00000	 5.50905
28.40000	 0.00000	 5.48157
28.45000	 0.00000	 5.45424
28.50000	 0.00000	 5.42703
28.55000	 0.00000	 5.39996
28.60000	 0.00000	 5.37303
28.65000	 0.00000	 5.34623
28.70000	 0.00000	 5.31957
28.75000	 0.00000	 5.29304
28.80000	 0.00000	 5.26664
28.85000	 0.00000	 5.24037
28.90000	 0.00000	 5.21424
28.95000	 0.00000	 5.18823
29.00000	 0.00000	 5.16235
29.05000	 0.00000	 5.13661
29.10000	 0.00000	 5.11099
29.15000	 0.00000	 5.08550
29.20000	 0.00000	 5.06013
29.25000	 0.00000	 5.03489
29.30000	 0.00000	 5.00978
29.35000	 0.00000	 4.98480
29.40000	 0.00000	 4.95993
29.45000	 0.00000	 4.93520
29.50000	 0.00000	 4.91058
29.55000	 0.00000	 4.88609
29.60000	 0.00000	 4.86172
29.65000	 0.00000	 4.83747
29.70000	 0.00000	 4.81335
29.75000	 0.00000	 4.78934
29.80000	 0.00000	 4.76545
29.85000	 0.00000	 4.74168
29.90000	 0.00000	 4.71804
29.95000	 0.00000	 4.69450
30.00000	 0.00000	 4.67109
30.05000	 0.00000	 4.64779
30.10000	 0.00000	 4.62461
30.15000	 0.00000	 4.60155
30.20000	 0.00000	 4.57860
30.25000	 0.00000	 4.55576
30.30000	 0.00000	 4.53304
30.35000	 0.00000	 4.51043
30.40000	 0.00000	 4.48793
30.45000	 0.00000	 4.46555
30.50000	 0.00000	 4.44328
30.55000	 0.00000	 4.42112
30.60000	 0.00000	 4.39907
30.65000	 0.00000	 4.37713
30.70000	 0.00000	 4.35530
30.75000	 0.00000	 4.33357
30.80000	 0.00000	 4.31196
30.85000	 0.00000	 4.29045
30.90000	 0.00000	 4.26905
30.95000	 0.00000	 4.24776
31.00000	 0.00000	 4.22658
31.05000	 0.00000	 4.20550
31.10000	 0.00000	 4.18452
31.15000	 0.00000	 4.16365
31.20000	 0.00000	 4.14289
31.25000	 0.00000	 4.12222
31.30000	 0.00000	 4.10166
31.35000	 0.00000	 4.08121
31.40000	 0.00000	 4.06085
31.45000	 0.00000	 4.04060
31.50000	 0.00000	 4.02044
31.55000	 0.00000	 4.00039
31.60000	 0.00000	 3.98044
31.65000	 0.00000	 3.96059
31.70000	 0.00000	 3.94083
31.75000	 0.00000	 3.92118
31.80000	 0.00000	 3.90162
31.85000	 0.00000	 3.88216
31.90000	 0.00000	 3.86280
31.95000	 0.00000	 3.84353
32.00000	 0.00000	 3.82437
32.05000	 0.00000	 3.80529
32.10000	 0.00000	 3.78631
32.15000	 0.00000	 3.76743
32.20000	 0.00000	 3.74864
32.25000	 0.00000	 3.72994
32.30000	 0.00000	 3.71134
32.35000	 0.00000	 3.69283
32.40000	 0.00000	 3.67441
32.45000	 0.00000	 3.65608
32.50000	 0.00000	 3.63785
32.55000	 0.00000	 3.61970
32.60000	 0.00000	 3.60165
32.65000	 0.00000	 3.58369
32.70000	 0.00000	 3.56581
32.75000	 0.00000	 3.54803
32.80000	 0.00000	 3.53033
32.85000	 0.00000	 3.51273
32.90000	 0.00000	 3.49521
32.95000	 0.00000	 3.47777
33.00000	 0.00000	 3.46043
33.05000	 0.00000	 3.44317
33.10000	 0.00000	 3.42600
33.15000	 0.00000	 3.40891
33.20000	 0.00000	 3.39191
33.25000	 0.00000	 3.37499
33.30000	 0.00000	 3.35816
33.35000	 0.00000	 3.34141
33.40000	 0.00000	 3.32474
33.45000	 0.00000	 3.30816
33.50000	 0.00000	 3.29166
33.55000	 0.00000	 3.27524
33.60000	 0.00000	 3.25891
33.65000	 0.00000	 3.24266
33.70000	 0.00000	 3.22648
33.75000	 0.00000	 3.21039
33.80000	 0.00000	 3.19438
33.85000	 0.00000	 3.17845
33.90000	 0.00000	 3.16259
33.95000	 0.00000	 3.14682
34.00000	 0.00000	 3.13113
34.05000	 0.00000	 3.11551
34.10000	 0.00000	 3.09997
34.15000	 0.00000	 3.08451
34.20000	 0.00000	 3.06912
34.25000	 0.00000	 3.05382
34.30000	 0.00000	 3.03859
34.35000	 0.00000	 3.02343
34.40000	 0.00000	 3.00835
34.45000	 0.00000	 2.99335
34.50000	 0.00000	 2.97842
34.55000	 0.00000	 2.96356
34.60000	 0.00000	 2.94878
34.65000	 0.00000	 2.93408
34.70000	 0.00000	 2.91944
34.75000	 0.00000	 2.90488
34.80000	 0.00000	 2.89039
34.85000	 0.00000	 2.87598
34.90000	 0.00000	 2.86163
34.95000	 0.00000	 2.84736
35.00000	 0.00000	 2.83316
35.05000	 0.00000	 2.81903
35.10000	 0.00000	 2.80497
35.15000	 0.00000	 2.79098
35.20000	 0.00000	 2.77706
35.25000	 0.00000	 2.76321
35.30000	 0.00000	 2.74943
35.35000	 0.00000	 2.73571
35.40000	 0.00000	 2.72207
35.45000	 0.00000	 2.70849
35.50000	 0.00000	 2.69498
35.55000	 0.00000	 2.68154
35.60000	 0.00000	 2.66817
35.65000	 0.00000	 2.65486
35.70000	 0.00000	 2.64162
35.75000	 0.00000	 2.62845
35.80000	 0.00000	 2.61534
35.85000	 0.00000	 2.60229
35.90000	 0.00000	 2.58931
35.95000	 0.00000	 2.57640
36.00000	 0.00000	 2.56355
36.05000	 0.00000	 2.55076
36.10000	 0.00000	 2.53804
36.15000	 0.00000	 2.52538
36.20000	 0.00000	 2.51279
36.25000	 0.00000	 2.50025
36.30000	 0.00000	 2.48778
36.35000	 0.00000	 2.47538
36.40000	 0.00000	 2.46303
36.45000	 0.00000	 2.45075
36.50000	 0.00000	 2.43852
36.55000	 0.00000	 2.42636
36.60000	 0.00000	 2.41426
36.65000	 0.00000	 2.40222
36.70000	 0.00000	 2.39024
36.75000	 0.00000	 2.37832
36.80000	 0.00000	 2.36645
36.85000	 0.00000	 2.35465
36.90000	 0.00000	 2.34291
36.95000	 0.00000	 2.33122
37.00000	 0.00000	 2.31959
37.05000	 0.00000	 2.30803
37.10000	 0.00000	 2.29651
37.15000	 0.00000	 2.28506
37.20000	 0.00000	 2.27366
37.25000	 0.00000	 2.26232
37.30000	 0.00000	 2.25104
37.35000	 0.00000	 2.23981
37.40000	 0.00000	 2.22864
37.45000	 0.00000	 2.21753
37.50000	 0.00000	 2.20647
37.55000	 0.00000	 2.19546
37.60000	 0.00000	 2.18451
37.65000	 0.00000	 2.17362
37.70000	 0.00000	 2.16278
37.75000	 0.00000	 2.15199
37.80000	 0.00000	 2.14126
37.85000	 0.00000	 2.13058
37.90000	 0.00000	 2.11995
37.95000	 0.00000	 2.10938
38.00000	 0.00000	 2.09886
38.05000	 0.00000	 2.08839
38.10000	 0.00000	 2.07797
38.15000	 0.00000	 2.06761
38.20000	 0.00000	 2.05730
38.25000	 0.00000	 2.04704
38.30000	 0.00000	 2.03683
38.35000	 0.00000	 2.02667
38.40000	 0.00000	 2.01656
38.45000	 0.00000	 2.00650
38.50000	 0.00000	 1.99649
38.55000	 0.00000	 1.98654
38.60000	 0.00000	 1.97663
38.65000	 0.00000	 1.96677
38.70000	 0.00000	 1.95696
38.75000	 0.00000	 1.94720
38.80000	 0.00000	 1.93749
38.85000	 0.00000	 1.92783
38.90000	 0.00000	 1.91821
38.95000	 0.00000	 1.90864
39.00000	 0.00000	 1.89912
39.05000	 0.00000	 1.88965
39.10000	 0.00000	 1.88023
39.15000	 0.00000	 1.87085
39.20000	 0.00000	 1.86152
39.25000	 0.00000	 1.85223
39.30000	 0.00000	 1.84300
39.35000	 0.00000	 1.83380
39.40000	 0.00000	 1.82466
39.45000	 0.00000	 1.81556
39.50000	 0.00000	 1.80650
39.55000	 0.00000	 1.79749
39.60000	 0.00000	 1.78853
39.65000	 0.00000	 1.77961
39.70000	 0.00000	 1.77073
39.75000	 0.00000	 1.76190
39.80000	 0.00000	 1.75311
39.85000	 0.00000	 1.74437
39.90000	 0.00000	 1.73567
39.95000	 0.00000	 1.72701
40.00000	 0.00000	 1.71840
40.05000	 0.00000	 1.70983
40.10000	 0.00000	 1.70130
40.15000	 0.00000	 1.69281
40.20000	 0.00000	 1.68437
40.25000	 0.00000	 1.67597
40.30000	 0.00000	 1.66761
40.35000	 0.00000	 1.65929
40.40000	 0.00000	 1.65102
40.45000	 0.00000	 1.64278
40.50000	 0.00000	 1.63459
40.55000	 0.00000	 1.62644
40.60000	 0.00000	 1.61833
40.65000	 0.00000	 1.61025
40.70000	 0.00000	 1.60222
40.75000	 0.00000	 1.59423
40.80000	 0.00000	 1.58628
40.85000	 0.00000	 1.57837
40.90000	 0.00000	 1.57050
40.95000	 0.00000	 1.56266
41.00000	 0.00000	 1.55487
41.05000	 0.00000	 1.54712
41.10000	 0.00000	 1.53940
41.15000	 0.00000	 1.53172
41.20000	 0.00000	 1.52408
41.25000	 0.00000	 1.51648
41.30000	 0.00000	 1.50892
41.35000	 0.00000	 1.50139
41.40000	 0.00000	 1.49390
41.45000	 0.00000	 1.48645
41.50000	 0.00000	 1.47904
41.55000	 0.00000	 1.47166
41.60000	 0.00000	 1.46432
41.65000	 0.00000	 1.45702
41.70000	 0.00000	 1.44975
41.75000	 0.00000	 1.44252
41.80000	 0.00000	 1.43533
41.85000	 0.00000	 1.42817
41.90000	 0.00000	 1.42104
41.95000	 0.00000	 1.41396
42.00000	 0.00000	 1.40691
42.05000	 0.00000	 1.39989
42.10000	 0.00000	 1.39291
42.15000	 0.00000	 1.38596
42.20000	 0.00000	 1.37905
42.25000	 0.00000	 1.37217
42.30000	 0.00000	 1.36532
42.35000	 0.00000	 1.35852
42.40000	 0.00000	 1.35174
42.45000	 0.00000	 1.34500
42.50000	 0.00000	 1.33829
42.55000	 0.00000	 1.33161
42.60000	 0.00000	 1.32497
42.65000	 0.00000	 1.31837
42.70000	 0.00000	 1.31179
42.75000	 0.00000	 1.30525
42.80000	 0.00000	 1.29874
42.85000	 0.00000	 1.29226
42.90000	 0.00000	 1.28581
42.95000	 0.00000	 1.27940
43.00000	 0.00000	 1.27302
43.05000	 0.00000	 1.26667
43.10000	 0.00000	 1.26035
43.15000	 0.00000	 1.25407
43.20000	 0.00000	 1.24781
43.25000	 0.00000	 1.24159
43.30000	 0.00000	 1.23540
43.35000	 0.00000	 1.22924
43.40000	 0.00000	 1.22310
43.45000	 0.00000	 1.21700
43.50000	 0.00000	 1.21093
43.55000	 0.00000	 1.20490
43.60000	 0.00000	 1.19889
43.65000	 0.00000	 1.19291
43.70000	 0.00000	 1.18696
43.75000	 0.00000	 1.18104
43.80000	 0.00000	 1.17515
43.85000	 0.00000	 1.16928
43.90000	 0.00000	 1.16345
43.95000	 0.00000	 1.15765
44.00000	 0.00000	 1.15188
44.05000	 0.00000	 1.14613
44.10000	 0.00000	 1.14042
44.15000	 0.00000	 1.13473
44.20000	 0.00000	 1.12907
44.25000	 0.00000	 1.12344
44.30000	 0.00000	 1.11783
44.35000	 0.00000	 1.11226
44.40000	 0.00000	 1.10671
44.45000	 0.00000	 1.10119
44.50000	 0.00000	 1.09570
44.55000	 0.00000	 1.09023
44.60000	 0.00000	 1.08480
44.65000	 0.00000	 1.07939
44.70000	 0.00000	 1.07400
44.75000	 0.00000	 1.06865
44.80000	 0.00000	 1.06332
44.85000	 0.00000	 1.05801
44.90000	 0.00000	 1.05274
44.95000	 0.00000	 1.04749
45.00000	 0.00000	 1.04226
45.05000	 0.00000	 1.03706
45.10000	 0.00000	 1.03189
45.15000	 0.00000	 1.02674
45.20000	 0.00000	 1.02162
45.25000	 0.00000	 1.01653
45.30000	 0.00000	 1.01146
45.35000	 0.00000	 1.00641
45.40000	 0.00000	 1.00139
45.45000	 0.00000	 0.99640
45.50000	 0.00000	 0.99143
45.55000	 0.00000	 0.98648
45.60000	 0.00000	 0.98156
45.65000	 0.00000	 0.97667
45.70000	 0.00000	 0.97180
45.75000	 0.00000	 0.96695
45.80000	 0.00000	 0.96213
45.85000	 0.00000	 0.95733
45.90000	 0.00000	 0.95255
45.95000	 0.00000	 0.94780
46.00000	 0.00000	 0.94308
46.05000	 0.00000	 0.93837
46.10000	 0.00000	 0.93369
46.15000	 0.00000	 0.92904
46.20000	 0.00000	 0.92440
46.25000	 0.00000	 0.91979
46.30000	 0.00000	 0.91520
46.35000	 0.00000	 0.91064
46.40000	 0.00000	 0.90610
46.45000	 0.00000	 0.90158
46.50000	 0.00000	 0.89708
46.55000	 0.00000	 0.89261
46.60000	 0.00000	 0.88816
46.65000	 0.00000	 0.88373
46.70000	 0.00000	 0.87932
46.75000	 0.00000	 0.87493
46.80000	 0.00000	 0.87057
46.85000	 0.00000	 0.86623
46.90000	 0.00000	 0.86191
46.95000	 0.00000	 0.85761
47.00000	 0.00000	 0.85333
47.05000	 0.00000	 0.84908
47.10000	 0.00000	 0.84484
47.15000	 0.00000	 0.84063
47.20000	 0.00000	 0.83643
47.25000	 0.00000	 0.83226
47.30000	 0.00000	 0.82811
47.35000	 0.00000	 0.82398
47.40000	 0.00000	 0.81987
47.45000	 0.00000	 0.81578
47.50000	 0.00000	 0.81171
47.55000	 0.00000	 0.80767
47.60000	 0.00000	 0.80364
47.65000	 0.00000	 0.79963
47.70000	 0.00000	 0.79564
47.75000	 0.00000	 0.79167
47.80000	 0.00000	 0.78772
47.85000	 0.00000	 0.78380
47.90000	 0.00000	 0.77989
47.95000	 0.00000	 0.77600
48.00000	 0.00000	 0.77213
48.05000	 0.00000	 0.76827
48.10000	 0.00000	 0.76444
48.15000	 0.00000	 0.76063
48.20000	 0.00000	 0.75684
48.25000	 0.00000	 0.75306
48.30000	 0.00000	 0.74931
48.35000	 0.00000	 0.74557
48.40000	 0.00000	 0.74185
48.45000	 0.00000	 0.73815
48.50000	 0.00000	 0.73447
48.55000	 0.00000	 0.73081
48.60000	 0.00000	 0.72716
48.65000	 0.00000	 0.72353
48.70000	 0.00000	 0.71993
48.75000	 0.00000	 0.71633
48.80000	 0.00000	 0.71276
48.85000	 0.00000	 0.70921
48.90000	 0.00000	 0.70567
48.95000	 0.00000	 0.70215
49.00000	 0.00000	 0.69865
49.05000	 0.00000	 0.69516
49.10000	 0.00000	 0.69170
49.15000	 0.00000	 0.68825
49.20000	 0.00000	 0.68481
49.25000	 0.00000	 0.68140
49.30000	 0.00000	 0.67800
49.35000	 0.00000	 0.67462
49.40000	 0.00000	 0.67125
49.45000	 0.00000	 0.66791
49.50000	 0.00000	 0.66457
49.55000	 0.00000	 0.66126
49.60000	 0.00000	 0.65796
49.65000	 0.00000	 0.65468
49.70000	 0.00000	 0.65142
49.75000	 0.00000	 0.64817
49.80000	 0.00000	 0.64493
49.85000	 0.00000	 0.64172
49.90000	 0.00000	 0.63852
49.95000	 0.00000	 0.63533
50.00000	 0.00000	 0.63216
50.05000	 0.00000	 0.62901
50.10000	 0.00000	 0.62587
50.15000	 0.00000	 0.62275
50.20000	 0.00000	 0.61965
50.25000	 0.00000	 0.61656
50.30000	 0.00000	 0.61348
50.35000	 0.00000	 0.61042
50.40000	 0.00000	 0.60738
50.45000	 0.00000	 0.60435
50.50000	 0.00000	 0.60133
50.55000	 0.00000	 0.59833
50.60000	 0.00000	 0.59535
50.65000	 0.00000	 0.59238
50.70000	 0.00000	 0.58943
50.75000	 0.00000	 0.58649
50.80000	 0.00000	 0.58356
50.85000	 0.00000	 0.58065
50.90000	 0.00000	 0.57775
50.95000	 0.00000	 0.57487
51.00000	 0.00000	 0.57200
51.05000	 0.00000	 0.56915
51.10000	 0.00000	 0.56631
51.15000	 0.00000	 0.56349
51.20000	 0.00000	 0.56068
51.25000	 0.00000	 0.55788
51.30000	 0.00000	 0.55510
51.35000	 0.00000	 0.55233
51.40000	 0.00000	 0.54958
51.45000	 0.00000	 0.54684
51.50000	 0.00000	 0.54411
51.55000	 0.00000	 0.54139
51.60000	 0.00000	 0.53869
51.65000	 0.00000	 0.53601
51.70000	 0.00000	 0.53333
51.75000	 0.00000	 0.53067
51.80000	 0.00000	 0.52803
51.85000	 0.00000	 0.52539
51.90000	 0.00000	 0.52277
51.95000	 0.00000	 0.52017
52.00000	 0.00000	 0.51757
52.05000	 0.00000	 0.51499
52.10000	 0.00000	 0.51242
52.15000	 0.00000	 0.50987
52.20000	 0.00000	 0.50732
52.25000	 0.00000	 0.50479
52.30000	 0.00000	 0.50227
52.35000	 0.00000	 0.49977
52.40000	 0.00000	 0.49728
52.45000	 0.00000	 0.49480
52.50000	 0.00000	 0.49233
52.55000	 0.00000	 0.48987
52.60000	 0.00000	 0.48743
52.65000	 0.00000	 0.48500
52.70000	 0.00000	 0.48258
52.75000	 0.00000	 0.48017
52.80000	 0.00000	 0.47778
52.85000	 0.00000	 0.47540
52.90000	 0.00000	 0.47302
52.95000	 0.00000	 0.47067
53.00000	 0.00000	 0.46832
53.05000	 0.00000	 0.46598
53.10000	 0.00000	 0.46366
53.15000	 0.00000	 0.46135
53.20000	 0.00000	 0.45904
53.25000	 0.00000	 0.45676
53.30000	 0.00000	 0.45448
53.35000	 0.00000	 0.45221
53.40000	 0.00000	 0.44996
53.45000	 0.00000	 0.44771
53.50000	 0.00000	 0.44548
53.55000	 0.00000	 0.44326
53.60000	 0.00000	 0.44105
53.65000	 0.00000	 0.43885
53.70000	 0.00000	 0.43666
53.75000	 0.00000	 0.43448
53.80000	 0.00000	 0.43231
53.85000	 0.00000	 0.43016
53.90000	 0.00000	 0.42801
53.95000	 0.00000	 0.42588
54.00000	 0.00000	 0.42375
54.05000	 0.00000	 0.42164
54.10000	 0.00000	 0.41954
54.15000	 0.00000	 0.41744
54.20000	 0.00000	 0.41536
54.25000	 0.00000	 0.41329
54.30000	 0.00000	 0.41123
54.35000	 0.00000	 0.40918
54.40000	 0.00000	 0.40714
54.45000	 0.00000	 0.40511
54.50000	 0.00000	 0.40309
54.55000	 0.00000	 0.40107
54.60000	 0.00000	 0.39907
54.65000	 0.00000	 0.39708
54.70000	 0.00000	 0.39510
54.75000	 0.00000	 0.39313
54.80000	 0.00000	 0.39117
54.85000	 0.00000	 0.38922
54.90000	 0.00000	 0.38728
54.95000	 0.00000	 0.38535
55.00000	 0.00000	 0.38343
55.05000	 0.00000	 0.38151
55.10000	 0.00000	 0.37961
55.15000	 0.00000	 0.37772
55.20000	 0.00000	 0.37583
55.25000	 0.00000	 0.37396
55.30000	 0.00000	 0.37209
55.35000	 0.00000	 0.37024
55.40000	 0.00000	 0.36839
55.45000	 0.00000	 0.36655
55.50000	 0.00000	 0.36473
55.55000	 0.00000	 0.36291
55.60000	 0.00000	 0.36110
55.65000	 0.00000	 0.35930
55.70000	 0.00000	 0.35750
55.75000	 0.00000	 0.35572
55.80000	 0.00000	 0.35395
55.85000	 0.00000	 0.35218
55.90000	 0.00000	 0.35043
55.95000	 0.00000	 0.34868
56.00000	 0.00000	 0.34694
56.05000	 0.00000	 0.34521
56.10000	 0.00000	 0.34349
56.15000	 0.00000	 0.34177
56.20000	 0.00000	 0.34007
56.25000	 0.00000	 0.33837
56.30000	 0.00000	 0.33668
56.35000	 0.00000	 0.33501
56.40000	 0.00000	 0.33333
56.45000	 0.00000	 0.33167
56.50000	 0.00000	 0.33002
56.55000	 0.00000	 0.32837
56.60000	 0.00000	 0.32673
56.65000	 0.00000	 0.32510
56.70000	 0.00000	 0.32348
56.75000	 0.00000	 0.32187
56.80000	 0.00000	 0.32026
56.85000	 0.00000	 0.31867
56.90000	 0.00000	 0.31708
56.95000	 0.00000	 0.31550
57.00000	 0.00000	 0.31392
57.05000	 0.00000	 0.31236
57.10000	 0.00000	 0.31080
57.15000	 0.00000	 0.30925
57.20000	 0.00000	 0.30771
57.25000	 0.00000	 0.30617
57.30000	 0.00000	 0.30465
57.35000	 0.00000	 0.30313
57.40000	 0.00000	 0.30161
57.45000	 0.00000	 0.30011
57.50000	 0.00000	 0.29861
57.55000	 0.00000	 0.29712
57.60000	 0.00000	 0.29564
57.65000	 0.00000	 0.29417
57.70000	 0.00000	 0.29270
57.75000	 0.00000	 0.29124
57.80000	 0.00000	 0.28979
57.85000	 0.00000	 0.28834
57.90000	 0.00000	 0.28690
57.95000	 0.00000	 0.28547
58.00000	 0.00000	 0.28405
58.05000	 0.00000	 0.28263
58.10000	 0.00000	 0.28122
58.15000	 0.00000	 0.27982
58.20000	 0.00000	 0.27842
58.25000	 0.00000	 0.27704
58.30000	 0.00000	 0.27565
58.35000	 0.00000	 0.27428
58.40000	 0.00000	 0.27291
58.45000	 0.00000	 0.27155
58.50000	 0.00000	 0.27020
58.55000	 0.00000	 0.26885
58.60000	 0.00000	 0.26751
58.65000	 0.00000	 0.26617
58.70000	 0.00000	 0.26485
58.75000	 0.00000	 0.26352
58.80000	 0.00000	 0.26221
58.85000	 0.00000	 0.26090
58.90000	 0.00000	 0.25960
58.95000	 0.00000	 0.25831
59.00000	 0.00000	 0.25702
59.05000	 0.00000	 0.25574
59.10000	 0.00000	 0.25446
59.15000	 0.00000	 0.25319
59.20000	 0.00000	 0.25193
59.25000	 0.00000	 0.25067
59.30000	 0.00000	 0.24942
59.35000	 0.00000	 0.24818
59.40000	 0.00000	 0.24694
59.45000	 0.00000	 0.24571
59.50000	 0.00000	 0.24448
59.55000	 0.00000	 0.24326
59.60000	 0.00000	 0.24205
59.65000	 0.00000	 0.24084
59.70000	 0.00000	 0.23964
59.75000	 0.00000	 0.23845
59.80000	 0.00000	 0.23726
59.85000	 0.00000	 0.23607
59.90000	 0.00000	 0.23490
59.95000	 0.00000	 0.23373
60.00000	 0.00000	 0.23256
60.05000	 0.00000	 0.23140
60.10000	 0.00000	 0.23025
60.15000	 0.00000	 0.22910
60.20000	 0.00000	 0.22795
60.25000	 0.00000	 0.22682
60.30000	 0.00000	 0.22569
60.35000	 0.00000	 0.22456
60.40000	 0.00000	 0.22344
60.45000	 0.00000	 0.22233
60.50000	 0.00000	 0.22122
60.55000	 0.00000	 0.22011
60.60000	 0.00000	 0.21902
60.65000	 0.00000	 0.21792
60.70000	 0.00000	 0.21684
60.75000	 0.00000	 0.21576
60.80000	 0.00000	 0.21468
60.85000	 0.00000	 0.21361
60.90000	 0.00000	 0.21254
60.95000	 0.00000	 0.21148
61.00000	 0.00000	 0.21043
61.05000	 0.00000	 0.20938
61.10000	 0.00000	 0.20834
61.15000	 0.00000	 0.20730
61.20000	 0.00000	 0.20626
61.25000	 0.00000	 0.20523
61.30000	 0.00000	 0.20421
61.35000	 0.00000	 0.20319
61.40000	 0.00000	 0.20218
61.45000	 0.00000	 0.20117
61.50000	 0.00000	 0.20017
61.55000	 0.00000	 0.19917
61.60000	 0.00000	 0.19817
61.65000	 0.00000	 0.19719
61.70000	 0.00000	 0.19620
61.75000	 0.00000	 0.19522
61.80000	 0.00000	 0.19425
61.85000	 0.00000	 0.19328
61.90000	 0.00000	 0.19232
61.95000	 0.00000	 0.19136
62.00000	 0.00000	 0.19040
62.05000	 0.00000	 0.18945
62.10000	 0.00000	 0.18851
62.15000	 0.00000	 0.18757
62.20000	 0.00000	 0.18663
62.25000	 0.00000	 0.18570
62.30000	 0.00000	 0.18478
62.35000	 0.00000	 0.18386
62.40000	 0.00000	 0.18294
62.45000	 0.00000	 0.18203
62.50000	 0.00000	 0.18112
62.55000	 0.00000	 0.18021
62.60000	 0.00000	 0.17932
62.65000	 0.00000	 0.17842
62.70000	 0.00000	 0.17753
62.75000	 0.00000	 0.17665
62.80000	 0.00000	 0.17576
62.85000	 0.00000	 0.17489
62.90000	 0.00000	 0.17402
62.95000	 0.00000	 0.17315
63.00000	 0.00000	 0.17228
63.05000	 0.00000	 0.17143
63.10000	 0.00000	 0.17057
63.15000	 0.00000	 0.16972
63.20000	 0.00000	 0.16887
63.25000	 0.00000	 0.16803
63.30000	 0.00000	 0.16719
63.35000	 0.00000	 0.16636
63.40000	 0.00000	 0.16553
63.45000	 0.00000	 0.16470
63.50000	 0.00000	 0.16388
63.55000	 0.00000	 0.16306
63.60000	 0.00000	 0.16225
63.65000	 0.00000	 0.16144
63.70000	 0.00000	 0.16064
63.75000	 0.00000	 0.15984
63.80000	 0.00000	 0.15904
63.85000	 0.00000	 0.15825
63.90000	 0.00000	 0.15746
63.95000	 0.00000	 0.15667
64.00000	 0.00000	 0.15589
64.05000	 0.00000	 0.15511
64.10000	 0.00000	 0.15434
64.15000	 0.00000	 0.15357
64.20000	 0.00000	 0.15280
64.25000	 0.00000	 0.15204
64.30000	 0.00000	 0.15128
64.35000	 0.00000	 0.15053
64.40000	 0.00000	 0.14978
64.45000	 0.00000	 0.14903
64.50000	 0.00000	 0.14829
64.55000	 0.00000	 0.14755
64.60000	 0.00000	 0.14681
64.65000	 0.00000	 0.14608
64.70000	 0.00000	 0.14535
64.75000	 0.00000	 0.14463
64.80000	 0.00000	 0.14390
64.85000	 0.00000	 0.14319
64.90000	 0.00000	 0.14247
64.95000	 0.00000	 0.14176
65.00000	 0.00000	 0.14105
65.05000	 0.00000	 0.14035
65.10000	 0.00000	 0.13965
65.15000	 0.00000	 0.13895
65.20000	 0.00000	 0.13826
65.25000	 0.00000	 0.13757
65.30000	 0.00000	 0.13689
65.35000	 0.00000	 0.13620
65.40000	 0.00000	 0.13552
65.45000	 0.00000	 0.13485
65.50000	 0.00000	 0.13418
65.55000	 0.00000	 0.13351
65.60000	 0.00000	 0.13284
65.65000	 0.00000	 0.13218
65.70000	 0.00000	 0.13152
65.75000	 0.00000	 0.13086
65.80000	 0.00000	 0.13021
65.85000	 0.00000	 0.12956
65.90000	 0.00000	 0.12891
65.95000	 0.00000	 0.12827
66.00000	 0.00000	 0.12763
66.05000	 0.00000	 0.12700
66.10000	 0.00000	 0.12636
66.15000	 0.00000	 0.12573
66.20000	 0.00000	 0.12510
66.25000	 0.00000	 0.12448
66.30000	 0.00000	 0.12386
66.35000	 0.00000	 0.12324
66.40000	 0.00000	 0.12263
66.45000	 0.00000	 0.12202
66.50000	 0.00000	 0.12141
66.55000	 0.00000	 0.12080
66.60000	 0.00000	 0.12020
66.65000	 0.00000	 0.11960
66.70000	 0.00000	 0.11900
66.75000	 0.00000	 0.11841
66.80000	 0.00000	 0.11782
66.85000	 0.00000	 0.11723
66.90000	 0.00000	 0.11665
66.95000	 0.00000	 0.11606
67.00000	 0.00000	 0.11549
67.05000	 0.00000	 0.11491
67.10000	 0.00000	 0.11434
67.15000	 0.00000	 0.11377
67.20000	 0.00000	 0.11320
67.25000	 0.00000	 0.11263
67.30000	 0.00000	 0.11207
67.35000	 0.00000	 0.11151
67.40000	 0.00000	 0.11096
67.45000	 0.00000	 0.11040
67.50000	 0.00000	 0.10985
67.55000	 0.00000	 0.10931
67.60000	 0.00000	 0.10876
67.65000	 0.00000	 0.10822
67.70000	 0.00000	 0.10768
67.75000	 0.00000	 0.10714
67.80000	 0.00000	 0.10661
67.85000	 0.00000	 0.10608
67.90000	 0.00000	 0.10555
67.95000	 0.00000	 0.10502
68.00000	 0.00000	 0.10450
68.05000	 0.00000	 0.10397
68.10000	 0.00000	 0.10346
68.15000	 0.00000	 0.10294
68.20000	 0.00000	 0.10243
68.25000	 0.00000	 0.10192
68.30000	 0.00000	 0.10141
68.35000	 0.00000	 0.10090
68.40000	 0.00000	 0.10040
68.45000	 0.00000	 0.09990
68.50000	 0.00000	 0.09940
68.55000	 0.00000	 0.09890
68.60000	 0.00000	 0.09841
68.65000	 0.00000	 0.09792
68.70000	 0.00000	 0.09743
68.75000	 0.00000	 0.09695
68.80000	 0.00000	 0.09646
68.85000	 0.00000	 0.09598
68.90000	 0.00000	 0.09550
68.95000	 0.00000	 0.09503
69.00000	 0.00000	 0.09455
69.05000	 0.00000	 0.09408
69.10000	 0.00000	 0.09361
69.15000	 0.00000	 0.09314
69.20000	 0.00000	 0.09268
69.25000	 0.00000	 0.09222
69.30000	 0.00000	 0.09176
69.35000	 0.00000	 0.09130
69.40000	 0.00000	 0.09084
69.45000	 0.00000	 0.09039
69.50000	 0.00000	 0.08994
69.55000	 0.00000	 0.08949
69.60000	 0.00000	 0.08905
69.65000	 0.00000	 0.08860
69.70000	 0.00000	 0.08816
69.75000	 0.00000	 0.08772
69.80000	 0.00000	 0.08728
69.85000	 0.00000	 0.08685
69.90000	 0.00000	 0.08641
69.95000	 0.00000	 0.08598
70.00000	 0.00000	 0.08555
70.05000	 0.00000	 0.08513
70.10000	 0.00000	 0.08470
70.15000	 0.00000	 0.08428
70.20000	 0.00000	 0.08386
70.25000	 0.00000	 0.08344
70.30000	 0.00000	 0.08303
70.35000	 0.00000	 0.08261
70.40000	 0.00000	 0.08220
70.45000	 0.00000	 0.08179
70.50000	 0.00000	 0.08138
70.55000	 0.00000	 0.08098
70.60000	 0.00000	 0.08057
70.65000	 0.00000	 0.08017
70.70000	 0.00000	 0.07977
70.75000	 0.00000	 0.07937
70.80000	 0.00000	 0.07898
70.85000	 0.00000	 0.07858
70.90000	 0.00000	 0.07819
70.95000	 0.00000	 0.07780
71.00000	 0.00000	 0.07741
71.05000	 0.00000	 0.07703
71.10000	 0.00000	 0.07664
71.15000	 0.00000	 0.07626
71.20000	 0.00000	 0.07588
71.25000	 0.00000	 0.07550
71.30000	 0.00000	 0.07512
71.35000	 0.00000	 0.07475
71.40000	 0.00000	 0.07438
71.45000	 0.00000	 0.07401
71.50000	 0.00000	 0.07364
71.55000	 0.00000	 0.07327
71.60000	 0.00000	 0.07290
71.65000	 0.00000	 0.07254
71.70000	 0.00000	 0.07218
71.75000	 0.00000	 0.07182
71.80000	 0.00000	 0.07146
71.85000	 0.00000	 0.07110
71.90000	 0.00000	 0.07075
71.95000	 0.00000	 0.07040
72.00000	 0.00000	 0.07005
72.05000	 0.00000	 0.06970
72.10000	 0.00000	 0.06935
72.15000	 0.00000	 0.06900
72.20000	 0.00000	 0.06866
72.25000	 0.00000	 0.06832
72.30000	 0.00000	 0.06798
72.35000	 0.00000	 0.06764
72.40000	 0.00000	 0.06730
72.45000	 0.00000	 0.06696
72.50000	 0.00000	 0.06663
72.55000	 0.00000	 0.06630
72.60000	 0.00000	 0.06597
72.65000	 0.00000	 0.06564
72.70000	 0.00000	 0.06531
72.75000	 0.00000	 0.06498
72.80000	 0.00000	 0.06466
72.85000	 0.00000	 0.06434
72.90000	 0.00000	 0.06402
72.95000	 0.00000	 0.06370
73.00000	 0.00000	 0.06338
73.05000	 0.00000	 0.06306
73.10000	 0.00000	 0.06275
73.15000	 0.00000	 0.06244
73.20000	 0.00000	 0.06212
73.25000	 0.00000	 0.06182
73.30000	 0.00000	 0.06151
73.35000	 0.00000	 0.06120
73.40000	 0.00000	 0.06089
73.45000	 0.00000	 0.06059
73.50000	 0.00000	 0.06029
73.55000	 0.00000	 0.05999
73.60000	 0.00000	 0.05969
73.65000	 0.00000	 0.05939
73.70000	 0.00000	 0.05910
73.75000	 0.00000	 0.05880
73.80000	 0.00000	 0.05851
73.85000	 0.00000	 0.05822
73.90000	 0.00000	 0.05792
73.95000	 0.00000	 0.05764
74.00000	 0.00000	 0.05735
74.05000	 0.00000	 0.05706
74.10000	 0.00000	 0.05678
74.15000	 0.00000	 0.05649
74.20000	 0.00000	 0.05621
74.25000	 0.00000	 0.05593
74.30000	 0.00000	 0.05565
74.35000	 0.00000	 0.05538
74.40000	 0.00000	 0.05510
74.45000	 0.00000	 0.05483
74.50000	 0.00000	 0.05455
74.55000	 0.00000	 0.05428
74.60000	 0.00000	 0.05401
74.65000	 0.00000	 0.05374
74.70000	 0.00000	 0.05347
74.75000	 0.00000	 0.05320
74.80000	 0.00000	 0.05294
74.85000	 0.00000	 0.05268
74.90000	 0.00000	 0.05241
74.95000	 0.00000	 0.05215
75.00000	 0.00000	 0.05189
75.05000	 0.00000	 0.05163
75.10000	 0.00000	 0.05137
75.15000	 0.00000	 0.05112
75.20000	 0.00000	 0.05086
75.25000	 0.00000	 0.05061
75.30000	 0.00000	 0.05036
75.35000	 0.00000	 0.05011
75.40000	 0.00000	 0.04986
75.45000	 0.00000	 0.04961
75.50000	 0.00000	 0.04936
75.55000	 0.00000	 0.04911
75.60000	 0.00000	 0.04887
75.65000	 0.00000	 0.04863
75.70000	 0.00000	 0.04838
75.75000	 0.00000	 0.04814
75.80000	 0.00000	 0.04790
75.85000	 0.00000	 0.04766
75.90000	 0.00000	 0.04742
75.95000	 0.00000	 0.04719
76.00000	 0.00000	 0.04695
76.05000	 0.00000	 0.04672
76.10000	 0.00000	 0.04649
76.15000	 0.00000	 0.04625
76.20000	 0.00000	 0.04602
76.25000	 0.00000	 0.04579
76.30000	 0.00000	 0.04557
76.35000	 0.00000	 0.04534
76.40000	 0.00000	 0.04511
76.45000	 0.00000	 0.04489
76.50000	 0.00000	 0.04466
76.55000	 0.00000	 0.04444
76.60000	 0.00000	 0.04422
76.65000	 0.00000	 0.04400
76.70000	 0.00000	 0.04378
76.75000	 0.00000	 0.04356
76.80000	 0.00000	 0.04334
76.85000	 0.00000	 0.04313
76.90000	 0.00000	 0.04291
76.95000	 0.00000	 0.04270
77.00000	 0.00000	 0.04248
77.05000	 0.00000	 0.04227
77.10000	 0.00000	 0.04206
77.15000	 0.00000	 0.04185
77.20000	 0.00000	 0.04164
77.25000	 0.00000	 0.04144
77.30000	 0.00000	 0.04123
77.35000	 0.00000	 0.04102
77.40000	 0.00000	 0.04082
77.45000	 0.00000	 0.04062
77.50000	 0.00000	 0.04041
77.55000	 0.00000	 0.04021
77.60000	 0.00000	 0.04001
77.65000	 0.00000	 0.03981
77.70000	 0.00000	 0.03961
77.75000	 0.00000	 0.03942
77.80000	 0.00000	 0.03922
77.85000	 0.00000	 0.03902
77.90000	 0.00000	 0.03883
77.95000	 0.00000	 0.03863
78.00000	 0.00000	 0.03844
78.05000	 0.00000	 0.03825
78.10000	 0.00000	 0.03806
78.15000	 0.00000	 0.03787
78.20000	 0.00000	 0.03768
78.25000	 0.00000	 0.03749
78.30000	 0.00000	 0.03731
78.35000	 0.00000	 0.03712
78.40000	 0.00000	 0.03693
78.45000	 0.00000	 0.03675
78.50000	 0.00000	 0.03657
78.55000	 0.00000	 0.03638
78.60000	 0.00000	 0.03620
78.65000	 0.00000	 0.03602
78.70000	 0.00000	 0.03584
78.75000	 0.00000	 0.03566
78.80000	 0.00000	 0.03549
78.85000	 0.00000	 0.03531
78.90000	 0.00000	 0.03513
78.95000	 0.00000	 0.03496
79.00000	 0.00000	 0.03478
79.05000	 0.00000	 0.03461
79.10000	 0.00000	 0.03444
79.15000	 0.00000	 0.03427
79.20000	 0.00000	 0.03409
79.25000	 0.00000	 0.03392
79.30000	 0.00000	 0.03376
79.35000	 0.00000	 0.03359
79.40000	 0.00000	 0.03342
79.45000	 0.00000	 0.03325
79.50000	 0.00000	 0.03309
79.55000	 0.00000	 0.03292
79.60000	 0.00000	 0.03276
79.65000	 0.00000	 0.03259
79.70000	 0.00000	 0.03243
79.75000	 0.00000	 0.03227
79.80000	 0.00000	 0.03211
79.85000	 0.00000	 0.03195
79.90000	 0.00000	 0.03179
79.95000	 0.00000	 0.03163
80.00000	 0.00000	 0.03147
80.05000	 0.00000	 0.03132
80.10000	 0.00000	 0.03116
80.15000	 0.00000	 0.03100
80.20000	 0.00000	 0.03085
80.25000	 0.00000	 0.03070
80.30000	 0.00000	 0.03054
80.35000	 0.00000	 0.03039
80.40000	 0.00000	 0.03024
80.45000	 0.00000	 0.03009
80.50000	 0.00000	 0.02994
80.55000	 0.00000	 0.02979
80.60000	 0.00000	 0.02964
80.65000	 0.00000	 0.02949
80.70000	 0.00000	 0.02935
80.75000	 0.00000	 0.02920
80.80000	 0.00000	 0.02905
80.85000	 0.00000	 0.02891
80.90000	 0.00000	 0.02876
80.95000	 0.00000	 0.02862
81.00000	 0.00000	 0.02848
81.05000	 0.00000	 0.02834
81.10000	 0.00000	 0.02820
81.15000	 0.00000	 0.02805
81.20000	 0.00000	 0.02791
81.25000	 0.00000	 0.02778
81.30000	 0.00000	 0.02764
81.35000	 0.00000	 0.02750
81.40000	 0.00000	 0.02736
81.45000	 0.00000	 0.02723
81.50000	 0.00000	 0.02709
81.55000	 0.00000	 0.02695
81.60000	 0.00000	 0.02682
81.65000	 0.00000	 0.02669
81.70000	 0.00000	 0.02655
81.75000	 0.00000	 0.02642
81.80000	 0.00000	 0.02629
81.85000	 0.00000	 0.02616
81.90000	 0.00000	 0.02603
81.95000	 0.00000	 0.02590
82.00000	 0.00000	 0.02577
82.05000	 0.00000	 0.02564
82.10000	 0.00000	 0.02551
82.15000	 0.00000	 0.02538
82.20000	 0.00000	 0.02526
82.25000	 0.00000	 0.02513
82.30000	 0.00000	 0.02501
82.35000	 0.00000	 0.02488
82.40000	 0.00000	 0.02476
82.45000	 0.00000	 0.02463
82.50000	 0.00000	 0.02451
82.55000	 0.00000	 0.02439
82.60000	 0.00000	 0.02427
82.65000	 0.00000	 0.02415
82.70000	 0.00000	 0.02403
82.75000	 0.00000	 0.02391
82.80000	 0.00000	 0.02379
82.85000	 0.00000	 0.02367
82.90000	 0.00000	 0.02355
82.95000	 0.00000	 0.02343
83.00000	 0.00000	 0.02332
83.05000	 0.00000	 0.02320
83.10000	 0.00000	 0.02308
83.15000	 0.00000	 0.02297
83.20000	 0.00000	 0.02285
83.25000	 0.00000	 0.02274
83.30000	 0.00000	 0.02263
83.35000	 0.00000	 0.02251
83.40000	 0.00000	 0.02240
83.45000	 0.00000	 0.02229
83.50000	 0.00000	 0.02218
83.55000	 0.00000	 0.02207
83.60000	 0.00000	 0.02196
83.65000	 0.00000	 0.02185
83.70000	 0.00000	 0.02174
83.75000	 0.00000	 0.02163
83.80000	 0.00000	 0.02152
83.85000	 0.00000	 0.02142
83.90000	 0.00000	 0.02131
83.95000	 0.00000	 0.02120
84.00000	 0.00000	 0.02110
84.05000	 0.00000	 0.02099
84.10000	 0.00000	 0.02089
84.15000	 0.00000	 0.02078
84.20000	 0.00000	 0.02068
84.25000	 0.00000	 0.02058
84.30000	 0.00000	 0.02047
84.35000	 0.00000	 0.02037
84.40000	 0.00000	 0.02027
84.45000	 0.00000	 0.02017
84.50000	 0.00000	 0.02007
84.55000	 0.00000	 0.01997
84.60000	 0.00000	 0.01987
84.65000	 0.00000	 0.01977
84.70000	 0.00000	 0.01967
84.75000	 0.00000	 0.01957
84.80000	 0.00000	 0.01948
84.85000	 0.00000	 0.01938
84.90000	 0.00000	 0.01928
84.95000	 0.00000	 0.01919
85.00000	 0.00000	 0.01909
85.05000	 0.00000	 0.01899
85.10000	 0.00000	 0.01890
85.15000	 0.00000	 0.01881
85.20000	 0.00000	 0.01871
85.25000	 0.00000	 0.01862
85.30000	 0.00000	 0.01853
85.35000	 0.00000	 0.01843
85.40000	 0.00000	 0.01834
85.45000	 0.00000	 0.01825
85.50000	 0.00000	 0.01816
85.55000	 0.00000	 0.01807
85.60000	 0.00000	 0.01798
85.65000	 0.00000	 0.01789
85.70000	 0.00000	 0.01780
85.75000	 0.00000	 0.01771
85.80000	 0.00000	 0.01762
85.85000	 0.00000	 0.01753
85.90000	 0.00000	 0.01745
85.95000	 0.00000	 0.01736
86.00000	 0.00000	 0.01727
86.05000	 0.00000	 0.01719
86.10000	 0.00000	 0.01710
86.15000	 0.00000	 0.01702
86.20000	 0.00000	 0.01693
86.25000	 0.00000	 0.01685
86.30000	 0.00000	 0.01676
86.35000	 0.00000	 0.01668
86.40000	 0.00000	 0.01660
86.45000	 0.00000	 0.01651
86.50000	 0.00000	 0.01643
86.55000	 0.00000	 0.01635
86.60000	 0.00000	 0.01627
86.65000	 0.00000	 0.01619
86.70000	 0.00000	 0.01611
86.75000	 0.00000	 0.01602
86.80000	 0.00000	 0.01595
86.85000	 0.00000	 0.01587
86.90000	 0.00000	 0.01579
86.95000	 0.00000	 0.01571
87.00000	 0.00000	 0.01563
87.05000	 0.00000	 0.01555
87.10000	 0.00000	 0.01547
87.15000	 0.00000	 0.01540
87.20000	 0.00000	 0.01532
87.25000	 0.00000	 0.01524
87.30000	 0.00000	 0.01517
87.35000	 0.00000	 0.01509
87.40000	 0.00000	 0.01502
87.45000	 0.00000	 0.01494
87.50000	 0.00000	 0.01487
87.55000	 0.00000	 0.01479
87.60000	 0.00000	 0.01472
87.65000	 0.00000	 0.01465
87.70000	 0.00000	 0.01457
87.75000	 0.00000	 0.01450
87.80000	 0.00000	 0.01443
87.85000	 0.00000	 0.01436
87.90000	 0.00000	 0.01428
87.95000	 0.00000	 0.01421
88.00000	 0.00000	 0.01414
88.05000	 0.00000	 0.01407
88.10000	 0.00000	 0.01400
88.15000	 0.00000	 0.01393
88.20000	 0.00000	 0.01386
88.25000	 0.00000	 0.01379
88.30000	 0.00000	 0.01372
88.35000	 0.00000	 0.01366
88.40000	 0.00000	 0.01359
88.45000	 0.00000	 0.01352
88.50000	 0.00000	 0.01345
88.55000	 0.00000	 0.01339
88.60000	 0.00000	 0.01332
88.65000	 0.00000	 0.01325
88.70000	 0.00000	 0.01319
88.75000	 0.00000	 0.01312
88.80000	 0.00000	 0.01305
88.85000	 0.00000	 0.01299
88.90000	 0.00000	 0.01292
88.95000	 0.00000	 0.01286
89.00000	 0.00000	 0.01280
89.05000	 0.00000	 0.01273
89.10000	 0.00000	 0.01267
89.15000	 0.00000	 0.01261
89.20000	 0.00000	 0.01254
89.25000	 0.00000	 0.01248
89.30000	 0.00000	 0.01242
89.35000	 0.00000	 0.01236
89.40000	 0.00000	 0.01229
89.45000	 0.00000	 0.01223
89.50000	 0.00000	 0.01217
89.55000	 0.00000	 0.01211
89.60000	 0.00000	 0.01205
89.65000	 0.00000	 0.01199
89.70000	 0.00000	 0.01193
89.75000	 0.00000	 0.01187
89.80000	 0.00000	 0.01181
89.85000	 0.00000	 0.01175
89.90000	 0.00000	 0.01169
89.95000	 0.00000	 0.01164
90.00000	 0.00000	 0.01158
90.05000	 0.00000	 0.01152
90.10000	 0.00000	 0.01146
90.15000	 0.00000	 0.01141
90.20000	 0.00000	 0.01135
90.25000	 0.00000	 0.01129
90.30000	 0.00000	 0.01124
90.35000	 0.00000	 0.01118
90.40000	 0.00000	 0.01112
90.45000	 0.00000	 0.01107
90.50000	 0.00000	 0.01101
90.55000	 0.00000	 0.01096
90.60000	 0.00000	 0.01090
90.65000	 0.00000	 0.01085
90.70000	 0.00000	 0.01080
90.75000	 0.00000	 0.01074
90.80000	 0.00000	 0.01069
90.85000	 0.00000	 0.01063
90.90000	 0.00000	 0.01058
90.95000	 0.00000	 0.01053
91.00000	 0.00000	 0.01048
91.05000	 0.00000	 0.01042
91.10000	 0.00000	 0.01037
91.15000	 0.00000	 0.01032
91.20000	 0.00000	 0.01027
91.25000	 0.00000	 0.01022
91.30000	 0.00000	 0.01017
91.35000	 0.00000	 0.01012
91.40000	 0.00000	 0.01007
91.45000	 0.00000	 0.01002
91.50000	 0.00000	 0.00997
91.55000	 0.00000	 0.00992
91.60000	 0.00000	 0.00987
91.65000	 0.00000	 0.00982
91.70000	 0.00000	 0.00977
91.75000	 0.00000	 0.00972
91.80000	 0.00000	 0.00967
91.85000	 0.00000	 0.00962
91.90000	 0.00000	 0.00957
91.95000	 0.00000	 0.00953
92.00000	 0.00000	 0.00948
92.05000	 0.00000	 0.00943
92.10000	 0.00000	 0.00939
92.15000	 0.00000	 0.00934
92.20000	 0.00000	 0.00929
92.25000	 0.00000	 0.00925
92.30000	 0.00000	 0.00920
92.35000	 0.00000	 0.00915
92.40000	 0.00000	 0.00911
92.45000	 0.00000	 0.00906
92.50000	 0.00000	 0.00902
92.55000	 0.00000	 0.00897
92.60000	 0.00000	 0.00893
92.65000	 0.00000	 0.00888
92.70000	 0.00000	 0.00884
92.75000	 0.00000	 0.00879
92.80000	 0.00000	 0.00875
92.85000	 0.00000	 0.00871
92.90000	 0.00000	 0.00866
92.95000	 0.00000	 0.00862
93.00000	 0.00000	 0.00858
93.05000	 0.00000	 0.00853
93.10000	 0.00000	 0.00849
93.15000	 0.00000	 0.00845
93.20000	 0.00000	 0.00841
93.25000	 0.00000	 0.00837
93.30000	 0.00000	 0.00832
93.35000	 0.00000	 0.00828
93.40000	 0.00000	 0.00824
93.45000	 0.00000	 0.00820
93.50000	 0.00000	 0.00816
93.55000	 0.00000	 0.00812
93.60000	 0.00000	 0.00808
93.65000	 0.00000	 0.00804
93.70000	 0.00000	 0.00800
93.75000	 0.00000	 0.00796
93.80000	 0.00000	 0.00792
93.85000	 0.00000	 0.00788
93.90000	 0.00000	 0.00784
93.95000	 0.00000	 0.00780
94.00000	 0.00000	 0.00776
94.05000	 0.00000	 0.00772
94.10000	 0.00000	 0.00768
94.15000	 0.00000	 0.00765
94.20000	 0.00000	 0.00761
94.25000	 0.00000	 0.00757
94.30000	 0.00000	 0.00753
94.35000	 0.00000	 0.00749
94.40000	 0.00000	 0.00746
94.45000	 0.00000	 0.00742
94.50000	 0.00000	 0.00738
94.55000	 0.00000	 0.00735
94.60000	 0.00000	 0.00731
94.65000	 0.00000	 0.00727
94.70000	 0.00000	 0.00724
94.75000	 0.00000	 0.00720
94.80000	 0.00000	 0.00716
94.85000	 0.00000	 0.00713
94.90000	 0.00000	 0.00709
94.95000	 0.00000	 0.00706
95.00000	 0.00000	 0.00702
95.05000	 0.00000	 0.00699
95.10000	 0.00000	 0.00695
95.15000	 0.00000	 0.00692
95.20000	 0.00000	 0.00688
95.25000	 0.00000	 0.00685
95.30000	 0.00000	 0.00682
95.35000	 0.00000	 0.00678
95.40000	 0.00000	 0.00675
95.45000	 0.00000	 0.00671
95.50000	 0.00000	 0.00668
95.55000	 0.00000	 0.00665
95.60000	 0.00000	 0.00661
95.65000	 0.00000	 0.00658
95.70000	 0.00000	 0.00655
95.75000	 0.00000	 0.00652
95.80000	 0.00000	 0.00648
95.85000	 0.00000	 0.00645
95.90000	 0.00000	 0.00642
95.95000	 0.00000	 0.00639
96.00000	 0.00000	 0.00635
96.05000	 0.00000	 0.00632
96.10000	 0.00000	 0.00629
96.15000	 0.00000	 0.00626
96.20000	 0.00000	 0.00623
96.25000	 0.00000	 0.00620
96.30000	 0.00000	 0.00617
96.35000	 0.00000	 0.00614
96.40000	 0.00000	 0.00611
96.45000	 0.00000	 0.00607
96.50000	 0.00000	 0.00604
96.55000	 0.00000	 0.00601
96.60000	 0.00000	 0.00598
96.65000	 0.00000	 0.00595
96.70000	 0.00000	 0.00592
96.75000	 0.00000	 0.00590
96.80000	 0.00000	 0.00587
96.85000	 0.00000	 0.00584
96.90000	 0.00000	 0.00581
96.95000	 0.00000	 0.00578
97.00000	 0.00000	 0.00575
97.05000	 0.00000	 0.00572
97.10000	 0.00000	 0.00569
97.15000	 0.00000	 0.00566
97.20000	 0.00000	 0.00564
97.25000	 0.00000	 0.00561
97.30000	 0.00000	 0.00558
97.35000	 0.00000	 0.00555
97.40000	 0.00000	 0.00552
97.45000	 0.00000	 0.00550
97.50000	 0.00000	 0.00547
97.55000	 0.00000	 0.00544
97.60000	 0.00000	 0.00541
97.65000	 0.00000	 0.00539
97.70000	 0.00000	 0.00536
97.75000	 0.00000	 0.00533
97.80000	 0.00000	 0.00531
97.85000	 0.00000	 0.00528
97.90000	 0.00000	 0.00525
97.95000	 0.00000	 0.00523
98.00000	 0.00000	 0.00520
98.05000	 0.00000	 0.00518
98.10000	 0.00000	 0.00515
98.15000	 0.00000	 0.00513
98.20000	 0.00000	 0.00510
98.25000	 0.00000	 0.00507
98.30000	 0.00000	 0.00505
98.35000	 0.00000	 0.00502
98.40000	 0.00000	 0.00500
98.45000	 0.00000	 0.00497
98.50000	 0.00000	 0.00495
98.55000	 0.00000	 0.00492
98.60000	 0.00000	 0.00490
98.65000	 0.00000	 0.00488
98.70000	 0.00000	 0.00485
98.75000	 0.00000	 0.00483
98.80000	 0.00000	 0.00480
98.85000	 0.00000	 0.00478
98.90000	 0.00000	 0.00475
98.95000	 0.00000	 0.00473
99.00000	 0.00000	 0.00471
99.05000	 0.00000	 0.00468
99.10000	 0.00000	 0.00466
99.15000	 0.00000	 0.00464
99.20000	 0.00000	 0.00461
99.25000	 0.00000	 0.00459
99.30000	 0.00000	 0.00457
99.35000	 0.00000	 0.00455
99.40000	 0.00000	 0.00452
99.45000	 0.00000	 0.00450
99.50000	 0.00000	 0.00448
99.55000	 0.00000	 0.00446
99.60000	 0.00000	 0.00443
99.65000	 0.00000	 0.00441
99.70000	 0.00000	 0.00439
99.75000	 0.00000	 0.00437
99.80000	 0.00000	 0.00435
99.85000	 0.00000	 0.00432
99.90000	 0.00000	 0.00430
99.95000	 0.00000	 0.00428
100.00000	 0.00000	 0.00426
100.05000	 0.00000	 0.00424
100.10000	 0.00000	 0.00422
100.15000	 0.00000	 0.00420
100.20000	 0.00000	 0.00418
100.25000	 0.00000	 0.00415
100.30000	 0.00000	 0.00413
100.35000	 0.00000	 0.00411
100.40000	 0.00000	 0.00409
100.45000	 0.00000	 0.00407
100.50000	 0.00000	 0.00405
100.55000	 0.00000	 0.00403
100.60000	 0.00000	 0.00401
100.65000	 0.00000	 0.00399
100.70000	 0.00000	 0.00397
100.75000	 0.00000	 0.00395
100.80000	 0.00000	 0.00393
100.85000	 0.00000	 0.00391
100.90000	 0.00000	 0.00389
100.95000	 0.00000	 0.00387
101.00000	 0.00000	 0.00385
101.05000	 0.00000	 0.00383
101.10000	 0.00000	 0.00382
101.15000	 0.00000	 0.00380
101.20000	 0.00000	 0.00378
101.25000	 0.00000	 0.00376
101.30000	 0.00000	 0.00374
101.35000	 0.00000	 0.00372
101.40000	 0.00000	 0.00370
101.45000	 0.00000	 0.00368
101.50000	 0.00000	 0.00367
101.55000	 0.00000	 0.00365
101.60000	 0.00000	 0.00363
101.65000	 0.00000	 0.00361
101.70000	 0.00000	 0.00359
101.75000	 0.00000	 0.00358
101.80000	 0.00000	 0.00356
101.85000	 0.00000	 0.00354
101.90000	 0.00000	 0.00352
101.95000	 0.00000	 0.00350
102.00000	 0.00000	 0.00349
102.05000	 0.00000	 0.00347
102.10000	 0.00000	 0.00345
102.15000	 0.00000	 0.00344
102.20000	 0.00000	 0.00342
102.25000	 0.00000	 0.00340
102.30000	 0.00000	 0.00338
102.35000	 0.00000	 0.00337
102.40000	 0.00000	 0.00335
102.45000	 0.00000	 0.00333
102.50000	 0.00000	 0.00332
102.55000	 0.00000	 0.00330
102.60000	 0.00000	 0.00328
102.65000	 0.00000	 0.00327
102.70000	 0.00000	 0.00325
102.75000	 0.00000	 0.00324
102.80000	 0.00000	 0.00322
102.85000	 0.00000	 0.00320
102.90000	 0.00000	 0.00319
102.95000	 0.00000	 0.00317
103.00000	 0.00000	 0.00316
103.05000	 0.00000	 0.00314
103.10000	 0.00000	 0.00312
103.15000	 0.00000	 0.00311
103.20000	 0.00000	 0.00309
103.25000	 0.00000	 0.00308
103.30000	 0.00000	 0.00306
103.35000	 0.00000	 0.00305
103.40000	 0.00000	 0.00303
103.45000	 0.00000	 0.00302
103.50000	 0.00000	 0.00300
103.55000	 0.00000	 0.00299
103.60000	 0.00000	 0.00297
103.65000	 0.00000	 0.00296
103.70000	 0.00000	 0.00294
103.75000	 0.00000	 0.00293
103.80000	 0.00000	 0.00291
103.85000	 0.00000	 0.00290
103.90000	 0.00000	 0.00288
103.95000	 0.00000	 0.00287
104.00000	 0.00000	 0.00286
104.05000	 0.00000	 0.00284
104.10000	 0.00000	 0.00283
104.15000	 0.00000	 0.00281
104.20000	 0.00000	 0.00280
104.25000	 0.00000	 0.00278
104.30000	 0.00000	 0.00277
104.35000	 0.00000	 0.00276
104.40000	 0.00000	 0.00274
104.45000	 0.00000	 0.00273
104.50000	 0.00000	 0.00272
104.55000	 0.00000	 0.00270
104.60000	 0.00000	 0.00269
104.65000	 0.00000	 0.00268
104.70000	 0.00000	 0.00266
104.75000	 0.00000	 0.00265
104.80000	 0.00000	 0.00264
104.85000	 0.00000	 0.00262
104.90000	 0.00000	 0.00261
104.95000	 0.00000	 0.00260
105.00000	 0.00000	 0.00258
105.05000	 0.00000	 0.00257
105.10000	 0.00000	 0.00256
105.15000	 0.00000	 0.00255
105.20000	 0.00000	 0.00253
105.25000	 0.00000	 0.00252
105.30000	 0.00000	 0.00251
105.35000	 0.00000	 0.00249
105.40000	 0.00000	 0.00248
105.45000	 0.00000	 0.00247
105.50000	 0.00000	 0.00246
105.55000	 0.00000	 0.00245
105.60000	 0.00000	 0.00243
105.65000	 0.00000	 0.00242
105.70000	 0.00000	 0.00241
105.75000	 0.00000	 0.00240
105.80000	 0.00000	 0.00238
105.85000	 0.00000	 0.00237
105.90000	 0.00000	 0.00236
105.95000	 0.00000	 0.00235
106.00000	 0.00000	 0.00234
106.05000	 0.00000	 0.00233
106.10000	 0.00000	 0.00231
106.15000	 0.00000	 0.00230
106.20000	 0.00000	 0.00229
106.25000	 0.00000	 0.00228
106.30000	 0.00000	 0.00227
106.35000	 0.00000	 0.00226
106.40000	 0.00000	 0.00225
106.45000	 0.00000	 0.00223
106.50000	 0.00000	 0.00222
106.55000	 0.00000	 0.00221
106.60000	 0.00000	 0.00220
106.65000	 0.00000	 0.00219
106.70000	 0.00000	 0.00218
106.75000	 0.00000	 0.00217
106.80000	 0.00000	 0.00216
106.85000	 0.00000	 0.00215
106.90000	 0.00000	 0.00214
106.95000	 0.00000	 0.00213
107.00000	 0.00000	 0.00212
107.05000	 0.00000	 0.00210
107.10000	 0.00000	 0.00209
107.15000	 0.00000	 0.00208
107.20000	 0.00000	 0.00207
107.25000	 0.00000	 0.00206
107.30000	 0.00000	 0.00205
107.35000	 0.00000	 0.00204
107.40000	 0.00000	 0.00203
107.45000	 0.00000	 0.00202
107.50000	 0.00000	 0.00201
107.55000	 0.00000	 0.00200
107.60000	 0.00000	 0.00199
107.65000	 0.00000	 0.00198
107.70000	 0.00000	 0.00197
107.75000	 0.00000	 0.00196
107.80000	 0.00000	 0.00195
107.85000	 0.00000	 0.00194
107.90000	 0.00000	 0.00193
107.95000	 0.00000	 0.00192
108.00000	 0.00000	 0.00191
108.05000	 0.00000	 0.00190
108.10000	 0.00000	 0.00189
108.15000	 0.00000	 0.00189
108.20000	 0.00000	 0.00188
108.25000	 0.00000	 0.00187
108.30000	 0.00000	 0.00186
108.35000	 0.00000	 0.00185
108.40000	 0.00000	 0.00184
108.45000	 0.00000	 0.00183
108.50000	 0.00000	 0.00182
108.55000	 0.00000	 0.00181
108.60000	 0.00000	 0.00180
108.65000	 0.00000	 0.00179
108.70000	 0.00000	 0.00178
108.75000	 0.00000	 0.00178
108.80000	 0.00000	 0.00177
108.85000	 0.00000	 0.00176
108.90000	 0.00000	 0.00175
108.95000	 0.00000	 0.00174
109.00000	 0.00000	 0.00173
109.05000	 0.00000	 0.00172
109.10000	 0.00000	 0.00171
109.15000	 0.00000	 0.00171
109.20000	 0.00000	 0.00170
109.25000	 0.00000	 0.00169
109.30000	 0.00000	 0.00168
109.35000	 0.00000	 0.00167
109.40000	 0.00000	 0.00166
109.45000	 0.00000	 0.00166
109.50000	 0.00000	 0.00165
109.55000	 0.00000	 0.00164
109.60000	 0.00000	 0.00163
109.65000	 0.00000	 0.00162
109.70000	 0.00000	 0.00161
109.75000	 0.00000	 0.00161
109.80000	 0.00000	 0.00160
109.85000	 0.00000	 0.00159
109.90000	 0.00000	 0.00158
109.95000	 0.00000	 0.00157
110.00000	 0.00000	 0.00157
110.05000	 0.00000	 0.00156
110.10000	 0.00000	 0.00155
110.15000	 0.00000	 0.00154
110.20000	 0.00000	 0.00154
110.25000	 0.00000	 0.00153
110.30000	 0.00000	 0.00152
110.35000	 0.00000	 0.00151
110.40000	 0.00000	 0.00151
110.45000	 0.00000	 0.00150
110.50000	 0.00000	 0.00149
110.55000	 0.00000	 0.00148
110.60000	 0.00000	 0.00148
110.65000	 0.00000	 0.00147
110.70000	 0.00000	 0.00146
110.75000	 0.00000	 0.00145
110.80000	 0.00000	 0.00145
110.85000	 0.00000	 0.00144
110.90000	 0.00000	 0.00143
110.95000	 0.00000	 0.00142
111.00000	 0.00000	 0.00142
111.05000	 0.00000	 0.00141
111.10000	 0.00000	 0.00140
111.15000	 0.00000	 0.00140
111.20000	 0.00000	 0.00139
111.25000	 0.00000	 0.00138
111.30000	 0.00000	 0.00138
111.35000	 0.00000	 0.00137
111.40000	 0.00000	 0.00136
111.45000	 0.00000	 0.00136
111.50000	 0.00000	 0.00135
111.55000	 0.00000	 0.00134
111.60000	 0.00000	 0.00134
111.65000	 0.00000	 0.00133
111.70000	 0.00000	 0.00132
111.75000	 0.00000	 0.00132
111.80000	 0.00000	 0.00131
111.85000	 0.00000	 0.00130
111.90000	 0.00000	 0.00130
111.95000	 0.00000	 0.00129
112.00000	 0.00000	 0.00128
112.05000	 0.00000	 0.00128
112.10000	 0.00000	 0.00127
112.15000	 0.00000	 0.00126
112.20000	 0.00000	 0.00126
112.25000	 0.00000	 0.00125
112.30000	 0.00000	 0.00125
112.35000	 0.00000	 0.00124
112.40000	 0.00000	 0.00123
112.45000	 0.00000	 0.00123
112.50000	 0.00000	 0.00122
112.55000	 0.00000	 0.00121
112.60000	 0.00000	 0.00121
112.65000	 0.00000	 0.00120
112.70000	 0.00000	 0.00120
112.75000	 0.00000	 0.00119
112.80000	 0.00000	 0.00118
112.85000	 0.00000	 0.00118
112.90000	 0.00000	 0.00117
112.95000	 0.00000	 0.00117
113.00000	 0.00000	 0.00116
113.05000	 0.00000	 0.00116
113.10000	 0.00000	 0.00115
113.15000	 0.00000	 0.00114
113.20000	 0.00000	 0.00114
113.25000	 0.00000	 0.00113
113.30000	 0.00000	 0.00113
113.35000	 0.00000	 0.00112
113.40000	 0.00000	 0.00112
113.45000	 0.00000	 0.00111
113.50000	 0.00000	 0.00110
113.55000	 0.00000	 0.00110
113.60000	 0.00000	 0.00109
113.65000	 0.00000	 0.00109
113.70000	 0.00000	 0.00108
113.75000	 0.00000	 0.00108
113.80000	 0.00000	 0.00107
113.85000	 0.00000	 0.00107
113.90000	 0.00000	 0.00106
113.95000	 0.00000	 0.00106
114.00000	 0.00000	 0.00105
114.05000	 0.00000	 0.00105
114.10000	 0.00000	 0.00104
114.15000	 0.00000	 0.00103
114.20000	 0.00000	 0.00103
114.25000	 0.00000	 0.00102
114.30000	 0.00000	 0.00102
114.35000	 0.00000	 0.00101
114.40000	 0.00000	 0.00101
114.45000	 0.00000	 0.00100
114.50000	 0.00000	 0.00100
114.55000	 0.00000	 0.00099
114.60000	 0.00000	 0.00099
114.65000	 0.00000	 0.00098
114.70000	 0.00000	 0.00098
114.75000	 0.00000	 0.00097
114.80000	 0.00000	 0.00097
114.85000	 0.00000	 0.00096
114.90000	 0.00000	 0.00096
114.95000	 0.00000	 0.00096
115.00000	 0.00000	 0.00095
115.05000	 0.00000	 0.00095
115.10000	 0.00000	 0.00094
115.15000	 0.00000	 0.00094
115.20000	 0.00000	 0.00093
115.25000	 0.00000	 0.00093
115.30000	 0.00000	 0.00092
115.35000	 0.00000	 0.00092
115.40000	 0.00000	 0.00091
115.45000	 0.00000	 0.00091
115.50000	 0.00000	 0.00090
115.55000	 0.00000	 0.00090
115.60000	 0.00000	 0.00090
115.65000	 0.00000	 0.00089
115.70000	 0.00000	 0.00089
115.75000	 0.00000	 0.00088
115.80000	 0.00000	 0.00088
115.85000	 0.00000	 0.00087
115.90000	 0.00000	 0.00087
115.95000	 0.00000	 0.00086
116.00000	 0.00000	 0.00086
116.05000	 0.00000	 0.00086
116.10000	 0.00000	 0.00085
116.15000	 0.00000	 0.00085
116.20000	 0.00000	 0.00084
116.25000	 0.00000	 0.00084
116.30000	 0.00000	 0.00083
116.35000	 0.00000	 0.00083
116.40000	 0.00000	 0.00083
116.45000	 0.00000	 0.00082
116.50000	 0.00000	 0.00082
116.55000	 0.00000	 0.00081
116.60000	 0.00000	 0.00081
116.65000	 0.00000	 0.00081
116.70000	 0.00000	 0.00080
116.75000	 0.00000	 0.00080
116.80000	 0.00000	 0.00079
116.85000	 0.00000	 0.00079
116.90000	 0.00000	 0.00079
116.95000	 0.00000	 0.00078
117.00000	 0.00000	 0.00078
117.05000	 0.00000	 0.00077
117.10000	 0.00000	 0.00077
117.15000	 0.00000	 0.00077
117.20000	 0.00000	 0.00076
117.25000	 0.00000	 0.00076
117.30000	 0.00000	 0.00076
117.35000	 0.00000	 0.00075
117.40000	 0.00000	 0.00075
117.45000	 0.00000	 0.00074
117.50000	 0.00000	 0.00074
117.55000	 0.00000	 0.00074
117.60000	 0.00000	 0.00073
117.65000	 0.00000	 0.00073
117.70000	 0.00000	 0.00073
117.75000	 0.00000	 0.00072
117.80000	 0.00000	 0.00072
117.85000	 0.00000	 0.00071
117.90000	 0.00000	 0.00071
117.95000	 0.00000	 0.00071
118.00000	 0.00000	 0.00070
118.05000	 0.00000	 0.00070
118.10000	 0.00000	 0.00070
118.15000	 0.00000	 0.00069
118.20000	 0.00000	 0.00069
118.25000	 0.00000	 0.00069
118.30000	 0.00000	 0.00068
118.35000	 0.00000	 0.00068
118.40000	 0.00000	 0.00068
118.45000	 0.00000	 0.00067
118.50000	 0.00000	 0.00067
118.55000	 0.00000	 0.00067
118.60000	 0.00000	 0.00066
118.65000	 0.00000	 0.00066
118.70000	 0.00000	 0.00066
118.75000	 0.00000	 0.00065
118.80000	 0.00000	 0.00065
118.85000	 0.00000	 0.00065
118.90000	 0.00000	 0.00064
118.95000	 0.00000	 0.00064
119.00000	 0.00000	 0.00064
119.05000	 0.00000	 0.00063
119.10000	 0.00000	 0.00063
119.15000	 0.00000	 0.00063
119.20000	 0.00000	 0.00062
119.25000	 0.00000	 0.00062
119.30000	 0.00000	 0.00062
119.35000	 0.00000	 0.00062
119.40000	 0.00000	 0.00061
119.45000	 0.00000	 0.00061
119.50000	 0.00000	 0.00061
119.55000	 0.00000	 0.00060
119.60000	 0.00000	 0.00060
119.65000	 0.00000	 0.00060
119.70000	 0.00000	 0.00059
119.75000	 0.00000	 0.00059
119.80000	 0.00000	 0.00059
119.85000	 0.00000	 0.00059
119.90000	 0.00000	 0.00058
119.95000	 0.00000	 0.00058
120.00000	 0.00000	 0.00058
120.05000	 0.00000	 0.00057
120.10000	 0.00000	 0.00057
120.15000	 0.00000	 0.00057
120.20000	 0.00000	 0.00057
120.25000	 0.00000	 0.00056
120.30000	 0.00000	 0.00056
120.35000	 0.00000	 0.00056
120.40000	 0.00000	 0.00055
120.45000	 0.00000	 0.00055
120.50000	 0.00000	 0.00055
120.55000	 0.00000	 0.00055
120.60000	 0.00000	 0.00054
120.65000	 0.00000	 0.00054
120.70000	 0.00000	 0.00054
120.75000	 0.00000	 0.00053
120.80000	 0.00000	 0.00053
120.85000	 0.00000	 0.00053
120.90000	 0.00000	 0.00053
120.95000	 0.00000	 0.00052
121.00000	 0.00000	 0.00052
121.05000	 0.00000	 0.00052
121.10000	 0.00000	 0.00052
121.15000	 0.00000	 0.00051
121.20000	 0.00000	 0.00051
121.25000	 0.00000	 0.00051
121.30000	 0.00000	 0.00051
121.35000	 0.00000	 0.00050
121.40000	 0.00000	 0.00050
121.45000	 0.00000	 0.00050
121.50000	 0.00000	 0.00050
121.55000	 0.00000	 0.00049
121.60000	 0.00000	 0.00049
121.65000	 0.00000	 0.00049
121.70000	 0.00000	 0.00049
121.75000	 0.00000	 0.00048
121.80000	 0.00000	 0.00048
121.85000	 0.00000	 0.00048
121.90000	 0.00000	 0.00048
121.95000	 0.00000	 0.00047
122.00000	 0.00000	 0.00047
122.05000	 0.00000	 0.00047
122.10000	 0.00000	 0.00047
122.15000	 0.00000	 0.00046
122.20000	 0.00000	 0.00046
122.25000	 0.00000	 0.00046
122.30000	 0.00000	 0.00046
122.35000	 0.00000	 0.00046
122.40000	 0.00000	 0.00045
122.45000	 0.00000	 0.00045
122.50000	 0.00000	 0.00045
122.55000	 0.00000	 0.00045
122.60000	 0.00000	 0.00044
122.65000	 0.00000	 0.00044
122.70000	 0.00000	 0.00044
122.75000	 0.00000	 0.00044
122.80000	 0.00000	 0.00044
122.85000	 0.00000	 0.00043
122.90000	 0.00000	 0.00043
122.95000	 0.00000	 0.00043
123.00000	 0.00000	 0.00043
123.05000	 0.00000	 0.00042
123.10000	 0.00000	 0.00042
123.15000	 0.00000	 0.00042
123.20000	 0.00000	 0.00042
123.25000	 0.00000	 0.00042
123.30000	 0.00000	 0.00041
123.35000	 0.00000	 0.00041
123.40000	 0.00000	 0.00041
123.45000	 0.00000	 0.00041
123.50000	 0.00000	 0.00041
123.55000	 0.00000	 0.00040
123.60000	 0.00000	 0.00040
123.65000	 0.00000	 0.00040
123.70000	 0.00000	 0.00040
123.75000	 0.00000	 0.00040
123.80000	 0.00000	 0.00039
123.85000	 0.00000	 0.00039
123.90000	 0.00000	 0.00039
123.95000	 0.00000	 0.00039
124.00000	 0.00000	 0.00039
124.05000	 0.00000	 0.00038
124.10000	 0.00000	 0.00038
124.15000	 0.00000	 0.00038
124.20000	 0.00000	 0.00038
124.25000	 0.00000	 0.00038
124.30000	 0.00000	 0.00037
124.35000	 0.00000	 0.00037
124.40000	 0.00000	 0.00037
124.45000	 0.00000	 0.00037
124.50000	 0.00000	 0.00037
124.55000	 0.00000	 0.00037
124.60000	 0.00000	 0.00036
124.65000	 0.00000	 0.00036
124.70000	 0.00000	 0.00036
124.75000	 0.00000	 0.00036
124.80000	 0.00000	 0.00036
124.85000	 0.00000	 0.00035
124.90000	 0.00000	 0.00035
124.95000	 0.00000	 0.00035
125.00000	 0.00000	 0.00035
125.05000	 0.00000	 0.00035
125.10000	 0.00000	 0.00035
125.15000	 0.00000	 0.00034
125.20000	 0.00000	 0.00034
125.25000	 0.00000	 0.00034
125.30000	 0.00000	 0.00034
125.35000	 0.00000	 0.00034
125.40000	 0.00000	 0.00034
125.45000	 0.00000	 0.00033
125.50000	 0.00000	 0.00033
125.55000	 0.00000	 0.00033
125.60000	 0.00000	 0.00033
125.65000	 0.00000	 0.00033
125.70000	 0.00000	 0.00033
125.75000	 0.00000	 0.00032
125.80000	 0.00000	 0.00032
125.85000	 0.00000	 0.00032
125.90000	 0.00000	 0.00032
125.95000	 0.00000	 0.00032
126.00000	 0.00000	 0.00032
126.05000	 0.00000	 0.00031
126.10000	 0.00000	 0.00031
126.15000	 0.00000	 0.00031
126.20000	 0.00000	 0.00031
126.25000	 0.00000	 0.00031
126.30000	 0.00000	 0.00031
126.35000	 0.00000	 0.00031
126.40000	 0.00000	 0.00030
126.45000	 0.00000	 0.00030
126.50000	 0.00000	 0.00030
126.55000	 0.00000	 0.00030
126.60000	 0.00000	 0.00030
126.65000	 0.00000	 0.00030
126.70000	 0.00000	 0.00029
126.75000	 0.00000	 0.00029
126.80000	 0.00000	 0.00029
126.85000	 0.00000	 0.00029
126.90000	 0.00000	 0.00029
126.95000	 0.00000	 0.00029
127.00000	 0.00000	 0.00029
127.05000	 0.00000	 0.00028
127.10000	 0.00000	 0.00028
127.15000	 0.00000	 0.00028
127.20000	 0.00000	 0.00028
127.25000	 0.00000	 0.00028
127.30000	 0.00000	 0.00028
127.35000	 0.00000	 0.00028
127.40000	 0.00000	 0.00028
127.45000	 0.00000	 0.00027
127.50000	 0.00000	 0.00027
127.55000	 0.00000	 0.00027
127.60000	 0.00000	 0.00027
127.65000	 0.00000	 0.00027
127.70000	 0.00000	 0.00027
127.75000	 0.00000	 0.00027
127.80000	 0.00000	 0.00026
127.85000	 0.00000	 0.00026
127.90000	 0.00000	 0.00026
127.95000	 0.00000	 0.00026
128.00000	 0.00000	 0.00026
128.05000	 0.00000	 0.00026
128.10000	 0.00000	 0.00026
128.15000	 0.00000	 0.00026
128.20000	 0.00000	 0.00025
128.25000	 0.00000	 0.00025
128.30000	 0.00000	 0.00025
128.35000	 0.00000	 0.00025
128.40000	 0.00000	 0.00025
128.45000	 0.00000	 0.00025
128.50000	 0.00000	 0.00025
128.55000	 0.00000	 0.00025
128.60000	 0.00000	 0.00024
128.65000	 0.00000	 0.00024
128.70000	 0.00000	 0.00024
128.75000	 0.00000	 0.00024
128.80000	 0.00000	 0.00024
128.85000	 0.00000	 0.00024
128.90000	 0.00000	 0.00024
128.95000	 0.00000	 0.00024
129.00000	 0.00000	 0.00023
129.05000	 0.00000	 0.00023
129.10000	 0.00000	 0.00023
129.15000	 0.00000	 0.00023
129.20000	 0.00000	 0.00023
129.25000	 0.00000	 0.00023
129.30000	 0.00000	 0.00023
129.35000	 0.00000	 0.00023
129.40000	 0.00000	 0.00023
129.45000	 0.00000	 0.00022
129.50000	 0.00000	 0.00022
129.55000	 0.00000	 0.00022
129.60000	 0.00000	 0.00022
129.65000	 0.00000	 0.00022
129.70000	 0.00000	 0.00022
129.75000	 0.00000	 0.00022
129.80000	 0.00000	 0.00022
129.85000	 0.00000	 0.00022
129.90000	 0.00000	 0.00021
129.95000	 0.00000	 0.00021
130.00000	 0.00000	 0.00021
130.05000	 0.00000	 0.00021
130.10000	 0.00000	 0.00021
130.15000	 0.00000	 0.00021
130.20000	 0.00000	 0.00021
130.25000	 0.00000	 0.00021
130.30000	 0.00000	 0.00021
130.35000	 0.00000	 0.00020
130.40000	 0.00000	 0.00020
130.45000	 0.00000	 0.00020
130.50000	 0.00000	 0.00020
130.55000	 0.00000	 0.00020
130.60000	 0.00000	 0.00020
130.65000	 0.00000	 0.00020
130.70000	 0.00000	 0.00020
130.75000	 0.00000	 0.00020
130.80000	 0.00000	 0.00020
130.85000	 0.00000	 0.00019
130.90000	 0.00000	 0.00019
130.95000	 0.00000	 0.00019
131.00000	 0.00000	 0.00019
131.05000	 0.00000	 0.00019
131.10000	 0.00000	 0.00019
131.15000	 0.00000	 0.00019
131.20000	 0.00000	 0.00019
131.25000	 0.00000	 0.00019
131.30000	 0.00000	 0.00019
131.35000	 0.00000	 0.00019
131.40000	 0.00000	 0.00018
131.45000	 0.00000	 0.00018
131.50000	 0.00000	 0.00018
131.55000	 0.00000	 0.00018
131.60000	 0.00000	 0.00018
131.65000	 0.00000	 0.00018
131.70000	 0.00000	 0.00018
131.75000	 0.00000	 0.00018
131.80000	 0.00000	 0.00018
131.85000	 0.00000	 0.00018
131.90000	 0.00000	 0.00018
131.95000	 0.00000	 0.00017
132.00000	 0.00000	 0.00017
132.05000	 0.00000	 0.00017
132.10000	 0.00000	 0.00017
132.15000	 0.00000	 0.00017
132.20000	 0.00000	 0.00017
132.25000	 0.00000	 0.00017
132.30000	 0.00000	 0.00017
132.35000	 0.00000	 0.00017
132.40000	 0.00000	 0.00017
132.45000	 0.00000	 0.00017
132.50000	 0.00000	 0.00017
132.55000	 0.00000	 0.00016
132.60000	 0.00000	 0.00016
132.65000	 0.00000	 0.00016
132.70000	 0.00000	 0.00016
132.75000	 0.00000	 0.00016
132.80000	 0.00000	 0.00016
132.85000	 0.00000	 0.00016
132.90000	 0.00000	 0.00016
132.95000	 0.00000	 0.00016
133.00000	 0.00000	 0.00016
133.05000	 0.00000	 0.00016
133.10000	 0.00000	 0.00016
133.15000	 0.00000	 0.00015
133.20000	 0.00000	 0.00015
133.25000	 0.00000	 0.00015
133.30000	 0.00000	 0.00015
133.35000	 0.00000	 0.00015
133.40000	 0.00000	 0.00015
133.45000	 0.00000	 0.00015
133.50000	 0.00000	 0.00015
133.55000	 0.00000	 0.00015
133.60000	 0.00000	 0.00015
133.65000	 0.00000	 0.00015
133.70000	 0.00000	 0.00015
133.75000	 0.00000	 0.00015
133.80000	 0.00000	 0.00015
133.85000	 0.00000	 0.00014
133.90000	 0.00000	 0.00014
133.95000	 0.00000	 0.00014
134.00000	 0.00000	 0.00014
134.05000	 0.00000	 0.00014
134.10000	 0.00000	 0.00014
134.15000	 0.00000	 0.00014
134.20000	 0.00000	 0.00014
134.25000	 0.00000	 0.00014
134.30000	 0.00000	 0.00014
134.35000	 0.00000	 0.00014
134.40000	 0.00000	 0.00014
134.45000	 0.00000	 0.00014
134.50000	 0.00000	 0.00014
134.55000	 0.00000	 0.00013
134.60000	 0.00000	 0.00013
134.65000	 0.00000	 0.00013
134.70000	 0.00000	 0.00013
134.75000	 0.00000	 0.00013
134.80000	 0.00000	 0.00013
134.85000	 0.00000	 0.00013
134.90000	 0.00000	 0.00013
134.95000	 0.00000	 0.00013
135.00000	 0.00000	 0.00013
135.05000	 0.00000	 0.00013
135.10000	 0.00000	 0.00013
135.15000	 0.00000	 0.00013
135.20000	 0.00000	 0.00013
135.25000	 0.00000	 0.00013
135.30000	 0.00000	 0.00012
135.35000	 0.00000	 0.00012
135.40000	 0.00000	 0.00012
135.45000	 0.00000	 0.00012
135.50000	 0.00000	 0.00012
135.55000	 0.00000	 0.00012
135.60000	 0.00000	 0.00012
135.65000	 0.00000	 0.00012
135.70000	 0.00000	 0.00012
135.75000	 0.00000	 0.00012
135.80000	 0.00000	 0.00012
135.85000	 0.00000	 0.00012
135.90000	 0.00000	 0.00012
135.95000	 0.00000	 0.00012
136.00000	 0.00000	 0.00012
136.05000	 0.00000	 0.00012
136.10000	 0.00000	 0.00012
136.15000	 0.00000	 0.00011
136.20000	 0.00000	 0.00011
136.25000	 0.00000	 0.00011
136.30000	 0.00000	 0.00011
136.35000	 0.00000	 0.00011
136.40000	 0.00000	 0.00011
136.45000	 0.00000	 0.00011
136.50000	 0.00000	 0.00011
136.55000	 0.00000	 0.00011
136.60000	 0.00000	 0.00011
136.65000	 0.00000	 0.00011
136.70000	 0.00000	 0.00011
136.75000	 0.00000	 0.00011
136.80000	 0.00000	 0.00011
136.85000	 0.00000	 0.00011
136.90000	 0.00000	 0.00011
136.95000	 0.00000	 0.00011
137.00000	 0.00000	 0.00011
137.05000	 0.00000	 0.00010
137.10000	 0.00000	 0.00010
137.15000	 0.00000	 0.00010
137.20000	 0.00000	 0.00010
137.25000	 0.00000	 0.00010
137.30000	 0.00000	 0.00010
137.35000	 0.00000	 0.00010
137.40000	 0.00000	 0.00010
137.45000	 0.00000	 0.00010
137.50000	 0.00000	 0.00010
137.55000	 0.00000	 0.00010
137.60000	 0.00000	 0.00010
137.65000	 0.00000	 0.00010
137.70000	 0.00000	 0.00010
137.75000	 0.00000	 0.00010
137.80000	 0.00000	 0.00010
137.85000	 0.00000	 0.00010
137.90000	 0.00000	 0.00010
137.95000	 0.00000	 0.00010
138.00000	 0.00000	 0.00010
138.05000	 0.00000	 0.00009
138.10000	 0.00000	 0.00009
138.15000	 0.00000	 0.00009
138.20000	 0.00000	 0.00009
138.25000	 0.00000	 0.00009
138.30000	 0.00000	 0.00009
138.35000	 0.00000	 0.00009
138.40000	 0.00000	 0.00009
138.45000	 0.00000	 0.00009
138.50000	 0.00000	 0.00009
138.55000	 0.00000	 0.00009
138.60000	 0.00000	 0.00009
138.65000	 0.00000	 0.00009
138.70000	 0.00000	 0.00009
138.75000	 0.00000	 0.00009
138.80000	 0.00000	 0.00009
138.85000	 0.00000	 0.00009
138.90000	 0.00000	 0.00009
138.95000	 0.00000	 0.00009
139.00000	 0.00000	 0.00009
139.05000	 0.00000	 0.00009
139.10000	 0.00000	 0.00009
139.15000	 0.00000	 0.00008
139.20000	 0.00000	 0.00008
139.25000	 0.00000	 0.00008
139.30000	 0.00000	 0.00008
139.35000	 0.00000	 0.00008
139.40000	 0.00000	 0.00008
139.45000	 0.00000	 0.00008
139.50000	 0.00000	 0.00008
139.55000	 0.00000	 0.00008
139.60000	 0.00000	 0.00008
139.65000	 0.00000	 0.00008
139.70000	 0.00000	 0.00008
139.75000	 0.00000	 0.00008
139.80000	 0.00000	 0.00008
139.85000	 0.00000	 0.00008
139.90000	 0.00000	 0.00008
139.95000	 0.00000	 0.00008
140.00000	 0.00000	 0.00008
140.05000	 0.00000	 0.00008
140.10000	 0.00000	 0.00008
140.15000	 0.00000	 0.00008
140.20000	 0.00000	 0.00008
140.25000	 0.00000	 0.00008
140.30000	 0.00000	 0.00008
140.35000	 0.00000	 0.00008
140.40000	 0.00000	 0.00007
140.45000	 0.00000	 0.00007
140.50000	 0.00000	 0.00007
140.55000	 0.00000	 0.00007
140.60000	 0.00000	 0.00007
140.65000	 0.00000	 0.00007
140.70000	 0.00000	 0.00007
140.75000	 0.00000	 0.00007
140.80000	 0.00000	 0.00007
140.85000	 0.00000	 0.00007
140.90000	 0.00000	 0.00007
140.95000	 0.00000	 0.00007
141.00000	 0.00000	 0.00007
141.05000	 0.00000	 0.00007
141.10000	 0.00000	 0.00007
141.15000	 0.00000	 0.00007
141.20000	 0.00000	 0.00007
141.25000	 0.00000	 0.00007
141.30000	 0.00000	 0.00007
141.35000	 0.00000	 0.00007
141.40000	 0.00000	 0.00007
141.45000	 0.00000	 0.00007
141.50000	 0.00000	 0.00007
141.55000	 0.00000	 0.00007
141.60000	 0.00000	 0.00007
141.65000	 0.00000	 0.00007
141.70000	 0.00000	 0.00007
141.75000	 0.00000	 0.00007
141.80000	 0.00000	 0.00007
141.85000	 0.00000	 0.00006
141.90000	 0.00000	 0.00006
141.95000	 0.00000	 0.00006
142.00000	 0.00000	 0.00006
142.05000	 0.00000	 0.00006
142.10000	 0.00000	 0.00006
142.15000	 0.00000	 0.00006
142.20000	 0.00000	 0.00006
142.25000	 0.00000	 0.00006
142.30000	 0.00000	 0.00006
142.35000	 0.00000	 0.00006
142.40000	 0.00000	 0.00006
142.45000	 0.00000	 0.00006
142.50000	 0.00000	 0.00006
142.55000	 0.00000	 0.00006
142.60000	 0.00000	 0.00006
142.65000	 0.00000	 0.00006
142.70000	 0.00000	 0.00006
142.75000	 0.00000	 0.00006
142.80000	 0.00000	 0.00006
142.85000	 0.00000	 0.00006
142.90000	 0.00000	 0.00006
142.95000	 0.00000	 0.00006
143.00000	 0.00000	 0.00006
143.05000	 0.00000	 0.00006
143.10000	 0.00000	 0.00006
143.15000	 0.00000	 0.00006
143.20000	 0.00000	 0.00006
143.25000	 0.00000	 0.00006
143.30000	 0.00000	 0.00006
143.35000	 0.00000	 0.00006
143.40000	 0.00000	 0.00006
143.45000	 0.00000	 0.00006
143.50000	 0.00000	 0.00005
143.55000	 0.00000	 0.00005
143.60000	 0.00000	 0.00005
143.65000	 0.00000	 0.00005
143.70000	 0.00000	 0.00005
143.75000	 0.00000	 0.00005
143.80000	 0.00000	 0.00005
143.85000	 0.00000	 0.00005
143.90000	 0.00000	 0.00005
143.95000	 0.00000	 0.00005
144.00000	 0.00000	 0.00005
144.05000	 0.00000	 0.00005
144.10000	 0.00000	 0.00005
144.15000	 0.00000	 0.00005
144.20000	 0.00000	 0.00005
144.25000	 0.00000	 0.00005
144.30000	 0.00000	 0.00005
144.35000	 0.00000	 0.00005
144.40000	 0.00000	 0.00005
144.45000	 0.00000	 0.00005
144.50000	 0.00000	 0.00005
144.55000	 0.00000	 0.00005
144.60000	 0.00000	 0.00005
144.65000	 0.00000	 0.00005
144.70000	 0.00000	 0.00005
144.75000	 0.00000	 0.00005
144.80000	 0.00000	 0.00005
144.85000	 0.00000	 0.00005
144.90000	 0.00000	 0.00005
144.95000	 0.00000	 0.00005
145.00000	 0.00000	 0.00005
145.05000	 0.00000	 0.00005
145.10000	 0.00000	 0.00005
145.15000	 0.00000	 0.00005
145.20000	 0.00000	 0.00005
145.25000	 0.00000	 0.00005
145.30000	 0.00000	 0.00005
145.35000	 0.00000	 0.00005
145.40000	 0.00000	 0.00005
145.45000	 0.00000	 0.00005
145.50000	 0.00000	 0.00005
145.55000	 0.00000	 0.00004
145.60000	 0.00000	 0.00004
145.65000	 0.00000	 0.00004
145.70000	 0.00000	 0.00004
145.75000	 0.00000	 0.00004
145.80000	 0.00000	 0.00004
145.85000	 0.00000	 0.00004
145.90000	 0.00000	 0.00004
145.95000	 0.00000	 0.00004
146.00000	 0.00000	 0.00004
146.05000	 0.00000	 0.00004
146.10000	 0.00000	 0.00004
146.15000	 0.00000	 0.00004
146.20000	 0.00000	 0.00004
146.25000	 0.00000	 0.00004
146.30000	 0.00000	 0.00004
146.35000	 0.00000	 0.00004
146.40000	 0.00000	 0.00004
146.45000	 0.00000	 0.00004
146.50000	 0.00000	 0.00004
146.55000	 0.00000	 0.00004
146.60000	 0.00000	 0.00004
146.65000	 0.00000	 0.00004
146.70000	 0.00000	 0.00004
146.75000	 0.00000	 0.00004
146.80000	 0.00000	 0.00004
146.85000	 0.00000	 0.00004
146.90000	 0.00000	 0.00004
146.95000	 0.00000	 0.00004
147.00000	 0.00000	 0.00004
147.05000	 0.00000	 0.00004
147.10000	 0.00000	 0.00004
147.15000	 0.00000	 0.00004
147.20000	 0.00000	 0.00004
147.25000	 0.00000	 0.00004
147.30000	 0.00000	 0.00004
147.35000	 0.00000	 0.00004
147.40000	 0.00000	 0.00004
147.45000	 0.00000	 0.00004
147.50000	 0.00000	 0.00004
147.55000	 0.00000	 0.00004
147.60000	 0.00000	 0.00004
147.65000	 0.00000	 0.00004
147.70000	 0.00000	 0.00004
147.75000	 0.00000	 0.00004
147.80000	 0.00000	 0.00004
147.85000	 0.00000	 0.00004
147.90000	 0.00000	 0.00004
147.95000	 0.00000	 0.00004
148.00000	 0.00000	 0.00004
148.05000	 0.00000	 0.00003
148.10000	 0.00000	 0.00003
148.15000	 0.00000	 0.00003
148.20000	 0.00000	 0.00003
148.25000	 0.00000	 0.00003
148.30000	 0.00000	 0.00003
148.35000	 0.00000	 0.00003
148.40000	 0.00000	 0.00003
148.45000	 0.00000	 0.00003
148.50000	 0.00000	 0.00003
148.55000	 0.00000	 0.00003
148.60000	 0.00000	 0.00003
148.65000	 0.00000	 0.00003
148.70000	 0.00000	 0.00003
148.75000	 0.00000	 0.00003
148.80000	 0.00000	 0.00003
148.85000	 0.00000	 0.00003
148.90000	 0.00000	 0.00003
148.95000	 0.00000	 0.00003
149.00000	 0.00000	 0.00003
149.05000	 0.00000	 0.00003
149.10000	 0.00000	 0.00003
149.15000	 0.00000	 0.00003
149.20000	 0.00000	 0.00003
149.25000	 0.00000	 0.00003
149.30000	 0.00000	 0.00003
149.35000	 0.00000	 0.00003
149.40000	 0.00000	 0.00003
149.45000	 0.00000	 0.00003
149.50000	 0.00000	 0.00003
149.55000	 0.00000	 0.00003
149.60000	 0.00000	 0.00003
149.65000	 0.00000	 0.00003
149.70000	 0.00000	 0.00003
149.75000	 0.00000	 0.00003
149.80000	 0.00000	 0.00003
149.85000	 0.00000	 0.00003
149.90000	 0.00000	 0.00003
149.95000	 0.00000	 0.00003
150.00000	 0.00000	 0.00003
150.05000	 0.00000	 0.00003
150.10000	 0.00000	 0.00003
150.15000	 0.00000	 0.00003
150.20000	 0.00000	 0.00003
150.25000	 0.00000	 0.00003
150.30000	 0.00000	 0.00003
150.35000	 0.00000	 0.00003
150.40000	 0.00000	 0.00003
150.45000	 0.00000	 0.00003
150.50000	 0.00000	 0.00003
150.55000	 0.00000	 0.00003
150.60000	 0.00000	 0.00003
150.65000	 0.00000	 0.00003
150.70000	 0.00000	 0.00003
150.75000	 0.00000	 0.00003
150.80000	 0.00000	 0.00003
150.85000	 0.00000	 0.00003
150.90000	 0.00000	 0.00003
150.95000	 0.00000	 0.00003
151.00000	 0.00000	 0.00003
151.05000	 0.00000	 0.00003
151.10000	 0.00000	 0.00003
151.15000	 0.00000	 0.00003
151.20000	 0.00000	 0.00003
151.25000	 0.00000	 0.00003
151.30000	 0.00000	 0.00003
151.35000	 0.00000	 0.00003
151.40000	 0.00000	 0.00002
151.45000	 0.00000	 0.00002
151.50000	 0.00000	 0.00002
151.55000	 0.00000	 0.00002
151.60000	 0.00000	 0.00002
151.65000	 0.00000	 0.00002
151.70000	 0.00000	 0.00002
151.75000	 0.00000	 0.00002
151.80000	 0.00000	 0.00002
151.85000	 0.00000	 0.00002
151.90000	 0.00000	 0.00002
151.95000	 0.00000	 0.00002
152.00000	 0.00000	 0.00002
152.05000	 0.00000	 0.00002
152.10000	 0.00000	 0.00002
152.15000	 0.00000	 0.00002
152.20000	 0.00000	 0.00002
152.25000	 0.00000	 0.00002
152.30000	 0.00000	 0.00002
152.35000	 0.00000	 0.00002
152.40000	 0.00000	 0.00002
152.45000	 0.00000	 0.00002
152.50000	 0.00000	 0.00002
152.55000	 0.00000	 0.00002
152.60000	 0.00000	 0.00002
152.65000	 0.00000	 0.00002
152.70000	 0.00000	 0.00002
152.75000	 0.00000	 0.00002
152.80000	 0.00000	 0.00002
152.85000	 0.00000	 0.00002
152.90000	 0.00000	 0.00002
152.95000	 0.00000	 0.00002
153.00000	 0.00000	 0.00002
153.05000	 0.00000	 0.00002
153.10000	 0.00000	 0.00002
153.15000	 0.00000	 0.00002
153.20000	 0.00000	 0.00002
153.25000	 0.00000	 0.00002
153.30000	 0.00000	 0.00002
153.35000	 0.00000	 0.00002
153.40000	 0.00000	 0.00002
153.45000	 0.00000	 0.00002
153.50000	 0.00000	 0.00002
153.55000	 0.00000	 0.00002
153.60000	 0.00000	 0.00002
153.65000	 0.00000	 0.00002
153.70000	 0.00000	 0.00002
153.75000	 0.00000	 0.00002
153.80000	 0.00000	 0.00002
153.85000	 0.00000	 0.00002
153.90000	 0.00000	 0.00002
153.95000	 0.00000	 0.00002
154.00000	 0.00000	 0.00002
154.05000	 0.00000	 0.00002
154.10000	 0.00000	 0.00002
154.15000	 0.00000	 0.00002
154.20000	 0.00000	 0.00002
154.25000	 0.00000	 0.00002
154.30000	 0.00000	 0.00002
154.35000	 0.00000	 0.00002
154.40000	 0.00000	 0.00002
154.45000	 0.00000	 0.00002
154.50000	 0.00000	 0.00002
154.55000	 0.00000	 0.00002
154.60000	 0.00000	 0.00002
154.65000	 0.00000	 0.00002
154.70000	 0.00000	 0.00002
154.75000	 0.00000	 0.00002
154.80000	 0.00000	 0.00002
154.85000	 0.00000	 0.00002
154.90000	 0.00000	 0.00002
154.95000	 0.00000	 0.00002
155.00000	 0.00000	 0.00002
155.05000	 0.00000	 0.00002
155.10000	 0.00000	 0.00002
155.15000	 0.00000	 0.00002
155.20000	 0.00000	 0.00002
155.25000	 0.00000	 0.00002
155.30000	 0.00000	 0.00002
155.35000	 0.00000	 0.00002
155.40000	 0.00000	 0.00002
155.45000	 0.00000	 0.00002
155.50000	 0.00000	 0.00002
155.55000	 0.00000	 0.00002
155.60000	 0.00000	 0.00002
155.65000	 0.00000	 0.00002
155.70000	 0.00000	 0.00002
155.75000	 0.00000	 0.00002
155.80000	 0.00000	 0.00002
155.85000	 0.00000	 0.00002
155.90000	 0.00000	 0.00002
155.95000	 0.00000	 0.00002
156.00000	 0.00000	 0.00002
156.05000	 0.00000	 0.00002
156.10000	 0.00000	 0.00002
156.15000	 0.00000	 0.00002
156.20000	 0.00000	 0.00002
156.25000	 0.00000	 0.00002
156.30000	 0.00000	 0.00002
156.35000	 0.00000	 0.00002
156.40000	 0.00000	 0.00002
156.45000	 0.00000	 0.00002
156.50000	 0.00000	 0.00001
156.55000	 0.00000	 0.00001
156.60000	 0.00000	 0.00001
156.65000	 0.00000	 0.00001
156.70000	 0.00000	 0.00001
156.75000	 0.00000	 0.00001
156.80000	 0.00000	 0.00001
156.85000	 0.00000	 0.00001
156.90000	 0.00000	 0.00001
156.95000	 0.00000	 0.00001
157.00000	 0.00000	 0.00001
157.05000	 0.00000	 0.00001
157.10000	 0.00000	 0.00001
157.15000	 0.00000	 0.00001
157.20000	 0.00000	 0.00001
157.25000	 0.00000	 0.00001
157.30000	 0.00000	 0.00001
157.35000	 0.00000	 0.00001
157.40000	 0.00000	 0.00001
157.45000	 0.00000	 0.00001
157.50000	 0.00000	 0.00001
157.55000	 0.00000	 0.00001
157.60000	 0.00000	 0.00001
157.65000	 0.00000	 0.00001
157.70000	 0.00000	 0.00001
157.75000	 0.00000	 0.00001
157.80000	 0.00000	 0.00001
157.85000	 0.00000	 0.00001
157.90000	 0.00000	 0.00001
157.95000	 0.00000	 0.00001
158.00000	 0.00000	 0.00001
158.05000	 0.00000	 0.00001
158.10000	 0.00000	 0.00001
158.15000	 0.00000	 0.00001
158.20000	 0.00000	 0.00001
158.25000	 0.00000	 0.00001
158.30000	 0.00000	 0.00001
158.35000	 0.00000	 0.00001
158.40000	 0.00000	 0.00001
158.45000	 0.00000	 0.00001
158.50000	 0.00000	 0.00001
158.55000	 0.00000	 0.00001
158.60000	 0.00000	 0.00001
158.65000	 0.00000	 0.00001
158.70000	 0.00000	 0.00001
158.75000	 0.00000	 0.00001
158.80000	 0.00000	 0.00001
158.85000	 0.00000	 0.00001
158.90000	 0.00000	 0.00001
158.95000	 0.00000	 0.00001
159.00000	 0.00000	 0.00001
159.05000	 0.00000	 0.00001
159.10000	 0.00000	 0.00001
159.15000	 0.00000	 0.00001
159.20000	 0.00000	 0.00001
159.25000	 0.00000	 0.00001
159.30000	 0.00000	 0.00001
159.35000	 0.00000	 0.00001
159.40000	 0.00000	 0.00001
159.45000	 0.00000	 0.00001
159.50000	 0.00000	 0.00001
159.55000	 0.00000	 0.00001
159.60000	 0.00000	 0.00001
159.65000	 0.00000	 0.00001
159.70000	 0.00000	 0.00001
159.75000	 0.00000	 0.00001
159.80000	 0.00000	 0.00001
159.85000	 0.00000	 0.00001
159.90000	 0.00000	 0.00001
159.95000	 0.00000	 0.00001
160.00000	 0.00000	 0.00001
160.05000	 0.00000	 0.00001
160.10000	 0.00000	 0.00001
160.15000	 0.00000	 0.00001
160.20000	 0.00000	 0.00001
160.25000	 0.00000	 0.00001
160.30000	 0.00000	 0.00001
160.35000	 0.00000	 0.00001
160.40000	 0.00000	 0.00001
160.45000	 0.00000	 0.00001
160.50000	 0.00000	 0.00001
160.55000	 0.00000	 0.00001
160.60000	 0.00000	 0.00001
160.65000	 0.00000	 0.00001
160.70000	 0.00000	 0.00001
160.75000	 0.00000	 0.00001
160.80000	 0.00000	 0.00001
160.85000	 0.00000	 0.00001
160.90000	 0.00000	 0.00001
160.95000	 0.00000	 0.00001
161.00000	 0.00000	 0.00001
161.05000	 0.00000	 0.00001
161.10000	 0.00000	 0.00001
161.15000	 0.00000	 0.00001
161.20000	 0.00000	 0.00001
161.25000	 0.00000	 0.00001
161.30000	 0.00000	 0.00001
161.35000	 0.00000	 0.00001
161.40000	 0.00000	 0.00001
161.45000	 0.00000	 0.00001
161.50000	 0.00000	 0.00001
161.55000	 0.00000	 0.00001
161.60000	 0.00000	 0.00001
161.65000	 0.00000	 0.00001
161.70000	 0.00000	 0.00001
161.75000	 0.00000	 0.00001
161.80000	 0.00000	 0.00001
161.85000	 0.00000	 0.00001
161.90000	 0.00000	 0.00001
161.95000	 0.00000	 0.00001
162.00000	 0.00000	 0.00001
162.05000	 0.00000	 0.00001
162.10000	 0.00000	 0.00001
162.15000	 0.00000	 0.00001
162.20000	 0.00000	 0.00001
162.25000	 0.00000	 0.00001
162.30000	 0.00000	 0.00001
162.35000	 0.00000	 0.00001
162.40000	 0.00000	 0.00001
162.45000	 0.00000	 0.00001
162.50000	 0.00000	 0.00001
162.55000	 0.00000	 0.00001
162.60000	 0.00000	 0.00001
162.65000	 0.00000	 0.00001
162.70000	 0.00000	 0.00001
162.75000	 0.00000	 0.00001
162.80000	 0.00000	 0.00001
162.85000	 0.00000	 0.00001
162.90000	 0.00000	 0.00001
162.95000	 0.00000	 0.00001
163.00000	 0.00000	 0.00001
163.05000	 0.00000	 0.00001
163.10000	 0.00000	 0.00001
163.15000	 0.00000	 0.00001
163.20000	 0.00000	 0.00001
163.25000	 0.00000	 0.00001
163.30000	 0.00000	 0.00001
163.35000	 0.00000	 0.00001
163.40000	 0.00000	 0.00001
163.45000	 0.00000	 0.00001
163.50000	 0.00000	 0.00001
163.55000	 0.00000	 0.00001
163.60000	 0.00000	 0.00001
163.65000	 0.00000	 0.00001
163.70000	 0.00000	 0.00001
163.75000	 0.00000	 0.00001
163.80000	 0.00000	 0.00001
163.85000	 0.00000	 0.00001
163.90000	 0.00000	 0.00001
163.95000	 0.00000	 0.00001
164.00000	 0.00000	 0.00001
164.05000	 0.00000	 0.00001
164.10000	 0.00000	 0.00001
164.15000	 0.00000	 0.00001
164.20000	 0.00000	 0.00001
164.25000	 0.00000	 0.00001
164.30000	 0.00000	 0.00001
164.35000	 0.00000	 0.00001
164.40000	 0.00000	 0.00001
164.45000	 0.00000	 0.00001
164.50000	 0.00000	 0.00001
164.55000	 0.00000	 0.00001
164.60000	 0.00000	 0.00001
164.65000	 0.00000	 0.00001
164.70000	 0.00000	 0.00001
164.75000	 0.00000	 0.00001
164.80000	 0.00000	 0.00001
164.85000	 0.00000	 0.00001
164.90000	 0.00000	 0.00001
164.95000	 0.00000	 0.00001
165.00000	 0.00000	 0.00001
165.05000	 0.00000	 0.00001
165.10000	 0.00000	 0.00001
165.15000	 0.00000	 0.00001
165.20000	 0.00000	 0.00001
165.25000	 0.00000	 0.00001
165.30000	 0.00000	 0.00001
165.35000	 0.00000	 0.00001
165.40000	 0.00000	 0.00001
165.45000	 0.00000	 0.00001
165.50000	 0.00000	 0.00001
165.55000	 0.00000	 0.00001
165.60000	 0.00000	 0.00001
165.65000	 0.00000	 0.00001
165.70000	 0.00000	 0.00001
165.75000	 0.00000	 0.00001
165.80000	 0.00000	 0.00001
165.85000	 0.00000	 0.00001
165.90000	 0.00000	 0.00001
165.95000	 0.00000	 0.00001
166.00000	 0.00000	 0.00001
166.05000	 0.00000	 0.00001
166.10000	 0.00000	 0.00001
166.15000	 0.00000	 0.00001
166.20000	 0.00000	 0.00001
166.25000	 0.00000	 0.00001
166.30000	 0.00000	 0.00001
166.35000	 0.00000	 0.00001
166.40000	 0.00000	 0.00001
166.45000	 0.00000	 0.00001
166.50000	 0.00000	 0.00001
166.55000	 0.00000	 0.00001
166.60000	 0.00000	 0.00001
166.65000	 0.00000	 0.00001
166.70000	 0.00000	 0.00001
166.75000	 0.00000	 0.00001
166.80000	 0.00000	 0.00001
166.85000	 0.00000	 0.00001
166.90000	 0.00000	 0.00001
166.95000	 0.00000	 0.00001
167.00000	 0.00000	 0.00001
167.05000	 0.00000	 0.00001
167.10000	 0.00000	 0.00001
167.15000	 0.00000	 0.00001
167.20000	 0.00000	 0.00001
167.25000	 0.00000	 0.00001
167.30000	 0.00000	 0.00001
167.35000	 0.00000	 0.00001
167.40000	 0.00000	 0.00001
167.45000	 0.00000	 0.00001
167.50000	 0.00000	 0.00000
167.55000	 0.00000	 0.00000
167.60000	 0.00000	 0.00000
167.65000	 0.00000	 0.00000
167.70000	 0.00000	 0.00000
167.75000	 0.00000	 0.00000
167.80000	 0.00000	 0.00000
167.85000	 0.00000	 0.00000
167.90000	 0.00000	 0.00000
167.95000	 0.00000	 0.00000
168.00000	 0.00000	 0.00000
168.05000	 0.00000	 0.00000
168.10000	 0.00000	 0.00000
168.15000	 0.00000	 0.00000
168.20000	 0.00000	 0.00000
168.25000	 0.00000	 0.00000
168.30000	 0.00000	 0.00000
168.35000	 0.00000	 0.00000
168.40000	 0.00000	 0.00000
168.45000	 0.00000	 0.00000
168.50000	 0.00000	 0.00000
168.55000	 0.00000	 0.00000
168.60000	 0.00000	 0.00000
168.65000	 0.00000	 0.00000
168.70000	 0.00000	 0.00000
168.75000	 0.00000	 0.00000
168.80000	 0.00000	 0.00000
168.85000	 0.00000	 0.00000
168.90000	 0.00000	 0.00000
168.95000	 0.00000	 0.00000
169.00000	 0.00000	 0.00000
169.05000	 0.00000	 0.00000
169.10000	 0.00000	 0.00000
169.15000	 0.00000	 0.00000
169.20000	 0.00000	 0.00000
169.25000	 0.00000	 0.00000
169.30000	 0.00000	 0.00000
169.35000	 0.00000	 0.00000
169.40000	 0.00000	 0.00000
169.45000	 0.00000	 0.00000
169.50000	 0.00000	 0.00000
169.55000	 0.00000	 0.00000
169.60000	 0.00000	 0.00000
169.65000	 0.00000	 0.00000
169.70000	 0.00000	 0.00000
169.75000	 0.00000	 0.00000
169.80000	 0.00000	 0.00000
169.85000	 0.00000	 0.00000
169.90000	 0.00000	 0.00000
169.95000	 0.00000	 0.00000
170.00000	 0.00000	 0.00000
170.05000	 0.00000	 0.00000
170.10000	 0.00000	 0.00000
170.15000	 0.00000	 0.00000
170.20000	 0.00000	 0.00000
170.25000	 0.00000	 0.00000
170.30000	 0.00000	 0.00000
170.35000	 0.00000	 0.00000
170.40000	 0.00000	 0.00000
170.45000	 0.00000	 0.00000
170.50000	 0.00000	 0.00000
170.55000	 0.00000	 0.00000
170.60000	 0.00000	 0.00000
170.65000	 0.00000	 0.00000
170.70000	 0.00000	 0.00000
170.75000	 0.00000	 0.00000
170.80000	 0.00000	 0.00000
170.85000	 0.00000	 0.00000
170.90000	 0.00000	 0.00000
170.95000	 0.00000	 0.00000
171.00000	 0.00000	 0.00000
171.05000	 0.00000	 0.00000
171.10000	 0.00000	 0.00000
171.15000	 0.00000	 0.00000
171.20000	 0.00000	 0.00000
171.25000	 0.00000	 0.00000
171.30000	 0.00000	 0.00000
171.35000	 0.00000	 0.00000
171.40000	 0.00000	 0.00000
171.45000	 0.00000	 0.00000
171.50000	 0.00000	 0.00000
171.55000	 0.00000	 0.00000
171.60000	 0.00000	 0.00000
171.65000	 0.00000	 0.00000
171.70000	 0.00000	 0.00000
171.75000	 0.00000	 0.00000
171.80000	 0.00000	 0.00000
171.85000	 0.00000	 0.00000
171.90000	 0.00000	 0.00000
171.95000	 0.00000	 0.00000
172.00000	 0.00000	 0.00000
172.05000	 0.00000	 0.00000
172.10000	 0.00000	 0.00000
172.15000	 0.00000	 0.00000
172.20000	 0.00000	 0.00000
172.25000	 0.00000	 0.00000
172.30000	 0.00000	 0.00000
172.35000	 0.00000	 0.00000
172.40000	 0.00000	 0.00000
172.45000	 0.00000	 0.00000
172.50000	 0.00000	 0.00000
172.55000	 0.00000	 0.00000
172.60000	 0.00000	 0.00000
172.65000	 0.00000	 0.00000
172.70000	 0.00000	 0.00000
172.75000	 0.00000	 0.00000
172.80000	 0.00000	 0.00000
172.85000	 0.00000	 0.00000
172.90000	 0.00000	 0.00000
172.95000	 0.00000	 0.00000
173.00000	 0.00000	 0.00000
173.05000	 0.00000	 0.00000
173.10000	 0.00000	 0.00000
173.15000	 0.00000	 0.00000
173.20000	 0.00000	 0.00000
173.25000	 0.00000	 0.00000
173.30000	 0.00000	 0.00000
173.35000	 0.00000	 0.00000
173.40000	 0.00000	 0.00000
173.45000	 0.00000	 0.00000
173.50000	 0.00000	 0.00000
173.55000	 0.00000	 0.00000
173.60000	 0.00000	 0.00000
173.65000	 0.00000	 0.00000
173.70000	 0.00000	 0.00000
173.75000	 0.00000	 0.00000
173.80000	 0.00000	 0.00000
173.85000	 0.00000	 0.00000
173.90000	 0.00000	 0.00000
173.95000	 0.00000	 0.00000
174.00000	 0.00000	 0.00000
174.05000	 0.00000	 0.00000
174.10000	 0.00000	 0.00000
174.15000	 0.00000	 0.00000
174.20000	 0.00000	 0.00000
174.25000	 0.00000	 0.00000
174.30000	 0.00000	 0.00000
174.35000	 0.00000	 0.00000
174.40000	 0.00000	 0.00000
174.45000	 0.00000	 0.00000
174.50000	 0.00000	 0.00000
174.55000	 0.00000	 0.00000
174.60000	 0.00000	 0.00000
174.65000	 0.00000	 0.00000
174.70000	 0.00000	 0.00000
174.75000	 0.00000	 0.00000
174.80000	 0.00000	 0.00000
174.85000	 0.00000	 0.00000
174.90000	 0.00000	 0.00000
174.95000	 0.00000	 0.00000
175.00000	 0.00000	 0.00000
175.05000	 0.00000	 0.00000
175.10000	 0.00000	 0.00000
175.15000	 0.00000	 0.00000
175.20000	 0.00000	 0.00000
175.25000	 0.00000	 0.00000
175.30000	 0.00000	 0.00000
175.35000	 0.00000	 0.00000
175.40000	 0.00000	 0.00000
175.45000	 0.00000	 0.00000
175.50000	 0.00000	 0.00000
175.55000	 0.00000	 0.00000
175.60000	 0.00000	 0.00000
175.65000	 0.00000	 0.00000
175.70000	 0.00000	 0.00000
175.75000	 0.00000	 0.00000
175.80000	 0.00000	 0.00000
175.85000	 0.00000	 0.00000
175.90000	 0.00000	 0.00000
175.95000	 0.00000	 0.00000
176.00000	 0.00000	 0.00000
176.05000	 0.00000	 0.00000
176.10000	 0.00000	 0.00000
176.15000	 0.00000	 0.00000
176.20000	 0.00000	 0.00000
176.25000	 0.00000	 0.00000
176.30000	 0.00000	 0.00000
176.35000	 0.00000	 0.00000
176.40000	 0.00000	 0.00000
176.45000	 0.00000	 0.00000
176.50000	 0.00000	 0.00000
176.55000	 0.00000	 0.00000
176.60000	 0.00000	 0.00000
176.65000	 0.00000	 0.00000
176.70000	 0.00000	 0.00000
176.75000	 0.00000	 0.00000
176.80000	 0.00000	 0.00000
176.85000	 0.00000	 0.00000
176.90000	 0.00000	 0.00000
176.95000	 0.00000	 0.00000
177.00000	 0.00000	 0.00000
177.05000	 0.00000	 0.00000
177.10000	 0.00000	 0.00000
177.15000	 0.00000	 0.00000
177.20000	 0.00000	 0.00000
177.25000	 0.00000	 0.00000
177.30000	 0.00000	 0.00000
177.35000	 0.00000	 0.00000
177.40000	 0.00000	 0.00000
177.45000	 0.00000	 0.00000
177.50000	 0.00000	 0.00000
177.55000	 0.00000	 0.00000
177.60000	 0.00000	 0.00000
177.65000	 0.00000	 0.00000
177.70000	 0.00000	 0.00000
177.75000	 0.00000	 0.00000
177.80000	 0.00000	 0.00000
177.85000	 0.00000	 0.00000
177.90000	 0.00000	 0.00000
177.95000	 0.00000	 0.00000
178.00000	 0.00000	 0.00000
178.05000	 0.00000	 0.00000
178.10000	 0.00000	 0.00000
178.15000	 0.00000	 0.00000
178.20000	 0.00000	 0.00000
178.25000	 0.00000	 0.00000
178.30000	 0.00000	 0.00000
178.35000	 0.00000	 0.00000
178.40000	 0.00000	 0.00000
178.45000	 0.00000	 0.00000
178.50000	 0.00000	 0.00000
178.55000	 0.00000	 0.00000
178.60000	 0.00000	 0.00000
178.65000	 0.00000	 0.00000
178.70000	 0.00000	 0.00000
178.75000	 0.00000	 0.00000
178.80000	 0.00000	 0.00000
178.85000	 0.00000	 0.00000
178.90000	 0.00000	 0.00000
178.95000	 0.00000	 0.00000
179.00000	 0.00000	 0.00000
179.05000	 0.00000	 0.00000
179.10000	 0.00000	 0.00000
179.15000	 0.00000	 0.00000
179.20000	 0.00000	 0.00000
179.25000	 0.00000	 0.00000
179.30000	 0.00000	 0.00000
179.35000	 0.00000	 0.00000
179.40000	 0.00000	 0.00000
179.45000	 0.00000	 0.00000
179.50000	 0.00000	 0.00000
179.55000	 0.00000	 0.00000
179.60000	 0.00000	 0.00000
179.65000	 0.00000	 0.00000
179.70000	 0.00000	 0.00000
179.75000	 0.00000	 0.00000
179.80000	 0.00000	 0.00000
179.85000	 0.00000	 0.00000
179.90000	 0.00000	 0.00000
179.95000	 0.00000	 0.00000
180.00000	 0.00000	 0.00000
180.05000	 0.00000	 0.00000
180.10000	 0.00000	 0.00000
180.15000	 0.00000	 0.00000
180.20000	 0.00000	 0.00000
180.25000	 0.00000	 0.00000
180.30000	 0.00000	 0.00000
180.35000	 0.00000	 0.00000
180.40000	 0.00000	 0.00000
180.45000	 0.00000	 0.00000
180.50000	 0.00000	 0.00000
180.55000	 0.00000	 0.00000
180.60000	 0.00000	 0.00000
180.65000	 0.00000	 0.00000
180.70000	 0.00000	 0.00000
180.75000	 0.00000	 0.00000
180.80000	 0.00000	 0.00000
180.85000	 0.00000	 0.00000
180.90000	 0.00000	 0.00000
180.95000	 0.00000	 0.00000
181.00000	 0.00000	 0.00000
181.05000	 0.00000	 0.00000
181.10000	 0.00000	 0.00000
181.15000	 0.00000	 0.00000
181.20000	 0.00000	 0.00000
181.25000	 0.00000	 0.00000
181.30000	 0.00000	 0.00000
181.35000	 0.00000	 0.00000
181.40000	 0.00000	 0.00000
181.45000	 0.00000	 0.00000
181.50000	 0.00000	 0.00000
181.55000	 0.00000	 0.00000
181.60000	 0.00000	 0.00000
181.65000	 0.00000	 0.00000
181.70000	 0.00000	 0.00000
181.75000	 0.00000	 0.00000
181.80000	 0.00000	 0.00000
181.85000	 0.00000	 0.00000
181.90000	 0.00000	 0.00000
181.95000	 0.00000	 0.00000
182.00000	 0.00000	 0.00000
182.05000	 0.00000	 0.00000
182.10000	 0.00000	 0.00000
182.15000	 0.00000	 0.00000
182.20000	 0.00000	 0.00000
182.25000	 0.00000	 0.00000
182.30000	 0.00000	 0.00000
182.35000	 0.00000	 0.00000
182.40000	 0.00000	 0.00000
182.45000	 0.00000	 0.00000
182.50000	 0.00000	 0.00000
182.55000	 0.00000	 0.00000
182.60000	 0.00000	 0.00000
182.65000	 0.00000	 0.00000
182.70000	 0.00000	 0.00000
182.75000	 0.00000	 0.00000
182.80000	 0.00000	 0.00000
182.85000	 0.00000	 0.00000
182.90000	 0.00000	 0.00000
182.95000	 0.00000	 0.00000
183.00000	 0.00000	 0.00000
183.05000	 0.00000	 0.00000
183.10000	 0.00000	 0.00000
183.15000	 0.00000	 0.00000
183.20000	 0.00000	 0.00000
183.25000	 0.00000	 0.00000
183.30000	 0.00000	 0.00000
183.35000	 0.00000	 0.00000
183.40000	 0.00000	 0.00000
183.45000	 0.00000	 0.00000
183.50000	 0.00000	 0.00000
183.55000	 0.00000	 0.00000
183.60000	 0.00000	 0.00000
183.65000	 0.00000	 0.00000
183.70000	 0.00000	 0.00000
183.75000	 0.00000	 0.00000
183.80000	 0.00000	 0.00000
183.85000	 0.00000	 0.00000
183.90000	 0.00000	 0.00000
183.95000	 0.00000	 0.00000
184.00000	 0.00000	 0.00000
184.05000	 0.00000	 0.00000
184.10000	 0.00000	 0.00000
184.15000	 0.00000	 0.00000
184.20000	 0.00000	 0.00000
184.25000	 0.00000	 0.00000
184.30000	 0.00000	 0.00000
184.35000	 0.00000	 0.00000
184.40000	 0.00000	 0.00000
184.45000	 0.00000	 0.00000
184.50000	 0.00000	 0.00000
184.55000	 0.00000	 0.00000
184.60000	 0.00000	 0.00000
184.65000	 0.00000	 0.00000
184.70000	 0.00000	 0.00000
184.75000	 0.00000	 0.00000
184.80000	 0.00000	 0.00000
184.85000	 0.00000	 0.00000
184.90000	 0.00000	 0.00000
184.95000	 0.00000	 0.00000
185.00000	 0.00000	 0.00000
185.05000	 0.00000	 0.00000
185.10000	 0.00000	 0.00000
185.15000	 0.00000	 0.00000
185.20000	 0.00000	 0.00000
185.25000	 0.00000	 0.00000
185.30000	 0.00000	 0.00000
185.35000	 0.00000	 0.00000
185.40000	 0.00000	 0.00000
185.45000	 0.00000	 0.00000
185.50000	 0.00000	 0.00000
185.55000	 0.00000	 0.00000
185.60000	 0.00000	 0.00000
185.65000	 0.00000	 0.00000
185.70000	 0.00000	 0.00000
185.75000	 0.00000	 0.00000
185.80000	 0.00000	 0.00000
185.85000	 0.00000	 0.00000
185.90000	 0.00000	 0.00000
185.95000	 0.00000	 0.00000
186.00000	 0.00000	 0.00000
186.05000	 0.00000	 0.00000
186.10000	 0.00000	 0.00000
186.15000	 0.00000	 0.00000
186.20000	 0.00000	 0.00000
186.25000	 0.00000	 0.00000
186.30000	 0.00000	 0.00000
186.35000	 0.00000	 0.00000
186.40000	 0.00000	 0.00000
186.45000	 0.00000	 0.00000
186.50000	 0.00000	 0.00000
186.55000	 0.00000	 0.00000
186.60000	 0.00000	 0.00000
186.65000	 0.00000	 0.00000
186.70000	 0.00000	 0.00000
186.75000	 0.00000	 0.00000
186.80000	 0.00000	 0.00000
186.85000	 0.00000	 0.00000
186.90000	 0.00000	 0.00000
186.95000	 0.00000	 0.00000
187.00000	 0.00000	 0.00000
187.05000	 0.00000	 0.00000
187.10000	 0.00000	 0.00000
187.15000	 0.00000	 0.00000
187.20000	 0.00000	 0.00000
187.25000	 0.00000	 0.00000
187.30000	 0.00000	 0.00000
187.35000	 0.00000	 0.00000
187.40000	 0.00000	 0.00000
187.45000	 0.00000	 0.00000
187.50000	 0.00000	 0.00000
187.55000	 0.00000	 0.00000
187.60000	 0.00000	 0.00000
187.65000	 0.00000	 0.00000
187.70000	 0.00000	 0.00000
187.75000	 0.00000	 0.00000
187.80000	 0.00000	 0.00000
187.85000	 0.00000	 0.00000
187.90000	 0.00000	 0.00000
187.95000	 0.00000	 0.00000
188.00000	 0.00000	 0.00000
188.05000	 0.00000	 0.00000
188.10000	 0.00000	 0.00000
188.15000	 0.00000	 0.00000
188.20000	 0.00000	 0.00000
188.25000	 0.00000	 0.00000
188.30000	 0.00000	 0.00000
188.35000	 0.00000	 0.00000
188.40000	 0.00000	 0.00000
188.45000	 0.00000	 0.00000
188.50000	 0.00000	 0.00000
188.55000	 0.00000	 0.00000
188.60000	 0.00000	 0.00000
188.65000	 0.00000	 0.00000
188.70000	 0.00000	 0.00000
188.75000	 0.00000	 0.00000
188.80000	 0.00000	 0.00000
188.85000	 0.00000	 0.00000
188.90000	 0.00000	 0.00000
188.95000	 0.00000	 0.00000
189.00000	 0.00000	 0.00000
189.05000	 0.00000	 0.00000
189.10000	 0.00000	 0.00000
189.15000	 0.00000	 0.00000
189.20000	 0.00000	 0.00000
189.25000	 0.00000	 0.00000
189.30000	 0.00000	 0.00000
189.35000	 0.00000	 0.00000
189.40000	 0.00000	 0.00000
189.45000	 0.00000	 0.00000
189.50000	 0.00000	 0.00000
189.55000	 0.00000	 0.00000
189.60000	 0.00000	 0.00000
189.65000	 0.00000	 0.00000
189.70000	 0.00000	 0.00000
189.75000	 0.00000	 0.00000
189.80000	 0.00000	 0.00000
189.85000	 0.00000	 0.00000
189.90000	 0.00000	 0.00000
189.95000	 0.00000	 0.00000
190.00000	 0.00000	 0.00000
190.05000	 0.00000	 0.00000
190.10000	 0.00000	 0.00000
190.15000	 0.00000	 0.00000
190.20000	 0.00000	 0.00000
190.25000	 0.00000	 0.00000
190.30000	 0.00000	 0.00000
190.35000	 0.00000	 0.00000
190.40000	 0.00000	 0.00000
190.45000	 0.00000	 0.00000
190.50000	 0.00000	 0.00000
190.55000	 0.00000	 0.00000
190.60000	 0.00000	 0.00000
190.65000	 0.00000	 0.00000
190.70000	 0.00000	 0.00000
190.75000	 0.00000	 0.00000
190.80000	 0.00000	 0.00000
190.85000	 0.00000	 0.00000
190.90000	 0.00000	 0.00000
190.95000	 0.00000	 0.00000
191.00000	 0.00000	 0.00000
191.05000	 0.00000	 0.00000
191.10000	 0.00000	 0.00000
191.15000	 0.00000	 0.00000
191.20000	 0.00000	 0.00000
191.25000	 0.00000	 0.00000
191.30000	 0.00000	 0.00000
191.35000	 0.00000	 0.00000
191.40000	 0.00000	 0.00000
191.45000	 0.00000	 0.00000
191.50000	 0.00000	 0.00000
191.55000	 0.00000	 0.00000
191.60000	 0.00000	 0.00000
191.65000	 0.00000	 0.00000
191.70000	 0.00000	 0.00000
191.75000	 0.00000	 0.00000
191.80000	 0.00000	 0.00000
191.85000	 0.00000	 0.00000
191.90000	 0.00000	 0.00000
191.95000	 0.00000	 0.00000
192.00000	 0.00000	 0.00000
192.05000	 0.00000	 0.00000
192.10000	 0.00000	 0.00000
192.15000	 0.00000	 0.00000
192.20000	 0.00000	 0.00000
192.25000	 0.00000	 0.00000
192.30000	 0.00000	 0.00000
192.35000	 0.00000	 0.00000
192.40000	 0.00000	 0.00000
192.45000	 0.00000	 0.00000
192.50000	 0.00000	 0.00000
192.55000	 0.00000	 0.00000
192.60000	 0.00000	 0.00000
192.65000	 0.00000	 0.00000
192.70000	 0.00000	 0.00000
192.75000	 0.00000	 0.00000
192.80000	 0.00000	 0.00000
192.85000	 0.00000	 0.00000
192.90000	 0.00000	 0.00000
192.95000	 0.00000	 0.00000
193.00000	 0.00000	 0.00000
193.05000	 0.00000	 0.00000
193.10000	 0.00000	 0.00000
193.15000	 0.00000	 0.00000
193.20000	 0.00000	 0.00000
193.25000	 0.00000	 0.00000
193.30000	 0.00000	 0.00000
193.35000	 0.00000	 0.00000
193.40000	 0.00000	 0.00000
193.45000	 0.00000	 0.00000
193.50000	 0.00000	 0.00000
193.55000	 0.00000	 0.00000
193.60000	 0.00000	 0.00000
193.65000	 0.00000	 0.00000
193.70000	 0.00000	 0.00000
193.75000	 0.00000	 0.00000
193.80000	 0.00000	 0.00000
193.85000	 0.00000	 0.00000
193.90000	 0.00000	 0.00000
193.95000	 0.00000	 0.00000
194.00000	 0.00000	 0.00000
194.05000	 0.00000	 0.00000
194.10000	 0.00000	 0.00000
194.15000	 0.00000	 0.00000
194.20000	 0.00000	 0.00000
194.25000	 0.00000	 0.00000
194.30000	 0.00000	 0.00000
194.35000	 0.00000	 0.00000
194.40000	 0.00000	 0.00000
194.45000	 0.00000	 0.00000
194.50000	 0.00000	 0.00000
194.55000	 0.00000	 0.00000
194.60000	 0.00000	 0.00000
194.65000	 0.00000	 0.00000
194.70000	 0.00000	 0.00000
194.75000	 0.00000	 0.00000
194.80000	 0.00000	 0.00000
194.85000	 0.00000	 0.00000
194.90000	 0.00000	 0.00000
194.95000	 0.00000	 0.00000
195.00000	 0.00000	 0.00000
195.05000	 0.00000	 0.00000
195.10000	 0.00000	 0.00000
195.15000	 0.00000	 0.00000
195.20000	 0.00000	 0.00000
195.25000	 0.00000	 0.00000
195.30000	 0.00000	 0.00000
195.35000	 0.00000	 0.00000
195.40000	 0.00000	 0.00000
195.45000	 0.00000	 0.00000
195.50000	 0.00000	 0.00000
195.55000	 0.00000	 0.00000
195.60000	 0.00000	 0.00000
195.65000	 0.00000	 0.00000
195.70000	 0.00000	 0.00000
195.75000	 0.00000	 0.00000
195.80000	 0.00000	 0.00000
195.85000	 0.00000	 0.00000
195.90000	 0.00000	 0.00000
195.95000	 0.00000	 0.00000
196.00000	 0.00000	 0.00000
196.05000	 0.00000	 0.00000
196.10000	 0.00000	 0.00000
196.15000	 0.00000	 0.00000
196.20000	 0.00000	 0.00000
196.25000	 0.00000	 0.00000
196.30000	 0.00000	 0.00000
196.35000	 0.00000	 0.00000
196.40000	 0.00000	 0.00000
196.45000	 0.00000	 0.00000
196.50000	 0.00000	 0.00000
196.55000	 0.00000	 0.00000
196.60000	 0.00000	 0.00000
196.65000	 0.00000	 0.00000
196.70000	 0.00000	 0.00000
196.75000	 0.00000	 0.00000
196.80000	 0.00000	 0.00000
196.85000	 0.00000	 0.00000
196.90000	 0.00000	 0.00000
196.95000	 0.00000	 0.00000
197.00000	 0.00000	 0.00000
197.05000	 0.00000	 0.00000
197.10000	 0.00000	 0.00000
197.15000	 0.00000	 0.00000
197.20000	 0.00000	 0.00000
197.25000	 0.00000	 0.00000
197.30000	 0.00000	 0.00000
197.35000	 0.00000	 0.00000
197.40000	 0.00000	 0.00000
197.45000	 0.00000	 0.00000
197.50000	 0.00000	 0.00000
197.55000	 0.00000	 0.00000
197.60000	 0.00000	 0.00000
197.65000	 0.00000	 0.00000
197.70000	 0.00000	 0.00000
197.75000	 0.00000	 0.00000
197.80000	 0.00000	 0.00000
197.85000	 0.00000	 0.00000
197.90000	 0.00000	 0.00000
197.95000	 0.00000	 0.00000
198.00000	 0.00000	 0.00000
198.05000	 0.00000	 0.00000
198.10000	 0.00000	 0.00000
198.15000	 0.00000	 0.00000
198.20000	 0.00000	 0.00000
198.25000	 0.00000	 0.00000
198.30000	 0.00000	 0.00000
198.35000	 0.00000	 0.00000
198.40000	 0.00000	 0.00000
198.45000	 0.00000	 0.00000
198.50000	 0.00000	 0.00000
198.55000	 0.00000	 0.00000
198.60000	 0.00000	 0.00000
198.65000	 0.00000	 0.00000
198.70000	 0.00000	 0.00000
198.75000	 0.00000	 0.00000
198.80000	 0.00000	 0.00000
198.85000	 0.00000	 0.00000
198.90000	 0.00000	 0.00000
198.95000	 0.00000	 0.00000
199.00000	 0.00000	 0.00000
199.05000	 0.00000	 0.00000
199.10000	 0.00000	 0.00000
199.15000	 0.00000	 0.00000
199.20000	 0.00000	 0.00000
199.25000	 0.00000	 0.00000
199.30000	 0.00000	 0.00000
199.35000	 0.00000	 0.00000
199.40000	 0.00000	 0.00000
199.45000	 0.00000	 0.00000
199.50000	 0.00000	 0.00000
199.55000	 0.00000	 0.00000
199.60000	 0.00000	 0.00000
199.65000	 0.00000	 0.00000
199.70000	 0.00000	 0.00000
199.75000	 0.00000	 0.00000
199.80000	 0.00000	 0.00000
199.85000	 0.00000	 0.00000
199.90000	 0.00000	 0.00000
199.95000	 0.00000	 0.00000
200.00000	 0.00000	 0.00000
200.05000	 0.00000	 0.00000
200.10000	 0.00000	 0.00000
200.15000	 0.00000	 0.00000
200.20000	 0.00000	 0.00000
200.25000	 0.00000	 0.00000
200.30000	 0.00000	 0.00000
200.35000	 0.00000	 0.00000
200.40000	 0.00000	 0.00000
200.45000	 0.00000	 0.00000
200.50000	 0.00000	 0.00000
200.55000	 0.00000	 0.00000
200.60000	 0.00000	 0.00000
200.65000	 0.00000	 0.00000
200.70000	 0.00000	 0.00000
200.75000	 0.00000	 0.00000
200.80000	 0.00000	 0.00000
200.85000	 0.00000	 0.00000
200.90000	 0.00000	 0.00000
200.95000	 0.00000	 0.00000
201.00000	 0.00000	 0.00000
201.05000	 0.00000	 0.00000
201.10000	 0.00000	 0.00000
201.15000	 0.00000	 0.00000
201.20000	 0.00000	 0.00000
201.25000	 0.00000	 0.00000
201.30000	 0.00000	 0.00000
201.35000	 0.00000	 0.00000
201.40000	 0.00000	 0.00000
201.45000	 0.00000	 0.00000
201.50000	 0.00000	 0.00000
201.55000	 0.00000	 0.00000
201.60000	 0.00000	 0.00000
201.65000	 0.00000	 0.00000
201.70000	 0.00000	 0.00000
201.75000	 0.00000	 0.00000
201.80000	 0.00000	 0.00000
201.85000	 0.00000	 0.00000
201.90000	 0.00000	 0.00000
201.95000	 0.00000	 0.00000
202.00000	 0.00000	 0.00000
202.05000	 0.00000	 0.00000
202.10000	 0.00000	 0.00000
202.15000	 0.00000	 0.00000
202.20000	 0.00000	 0.00000
202.25000	 0.00000	 0.00000
202.30000	 0.00000	 0.00000
202.35000	 0.00000	 0.00000
202.40000	 0.00000	 0.00000
202.45000	 0.00000	 0.00000
202.50000	 0.00000	 0.00000
202.55000	 0.00000	 0.00000
202.60000	 0.00000	 0.00000
202.65000	 0.00000	 0.00000
202.70000	 0.00000	 0.00000
202.75000	 0.00000	 0.00000
202.80000	 0.00000	 0.00000
202.85000	 0.00000	 0.00000
202.90000	 0.00000	 0.00000
202.95000	 0.00000	 0.00000
203.00000	 0.00000	 0.00000
203.05000	 0.00000	 0.00000
203.10000	 0.00000	 0.00000
203.15000	 0.00000	 0.00000
203.20000	 0.00000	 0.00000
203.25000	 0.00000	 0.00000
203.30000	 0.00000	 0.00000
203.35000	 0.00000	 0.00000
203.40000	 0.00000	 0.00000
203.45000	 0.00000	 0.00000
203.50000	 0.00000	 0.00000
203.55000	 0.00000	 0.00000
203.60000	 0.00000	 0.00000
203.65000	 0.00000	 0.00000
203.70000	 0.00000	 0.00000
203.75000	 0.00000	 0.00000
203.80000	 0.00000	 0.00000
203.85000	 0.00000	 0.00000
203.90000	 0.00000	 0.00000
203.95000	 0.00000	 0.00000
204.00000	 0.00000	 0.00000
204.05000	 0.00000	 0.00000
204.10000	 0.00000	 0.00000
204.15000	 0.00000	 0.00000
204.20000	 0.00000	 0.00000
204.25000	 0.00000	 0.00000
204.30000	 0.00000	 0.00000
204.35000	 0.00000	 0.00000
204.40000	 0.00000	 0.00000
204.45000	 0.00000	 0.00000
204.50000	 0.00000	 0.00000
204.55000	 0.00000	 0.00000
204.60000	 0.00000	 0.00000
204.65000	 0.00000	 0.00000
204.70000	 0.00000	 0.00000
204.75000	 0.00000	 0.00000
204.80000	 0.00000	 0.00000
204.85000	 0.00000	 0.00000
204.90000	 0.00000	 0.00000
204.95000	 0.00000	 0.00000
205.00000	 0.00000	 0.00000
205.05000	 0.00000	 0.00000
205.10000	 0.00000	 0.00000
205.15000	 0.00000	 0.00000
205.20000	 0.00000	 0.00000
205.25000	 0.00000	 0.00000
205.30000	 0.00000	 0.00000
205.35000	 0.00000	 0.00000
205.40000	 0.00000	 0.00000
205.45000	 0.00000	 0.00000
205.50000	 0.00000	 0.00000
205.55000	 0.00000	 0.00000
205.60000	 0.00000	 0.00000
205.65000	 0.00000	 0.00000
205.70000	 0.00000	 0.00000
205.75000	 0.00000	 0.00000
205.80000	 0.00000	 0.00000
205.85000	 0.00000	 0.00000
205.90000	 0.00000	 0.00000
205.95000	 0.00000	 0.00000
206.00000	 0.00000	 0.00000
206.05000	 0.00000	 0.00000
206.10000	 0.00000	 0.00000
206.15000	 0.00000	 0.00000
206.20000	 0.00000	 0.00000
206.25000	 0.00000	 0.00000
206.30000	 0.00000	 0.00000
206.35000	 0.00000	 0.00000
206.40000	 0.00000	 0.00000
206.45000	 0.00000	 0.00000
206.50000	 0.00000	 0.00000
206.55000	 0.00000	 0.00000
206.60000	 0.00000	 0.00000
206.65000	 0.00000	 0.00000
206.70000	 0.00000	 0.00000
206.75000	 0.00000	 0.00000
206.80000	 0.00000	 0.00000
206.85000	 0.00000	 0.00000
206.90000	 0.00000	 0.00000
206.95000	 0.00000	 0.00000
207.00000	 0.00000	 0.00000
207.05000	 0.00000	 0.00000
207.10000	 0.00000	 0.00000
207.15000	 0.00000	 0.00000
207.20000	 0.00000	 0.00000
207.25000	 0.00000	 0.00000
207.30000	 0.00000	 0.00000
207.35000	 0.00000	 0.00000
207.40000	 0.00000	 0.00000
207.45000	 0.00000	 0.00000
207.50000	 0.00000	 0.00000
207.55000	 0.00000	 0.00000
207.60000	 0.00000	 0.00000
207.65000	 0.00000	 0.00000
207.70000	 0.00000	 0.00000
207.75000	 0.00000	 0.00000
207.80000	 0.00000	 0.00000
207.85000	 0.00000	 0.00000
207.90000	 0.00000	 0.00000
207.95000	 0.00000	 0.00000
208.00000	 0.00000	 0.00000
208.05000	 0.00000	 0.00000
208.10000	 0.00000	 0.00000
208.15000	 0.00000	 0.00000
208.20000	 0.00000	 0.00000
208.25000	 0.00000	 0.00000
208.30000	 0.00000	 0.00000
208.35000	 0.00000	 0.00000
208.40000	 0.00000	 0.00000
208.45000	 0.00000	 0.00000
208.50000	 0.00000	 0.00000
208.55000	 0.00000	 0.00000
208.60000	 0.00000	 0.00000
208.65000	 0.00000	 0.00000
208.70000	 0.00000	 0.00000
208.75000	 0.00000	 0.00000
208.80000	 0.00000	 0.00000
208.85000	 0.00000	 0.00000
208.90000	 0.00000	 0.00000
208.95000	 0.00000	 0.00000
209.00000	 0.00000	 0.00000
209.05000	 0.00000	 0.00000
209.10000	 0.00000	 0.00000
209.15000	 0.00000	 0.00000
209.20000	 0.00000	 0.00000
209.25000	 0.00000	 0.00000
209.30000	 0.00000	 0.00000
209.35000	 0.00000	 0.00000
209.40000	 0.00000	 0.00000
209.45000	 0.00000	 0.00000
209.50000	 0.00000	 0.00000
209.55000	 0.00000	 0.00000
209.60000	 0.00000	 0.00000
209.65000	 0.00000	 0.00000
209.70000	 0.00000	 0.00000
209.75000	 0.00000	 0.00000
209.80000	 0.00000	 0.00000
209.85000	 0.00000	 0.00000
209.90000	 0.00000	 0.00000
209.95000	 0.00000	 0.00000
210.00000	 0.00000	 0.00000
210.05000	 0.00000	 0.00000
210.10000	 0.00000	 0.00000
210.15000	 0.00000	 0.00000
210.20000	 0.00000	 0.00000
210.25000	 0.00000	 0.00000
210.30000	 0.00000	 0.00000
210.35000	 0.00000	 0.00000
210.40000	 0.00000	 0.00000
210.45000	 0.00000	 0.00000
210.50000	 0.00000	 0.00000
210.55000	 0.00000	 0.00000
210.60000	 0.00000	 0.00000
210.65000	 0.00000	 0.00000
210.70000	 0.00000	 0.00000
210.75000	 0.00000	 0.00000
210.80000	 0.00000	 0.00000
210.85000	 0.00000	 0.00000
210.90000	 0.00000	 0.00000
210.95000	 0.00000	 0.00000
211.00000	 0.00000	 0.00000
211.05000	 0.00000	 0.00000
211.10000	 0.00000	 0.00000
211.15000	 0.00000	 0.00000
211.20000	 0.00000	 0.00000
211.25000	 0.00000	 0.00000
211.30000	 0.00000	 0.00000
211.35000	 0.00000	 0.00000
211.40000	 0.00000	 0.00000
211.45000	 0.00000	 0.00000
211.50000	 0.00000	 0.00000
211.55000	 0.00000	 0.00000
211.60000	 0.00000	 0.00000
211.65000	 0.00000	 0.00000
211.70000	 0.00000	 0.00000
211.75000	 0.00000	 0.00000
211.80000	 0.00000	 0.00000
211.85000	 0.00000	 0.00000
211.90000	 0.00000	 0.00000
211.95000	 0.00000	 0.00000
212.00000	 0.00000	 0.00000
212.05000	 0.00000	 0.00000
212.10000	 0.00000	 0.00000
212.15000	 0.00000	 0.00000
212.20000	 0.00000	 0.00000
212.25000	 0.00000	 0.00000
212.30000	 0.00000	 0.00000
212.35000	 0.00000	 0.00000
212.40000	 0.00000	 0.00000
212.45000	 0.00000	 0.00000
212.50000	 0.00000	 0.00000
212.55000	 0.00000	 0.00000
212.60000	 0.00000	 0.00000
212.65000	 0.00000	 0.00000
212.70000	 0.00000	 0.00000
212.75000	 0.00000	 0.00000
212.80000	 0.00000	 0.00000
212.85000	 0.00000	 0.00000
212.90000	 0.00000	 0.00000
212.95000	 0.00000	 0.00000
213.00000	 0.00000	 0.00000
213.05000	 0.00000	 0.00000
213.10000	 0.00000	 0.00000
213.15000	 0.00000	 0.00000
213.20000	 0.00000	 0.00000
213.25000	 0.00000	 0.00000
213.30000	 0.00000	 0.00000
213.35000	 0.00000	 0.00000
213.40000	 0.00000	 0.00000
213.45000	 0.00000	 0.00000
213.50000	 0.00000	 0.00000
213.55000	 0.00000	 0.00000
213.60000	 0.00000	 0.00000
213.65000	 0.00000	 0.00000
213.70000	 0.00000	 0.00000
213.75000	 0.00000	 0.00000
213.80000	 0.00000	 0.00000
213.85000	 0.00000	 0.00000
213.90000	 0.00000	 0.00000
213.95000	 0.00000	 0.00000
214.00000	 0.00000	 0.00000
214.05000	 0.00000	 0.00000
214.10000	 0.00000	 0.00000
214.15000	 0.00000	 0.00000
214.20000	 0.00000	 0.00000
214.25000	 0.00000	 0.00000
214.30000	 0.00000	 0.00000
214.35000	 0.00000	 0.00000
214.40000	 0.00000	 0.00000
214.45000	 0.00000	 0.00000
214.50000	 0.00000	 0.00000
214.55000	 0.00000	 0.00000
214.60000	 0.00000	 0.00000
214.65000	 0.00000	 0.00000
214.70000	 0.00000	 0.00000
214.75000	 0.00000	 0.00000
214.80000	 0.00000	 0.00000
214.85000	 0.00000	 0.00000
214.90000	 0.00000	 0.00000
214.95000	 0.00000	 0.00000
215.00000	 0.00000	 0.00000
215.05000	 0.00000	 0.00000
215.10000	 0.00000	 0.00000
215.15000	 0.00000	 0.00000
215.20000	 0.00000	 0.00000
215.25000	 0.00000	 0.00000
215.30000	 0.00000	 0.00000
215.35000	 0.00000	 0.00000
215.40000	 0.00000	 0.00000
215.45000	 0.00000	 0.00000
215.50000	 0.00000	 0.00000
215.55000	 0.00000	 0.00000
215.60000	 0.00000	 0.00000
215.65000	 0.00000	 0.00000
215.70000	 0.00000	 0.00000
215.75000	 0.00000	 0.00000
215.80000	 0.00000	 0.00000
215.85000	 0.00000	 0.00000
215.90000	 0.00000	 0.00000
215.95000	 0.00000	 0.00000
216.00000	 0.00000	 0.00000
216.05000	 0.00000	 0.00000
216.10000	 0.00000	 0.00000
216.15000	 0.00000	 0.00000
216.20000	 0.00000	 0.00000
216.25000	 0.00000	 0.00000
216.30000	 0.00000	 0.00000
216.35000	 0.00000	 0.00000
216.40000	 0.00000	 0.00000
216.45000	 0.00000	 0.00000
216.50000	 0.00000	 0.00000
216.55000	 0.00000	 0.00000
216.60000	 0.00000	 0.00000
216.65000	 0.00000	 0.00000
216.70000	 0.00000	 0.00000
216.75000	 0.00000	 0.00000
216.80000	 0.00000	 0.00000
216.85000	 0.00000	 0.00000
216.90000	 0.00000	 0.00000
216.95000	 0.00000	 0.00000
217.00000	 0.00000	 0.00000
217.05000	 0.00000	 0.00000
217.10000	 0.00000	 0.00000
217.15000	 0.00000	 0.00000
217.20000	 0.00000	 0.00000
217.25000	 0.00000	 0.00000
217.30000	 0.00000	 0.00000
217.35000	 0.00000	 0.00000
217.40000	 0.00000	 0.00000
217.45000	 0.00000	 0.00000
217.50000	 0.00000	 0.00000
217.55000	 0.00000	 0.00000
217.60000	 0.00000	 0.00000
217.65000	 0.00000	 0.00000
217.70000	 0.00000	 0.00000
217.75000	 0.00000	 0.00000
217.80000	 0.00000	 0.00000
217.85000	 0.00000	 0.00000
217.90000	 0.00000	 0.00000
217.95000	 0.00000	 0.00000
218.00000	 0.00000	 0.00000
218.05000	 0.00000	 0.00000
218.10000	 0.00000	 0.00000
218.15000	 0.00000	 0.00000
218.20000	 0.00000	 0.00000
218.25000	 0.00000	 0.00000
218.30000	 0.00000	 0.00000
218.35000	 0.00000	 0.00000
218.40000	 0.00000	 0.00000
218.45000	 0.00000	 0.00000
218.50000	 0.00000	 0.00000
218.55000	 0.00000	 0.00000
218.60000	 0.00000	 0.00000
218.65000	 0.00000	 0.00000
218.70000	 0.00000	 0.00000
218.75000	 0.00000	 0.00000
218.80000	 0.00000	 0.00000
218.85000	 0.00000	 0.00000
218.90000	 0.00000	 0.00000
218.95000	 0.00000	 0.00000
219.00000	 0.00000	 0.00000
219.05000	 0.00000	 0.00000
219.10000	 0.00000	 0.00000
219.15000	 0.00000	 0.00000
219.20000	 0.00000	 0.00000
219.25000	 0.00000	 0.00000
219.30000	 0.00000	 0.00000
219.35000	 0.00000	 0.00000
219.40000	 0.00000	 0.00000
219.45000	 0.00000	 0.00000
219.50000	 0.00000	 0.00000
219.55000	 0.00000	 0.00000
219.60000	 0.00000	 0.00000
219.65000	 0.00000	 0.00000
219.70000	 0.00000	 0.00000
219.75000	 0.00000	 0.00000
219.80000	 0.00000	 0.00000
219.85000	 0.00000	 0.00000
219.90000	 0.00000	 0.00000
219.95000	 0.00000	 0.00000
220.00000	 0.00000	 0.00000
220.05000	 0.00000	 0.00000
220.10000	 0.00000	 0.00000
220.15000	 0.00000	 0.00000
220.20000	 0.00000	 0.00000
220.25000	 0.00000	 0.00000
220.30000	 0.00000	 0.00000
220.35000	 0.00000	 0.00000
220.40000	 0.00000	 0.00000
220.45000	 0.00000	 0.00000
220.50000	 0.00000	 0.00000
220.55000	 0.00000	 0.00000
220.60000	 0.00000	 0.00000
220.65000	 0.00000	 0.00000
220.70000	 0.00000	 0.00000
220.75000	 0.00000	 0.00000
220.80000	 0.00000	 0.00000
220.85000	 0.00000	 0.00000
220.90000	 0.00000	 0.00000
220.95000	 0.00000	 0.00000
221.00000	 0.00000	 0.00000
221.05000	 0.00000	 0.00000
221.10000	 0.00000	 0.00000
221.15000	 0.00000	 0.00000
221.20000	 0.00000	 0.00000
221.25000	 0.00000	 0.00000
221.30000	 0.00000	 0.00000
221.35000	 0.00000	 0.00000
221.40000	 0.00000	 0.00000
221.45000	 0.00000	 0.00000
221.50000	 0.00000	 0.00000
221.55000	 0.00000	 0.00000
221.60000	 0.00000	 0.00000
221.65000	 0.00000	 0.00000
221.70000	 0.00000	 0.00000
221.75000	 0.00000	 0.00000
221.80000	 0.00000	 0.00000
221.85000	 0.00000	 0.00000
221.90000	 0.00000	 0.00000
221.95000	 0.00000	 0.00000
222.00000	 0.00000	 0.00000
222.05000	 0.00000	 0.00000
222.10000	 0.00000	 0.00000
222.15000	 0.00000	 0.00000
222.20000	 0.00000	 0.00000
222.25000	 0.00000	 0.00000
222.30000	 0.00000	 0.00000
222.35000	 0.00000	 0.00000
222.40000	 0.00000	 0.00000
222.45000	 0.00000	 0.00000
222.50000	 0.00000	 0.00000
222.55000	 0.00000	 0.00000
222.60000	 0.00000	 0.00000
222.65000	 0.00000	 0.00000
222.70000	 0.00000	 0.00000
222.75000	 0.00000	 0.00000
222.80000	 0.00000	 0.00000
222.85000	 0.00000	 0.00000
222.90000	 0.00000	 0.00000
222.95000	 0.00000	 0.00000
223.00000	 0.00000	 0.00000
223.05000	 0.00000	 0.00000
223.10000	 0.00000	 0.00000
223.15000	 0.00000	 0.00000
223.20000	 0.00000	 0.00000
223.25000	 0.00000	 0.00000
223.30000	 0.00000	 0.00000
223.35000	 0.00000	 0.00000
223.40000	 0.00000	 0.00000
223.45000	 0.00000	 0.00000
223.50000	 0.00000	 0.00000
223.55000	 0.00000	 0.00000
223.60000	 0.00000	 0.00000
223.65000	 0.00000	 0.00000
223.70000	 0.00000	 0.00000
223.75000	 0.00000	 0.00000
223.80000	 0.00000	 0.00000
223.85000	 0.00000	 0.00000
223.90000	 0.00000	 0.00000
223.95000	 0.00000	 0.00000
224.00000	 0.00000	 0.00000
224.05000	 0.00000	 0.00000
224.10000	 0.00000	 0.00000
224.15000	 0.00000	 0.00000
224.20000	 0.00000	 0.00000
224.25000	 0.00000	 0.00000
224.30000	 0.00000	 0.00000
224.35000	 0.00000	 0.00000
224.40000	 0.00000	 0.00000
224.45000	 0.00000	 0.00000
224.50000	 0.00000	 0.00000
224.55000	 0.00000	 0.00000
224.60000	 0.00000	 0.00000
224.65000	 0.00000	 0.00000
224.70000	 0.00000	 0.00000
224.75000	 0.00000	 0.00000
224.80000	 0.00000	 0.00000
224.85000	 0.00000	 0.00000
224.90000	 0.00000	 0.00000
224.95000	 0.00000	 0.00000
225.00000	 0.00000	 0.00000
225.05000	 0.00000	 0.00000
225.10000	 0.00000	 0.00000
225.15000	 0.00000	 0.00000
225.20000	 0.00000	 0.00000
225.25000	 0.00000	 0.00000
225.30000	 0.00000	 0.00000
225.35000	 0.00000	 0.00000
225.40000	 0.00000	 0.00000
225.45000	 0.00000	 0.00000
225.50000	 0.00000	 0.00000
225.55000	 0.00000	 0.00000
225.60000	 0.00000	 0.00000
225.65000	 0.00000	 0.00000
225.70000	 0.00000	 0.00000
225.75000	 0.00000	 0.00000
225.80000	 0.00000	 0.00000
225.85000	 0.00000	 0.00000
225.90000	 0.00000	 0.00000
225.95000	 0.00000	 0.00000
226.00000	 0.00000	 0.00000
226.05000	 0.00000	 0.00000
226.10000	 0.00000	 0.00000
226.15000	 0.00000	 0.00000
226.20000	 0.00000	 0.00000
226.25000	 0.00000	 0.00000
226.30000	 0.00000	 0.00000
226.35000	 0.00000	 0.00000
226.40000	 0.00000	 0.00000
226.45000	 0.00000	 0.00000
226.50000	 0.00000	 0.00000
226.55000	 0.00000	 0.00000
226.60000	 0.00000	 0.00000
226.65000	 0.00000	 0.00000
226.70000	 0.00000	 0.00000
226.75000	 0.00000	 0.00000
226.80000	 0.00000	 0.00000
226.85000	 0.00000	 0.00000
226.90000	 0.00000	 0.00000
226.95000	 0.00000	 0.00000
227.00000	 0.00000	 0.00000
227.05000	 0.00000	 0.00000
227.10000	 0.00000	 0.00000
227.15000	 0.00000	 0.00000
227.20000	 0.00000	 0.00000
227.25000	 0.00000	 0.00000
227.30000	 0.00000	 0.00000
227.35000	 0.00000	 0.00000
227.40000	 0.00000	 0.00000
227.45000	 0.00000	 0.00000
227.50000	 0.00000	 0.00000
227.55000	 0.00000	 0.00000
227.60000	 0.00000	 0.00000
227.65000	 0.00000	 0.00000
227.70000	 0.00000	 0.00000
227.75000	 0.00000	 0.00000
227.80000	 0.00000	 0.00000
227.85000	 0.00000	 0.00000
227.90000	 0.00000	 0.00000
227.95000	 0.00000	 0.00000
228.00000	 0.00000	 0.00000
228.05000	 0.00000	 0.00000
228.10000	 0.00000	 0.00000
228.15000	 0.00000	 0.00000
228.20000	 0.00000	 0.00000
228.25000	 0.00000	 0.00000
228.30000	 0.00000	 0.00000
228.35000	 0.00000	 0.00000
228.40000	 0.00000	 0.00000
228.45000	 0.00000	 0.00000
228.50000	 0.00000	 0.00000
228.55000	 0.00000	 0.00000
228.60000	 0.00000	 0.00000
228.65000	 0.00000	 0.00000
228.70000	 0.00000	 0.00000
228.75000	 0.00000	 0.00000
228.80000	 0.00000	 0.00000
228.85000	 0.00000	 0.00000
228.90000	 0.00000	 0.00000
228.95000	 0.00000	 0.00000
229.00000	 0.00000	 0.00000
229.05000	 0.00000	 0.00000
229.10000	 0.00000	 0.00000
229.15000	 0.00000	 0.00000
229.20000	 0.00000	 0.00000
229.25000	 0.00000	 0.00000
229.30000	 0.00000	 0.00000
229.35000	 0.00000	 0.00000
229.40000	 0.00000	 0.00000
229.45000	 0.00000	 0.00000
229.50000	 0.00000	 0.00000
229.55000	 0.00000	 0.00000
229.60000	 0.00000	 0.00000
229.65000	 0.00000	 0.00000
229.70000	 0.00000	 0.00000
229.75000	 0.00000	 0.00000
229.80000	 0.00000	 0.00000
229.85000	 0.00000	 0.00000
229.90000	 0.00000	 0.00000
229.95000	 0.00000	 0.00000
230.00000	 0.00000	 0.00000
230.05000	 0.00000	 0.00000
230.10000	 0.00000	 0.00000
230.15000	 0.00000	 0.00000
230.20000	 0.00000	 0.00000
230.25000	 0.00000	 0.00000
230.30000	 0.00000	 0.00000
230.35000	 0.00000	 0.00000
230.40000	 0.00000	 0.00000
230.45000	 0.00000	 0.00000
230.50000	 0.00000	 0.00000
230.55000	 0.00000	 0.00000
230.60000	 0.00000	 0.00000
230.65000	 0.00000	 0.00000
230.70000	 0.00000	 0.00000
230.75000	 0.00000	 0.00000
230.80000	 0.00000	 0.00000
230.85000	 0.00000	 0.00000
230.90000	 0.00000	 0.00000
230.95000	 0.00000	 0.00000
231.00000	 0.00000	 0.00000
231.05000	 0.00000	 0.00000
231.10000	 0.00000	 0.00000
231.15000	 0.00000	 0.00000
231.20000	 0.00000	 0.00000
231.25000	 0.00000	 0.00000
231.30000	 0.00000	 0.00000
231.35000	 0.00000	 0.00000
231.40000	 0.00000	 0.00000
231.45000	 0.00000	 0.00000
231.50000	 0.00000	 0.00000
231.55000	 0.00000	 0.00000
231.60000	 0.00000	 0.00000
231.65000	 0.00000	 0.00000
231.70000	 0.00000	 0.00000
231.75000	 0.00000	 0.00000
231.80000	 0.00000	 0.00000
231.85000	 0.00000	 0.00000
231.90000	 0.00000	 0.00000
231.95000	 0.00000	 0.00000
232.00000	 0.00000	 0.00000
232.05000	 0.00000	 0.00000
232.10000	 0.00000	 0.00000
232.15000	 0.00000	 0.00000
232.20000	 0.00000	 0.00000
232.25000	 0.00000	 0.00000
232.30000	 0.00000	 0.00000
232.35000	 0.00000	 0.00000
232.40000	 0.00000	 0.00000
232.45000	 0.00000	 0.00000
232.50000	 0.00000	 0.00000
232.55000	 0.00000	 0.00000
232.60000	 0.00000	 0.00000
232.65000	 0.00000	 0.00000
232.70000	 0.00000	 0.00000
232.75000	 0.00000	 0.00000
232.80000	 0.00000	 0.00000
232.85000	 0.00000	 0.00000
232.90000	 0.00000	 0.00000
232.95000	 0.00000	 0.00000
233.00000	 0.00000	 0.00000
233.05000	 0.00000	 0.00000
233.10000	 0.00000	 0.00000
233.15000	 0.00000	 0.00000
233.20000	 0.00000	 0.00000
233.25000	 0.00000	 0.00000
233.30000	 0.00000	 0.00000
233.35000	 0.00000	 0.00000
233.40000	 0.00000	 0.00000
233.45000	 0.00000	 0.00000
233.50000	 0.00000	 0.00000
233.55000	 0.00000	 0.00000
233.60000	 0.00000	 0.00000
233.65000	 0.00000	 0.00000
233.70000	 0.00000	 0.00000
233.75000	 0.00000	 0.00000
233.80000	 0.00000	 0.00000
233.85000	 0.00000	 0.00000
233.90000	 0.00000	 0.00000
233.95000	 0.00000	 0.00000
234.00000	 0.00000	 0.00000
234.05000	 0.00000	 0.00000
234.10000	 0.00000	 0.00000
234.15000	 0.00000	 0.00000
234.20000	 0.00000	 0.00000
234.25000	 0.00000	 0.00000
234.30000	 0.00000	 0.00000
234.35000	 0.00000	 0.00000
234.40000	 0.00000	 0.00000
234.45000	 0.00000	 0.00000
234.50000	 0.00000	 0.00000
234.55000	 0.00000	 0.00000
234.60000	 0.00000	 0.00000
234.65000	 0.00000	 0.00000
234.70000	 0.00000	 0.00000
234.75000	 0.00000	 0.00000
234.80000	 0.00000	 0.00000
234.85000	 0.00000	 0.00000
234.90000	 0.00000	 0.00000
234.95000	 0.00000	 0.00000
235.00000	 0.00000	 0.00000
235.05000	 0.00000	 0.00000
235.10000	 0.00000	 0.00000
235.15000	 0.00000	 0.00000
235.20000	 0.00000	 0.00000
235.25000	 0.00000	 0.00000
235.30000	 0.00000	 0.00000
235.35000	 0.00000	 0.00000
235.40000	 0.00000	 0.00000
235.45000	 0.00000	 0.00000
235.50000	 0.00000	 0.00000
235.55000	 0.00000	 0.00000
235.60000	 0.00000	 0.00000
235.65000	 0.00000	 0.00000
235.70000	 0.00000	 0.00000
235.75000	 0.00000	 0.00000
235.80000	 0.00000	 0.00000
235.85000	 0.00000	 0.00000
235.90000	 0.00000	 0.00000
235.95000	 0.00000	 0.00000
236.00000	 0.00000	 0.00000
236.05000	 0.00000	 0.00000
236.10000	 0.00000	 0.00000
236.15000	 0.00000	 0.00000
236.20000	 0.00000	 0.00000
236.25000	 0.00000	 0.00000
236.30000	 0.00000	 0.00000
236.35000	 0.00000	 0.00000
236.40000	 0.00000	 0.00000
236.45000	 0.00000	 0.00000
236.50000	 0.00000	 0.00000
236.55000	 0.00000	 0.00000
236.60000	 0.00000	 0.00000
236.65000	 0.00000	 0.00000
236.70000	 0.00000	 0.00000
236.75000	 0.00000	 0.00000
236.80000	 0.00000	 0.00000
236.85000	 0.00000	 0.00000
236.90000	 0.00000	 0.00000
236.95000	 0.00000	 0.00000
237.00000	 0.00000	 0.00000
237.05000	 0.00000	 0.00000
237.10000	 0.00000	 0.00000
237.15000	 0.00000	 0.00000
237.20000	 0.00000	 0.00000
237.25000	 0.00000	 0.00000
237.30000	 0.00000	 0.00000
237.35000	 0.00000	 0.00000
237.40000	 0.00000	 0.00000
237.45000	 0.00000	 0.00000
237.50000	 0.00000	 0.00000
237.55000	 0.00000	 0.00000
237.60000	 0.00000	 0.00000
237.65000	 0.00000	 0.00000
237.70000	 0.00000	 0.00000
237.75000	 0.00000	 0.00000
237.80000	 0.00000	 0.00000
237.85000	 0.00000	 0.00000
237.90000	 0.00000	 0.00000
237.95000	 0.00000	 0.00000
238.00000	 0.00000	 0.00000
238.05000	 0.00000	 0.00000
238.10000	 0.00000	 0.00000
238.15000	 0.00000	 0.00000
238.20000	 0.00000	 0.00000
238.25000	 0.00000	 0.00000
238.30000	 0.00000	 0.00000
238.35000	 0.00000	 0.00000
238.40000	 0.00000	 0.00000
238.45000	 0.00000	 0.00000
238.50000	 0.00000	 0.00000
238.55000	 0.00000	 0.00000
238.60000	 0.00000	 0.00000
238.65000	 0.00000	 0.00000
238.70000	 0.00000	 0.00000
238.75000	 0.00000	 0.00000
238.80000	 0.00000	 0.00000
238.85000	 0.00000	 0.00000
238.90000	 0.00000	 0.00000
238.95000	 0.00000	 0.00000
239.00000	 0.00000	 0.00000
239.05000	 0.00000	 0.00000
239.10000	 0.00000	 0.00000
239.15000	 0.00000	 0.00000
239.20000	 0.00000	 0.00000
239.25000	 0.00000	 0.00000
239.30000	 0.00000	 0.00000
239.35000	 0.00000	 0.00000
239.40000	 0.00000	 0.00000
239.45000	 0.00000	 0.00000
239.50000	 0.00000	 0.00000
239.55000	 0.00000	 0.00000
239.60000	 0.00000	 0.00000
239.65000	 0.00000	 0.00000
239.70000	 0.00000	 0.00000
239.75000	 0.00000	 0.00000
239.80000	 0.00000	 0.00000
239.85000	 0.00000	 0.00000
239.90000	 0.00000	 0.00000
239.95000	 0.00000	 0.00000
240.00000	 0.00000	 0.00000
240.05000	 0.00000	 0.00000
240.10000	 0.00000	 0.00000
240.15000	 0.00000	 0.00000
240.20000	 0.00000	 0.00000
240.25000	 0.00000	 0.00000
240.30000	 0.00000	 0.00000
240.35000	 0.00000	 0.00000
240.40000	 0.00000	 0.00000
240.45000	 0.00000	 0.00000
240.50000	 0.00000	 0.00000
240.55000	 0.00000	 0.00000
240.60000	 0.00000	 0.00000
240.65000	 0.00000	 0.00000
240.70000	 0.00000	 0.00000
240.75000	 0.00000	 0.00000
240.80000	 0.00000	 0.00000
240.85000	 0.00000	 0.00000
240.90000	 0.00000	 0.00000
240.95000	 0.00000	 0.00000
241.00000	 0.00000	 0.00000
241.05000	 0.00000	 0.00000
241.10000	 0.00000	 0.00000
241.15000	 0.00000	 0.00000
241.20000	 0.00000	 0.00000
241.25000	 0.00000	 0.00000
241.30000	 0.00000	 0.00000
241.35000	 0.00000	 0.00000
241.40000	 0.00000	 0.00000
241.45000	 0.00000	 0.00000
241.50000	 0.00000	 0.00000
241.55000	 0.00000	 0.00000
241.60000	 0.00000	 0.00000
241.65000	 0.00000	 0.00000
241.70000	 0.00000	 0.00000
241.75000	 0.00000	 0.00000
241.80000	 0.00000	 0.00000
241.85000	 0.00000	 0.00000
241.90000	 0.00000	 0.00000
241.95000	 0.00000	 0.00000
242.00000	 0.00000	 0.00000
242.05000	 0.00000	 0.00000
242.10000	 0.00000	 0.00000
242.15000	 0.00000	 0.00000
242.20000	 0.00000	 0.00000
242.25000	 0.00000	 0.00000
242.30000	 0.00000	 0.00000
242.35000	 0.00000	 0.00000
242.40000	 0.00000	 0.00000
242.45000	 0.00000	 0.00000
242.50000	 0.00000	 0.00000
242.55000	 0.00000	 0.00000
242.60000	 0.00000	 0.00000
242.65000	 0.00000	 0.00000
242.70000	 0.00000	 0.00000
242.75000	 0.00000	 0.00000
242.80000	 0.00000	 0.00000
242.85000	 0.00000	 0.00000
242.90000	 0.00000	 0.00000
242.95000	 0.00000	 0.00000
243.00000	 0.00000	 0.00000
243.05000	 0.00000	 0.00000
243.10000	 0.00000	 0.00000
243.15000	 0.00000	 0.00000
243.20000	 0.00000	 0.00000
243.25000	 0.00000	 0.00000
243.30000	 0.00000	 0.00000
243.35000	 0.00000	 0.00000
243.40000	 0.00000	 0.00000
243.45000	 0.00000	 0.00000
243.50000	 0.00000	 0.00000
243.55000	 0.00000	 0.00000
243.60000	 0.00000	 0.00000
243.65000	 0.00000	 0.00000
243.70000	 0.00000	 0.00000
243.75000	 0.00000	 0.00000
243.80000	 0.00000	 0.00000
243.85000	 0.00000	 0.00000
243.90000	 0.00000	 0.00000
243.95000	 0.00000	 0.00000
244.00000	 0.00000	 0.00000
244.05000	 0.00000	 0.00000
244.10000	 0.00000	 0.00000
244.15000	 0.00000	 0.00000
244.20000	 0.00000	 0.00000
244.25000	 0.00000	 0.00000
244.30000	 0.00000	 0.00000
244.35000	 0.00000	 0.00000
244.40000	 0.00000	 0.00000
244.45000	 0.00000	 0.00000
244.50000	 0.00000	 0.00000
244.55000	 0.00000	 0.00000
244.60000	 0.00000	 0.00000
244.65000	 0.00000	 0.00000
244.70000	 0.00000	 0.00000
244.75000	 0.00000	 0.00000
244.80000	 0.00000	 0.00000
244.85000	 0.00000	 0.00000
244.90000	 0.00000	 0.00000
244.95000	 0.00000	 0.00000
245.00000	 0.00000	 0.00000
245.05000	 0.00000	 0.00000
245.10000	 0.00000	 0.00000
245.15000	 0.00000	 0.00000
245.20000	 0.00000	 0.00000
245.25000	 0.00000	 0.00000
245.30000	 0.00000	 0.00000
245.35000	 0.00000	 0.00000
245.40000	 0.00000	 0.00000
245.45000	 0.00000	 0.00000
245.50000	 0.00000	 0.00000
245.55000	 0.00000	 0.00000
245.60000	 0.00000	 0.00000
245.65000	 0.00000	 0.00000
245.70000	 0.00000	 0.00000
245.75000	 0.00000	 0.00000
245.80000	 0.00000	 0.00000
245.85000	 0.00000	 0.00000
245.90000	 0.00000	 0.00000
245.95000	 0.00000	 0.00000
246.00000	 0.00000	 0.00000
246.05000	 0.00000	 0.00000
246.10000	 0.00000	 0.00000
246.15000	 0.00000	 0.00000
246.20000	 0.00000	 0.00000
246.25000	 0.00000	 0.00000
246.30000	 0.00000	 0.00000
246.35000	 0.00000	 0.00000
246.40000	 0.00000	 0.00000
246.45000	 0.00000	 0.00000
246.50000	 0.00000	 0.00000
246.55000	 0.00000	 0.00000
246.60000	 0.00000	 0.00000
246.65000	 0.00000	 0.00000
246.70000	 0.00000	 0.00000
246.75000	 0.00000	 0.00000
246.80000	 0.00000	 0.00000
246.85000	 0.00000	 0.00000
246.90000	 0.00000	 0.00000
246.95000	 0.00000	 0.00000
247.00000	 0.00000	 0.00000
247.05000	 0.00000	 0.00000
247.10000	 0.00000	 0.00000
247.15000	 0.00000	 0.00000
247.20000	 0.00000	 0.00000
247.25000	 0.00000	 0.00000
247.30000	 0.00000	 0.00000
247.35000	 0.00000	 0.00000
247.40000	 0.00000	 0.00000
247.45000	 0.00000	 0.00000
247.50000	 0.00000	 0.00000
247.55000	 0.00000	 0.00000
247.60000	 0.00000	 0.00000
247.65000	 0.00000	 0.00000
247.70000	 0.00000	 0.00000
247.75000	 0.00000	 0.00000
247.80000	 0.00000	 0.00000
247.85000	 0.00000	 0.00000
247.90000	 0.00000	 0.00000
247.95000	 0.00000	 0.00000
248.00000	 0.00000	 0.00000
248.05000	 0.00000	 0.00000
248.10000	 0.00000	 0.00000
248.15000	 0.00000	 0.00000
248.20000	 0.00000	 0.00000
248.25000	 0.00000	 0.00000
248.30000	 0.00000	 0.00000
248.35000	 0.00000	 0.00000
248.40000	 0.00000	 0.00000
248.45000	 0.00000	 0.00000
248.50000	 0.00000	 0.00000
248.55000	 0.00000	 0.00000
248.60000	 0.00000	 0.00000
248.65000	 0.00000	 0.00000
248.70000	 0.00000	 0.00000
248.75000	 0.00000	 0.00000
248.80000	 0.00000	 0.00000
248.85000	 0.00000	 0.00000
248.90000	 0.00000	 0.00000
248.95000	 0.00000	 0.00000
249.00000	 0.00000	 0.00000
249.05000	 0.00000	 0.00000
249.10000	 0.00000	 0.00000
249.15000	 0.00000	 0.00000
249.20000	 0.00000	 0.00000
249.25000	 0.00000	 0.00000
249.30000	 0.00000	 0.00000
249.35000	 0.00000	 0.00000
249.40000	 0.00000	 0.00000
249.45000	 0.00000	 0.00000
249.50000	 0.00000	 0.00000
249.55000	 0.00000	 0.00000
249.60000	 0.00000	 0.00000
249.65000	 0.00000	 0.00000
249.70000	 0.00000	 0.00000
249.75000	 0.00000	 0.00000
249.80000	 0.00000	 0.00000
249.85000	 0.00000	 0.00000
249.90000	 0.00000	 0.00000
249.95000	 0.00000	 0.00000
250.00000	 0.00000	 0.00000
250.05000	 0.00000	 0.00000
250.10000	 0.00000	 0.00000
250.15000	 0.00000	 0.00000
250.20000	 0.00000	 0.00000
250.25000	 0.00000	 0.00000
250.30000	 0.00000	 0.00000
250.35000	 0.00000	 0.00000
250.40000	 0.00000	 0.00000
250.45000	 0.00000	 0.00000
250.50000	 0.00000	 0.00000
250.55000	 0.00000	 0.00000
250.60000	 0.00000	 0.00000
250.65000	 0.00000	 0.00000
250.70000	 0.00000	 0.00000
250.75000	 0.00000	 0.00000
250.80000	 0.00000	 0.00000
250.85000	 0.00000	 0.00000
250.90000	 0.00000	 0.00000
250.95000	 0.00000	 0.00000
251.00000	 0.00000	 0.00000
251.05000	 0.00000	 0.00000
251.10000	 0.00000	 0.00000
251.15000	 0.00000	 0.00000
251.20000	 0.00000	 0.00000
251.25000	 0.00000	 0.00000
251.30000	 0.00000	 0.00000
251.35000	 0.00000	 0.00000
251.40000	 0.00000	 0.00000
251.45000	 0.00000	 0.00000
251.50000	 0.00000	 0.00000
251.55000	 0.00000	 0.00000
251.60000	 0.00000	 0.00000
251.65000	 0.00000	 0.00000
251.70000	 0.00000	 0.00000
251.75000	 0.00000	 0.00000
251.80000	 0.00000	 0.00000
251.85000	 0.00000	 0.00000
251.90000	 0.00000	 0.00000
251.95000	 0.00000	 0.00000
252.00000	 0.00000	 0.00000
252.05000	 0.00000	 0.00000
252.10000	 0.00000	 0.00000
252.15000	 0.00000	 0.00000
252.20000	 0.00000	 0.00000
252.25000	 0.00000	 0.00000
252.30000	 0.00000	 0.00000
252.35000	 0.00000	 0.00000
252.40000	 0.00000	 0.00000
252.45000	 0.00000	 0.00000
252.50000	 0.00000	 0.00000
252.55000	 0.00000	 0.00000
252.60000	 0.00000	 0.00000
252.65000	 0.00000	 0.00000
252.70000	 0.00000	 0.00000
252.75000	 0.00000	 0.00000
252.80000	 0.00000	 0.00000
252.85000	 0.00000	 0.00000
252.90000	 0.00000	 0.00000
252.95000	 0.00000	 0.00000
253.00000	 0.00000	 0.00000
253.05000	 0.00000	 0.00000
253.10000	 0.00000	 0.00000
253.15000	 0.00000	 0.00000
253.20000	 0.00000	 0.00000
253.25000	 0.00000	 0.00000
253.30000	 0.00000	 0.00000
253.35000	 0.00000	 0.00000
253.40000	 0.00000	 0.00000
253.45000	 0.00000	 0.00000
253.50000	 0.00000	 0.00000
253.55000	 0.00000	 0.00000
253.60000	 0.00000	 0.00000
253.65000	 0.00000	 0.00000
253.70000	 0.00000	 0.00000
253.75000	 0.00000	 0.00000
253.80000	 0.00000	 0.00000
253.85000	 0.00000	 0.00000
253.90000	 0.00000	 0.00000
253.95000	 0.00000	 0.00000
254.00000	 0.00000	 0.00000
254.05000	 0.00000	 0.00000
254.10000	 0.00000	 0.00000
254.15000	 0.00000	 0.00000
254.20000	 0.00000	 0.00000
254.25000	 0.00000	 0.00000
254.30000	 0.00000	 0.00000
254.35000	 0.00000	 0.00000
254.40000	 0.00000	 0.00000
254.45000	 0.00000	 0.00000
254.50000	 0.00000	 0.00000
254.55000	 0.00000	 0.00000
254.60000	 0.00000	 0.00000
254.65000	 0.00000	 0.00000
254.70000	 0.00000	 0.00000
254.75000	 0.00000	 0.00000
254.80000	 0.00000	 0.00000
254.85000	 0.00000	 0.00000
254.90000	 0.00000	 0.00000
254.95000	 0.00000	 0.00000
255.00000	 0.00000	 0.00000
255.05000	 0.00000	 0.00000
255.10000	 0.00000	 0.00000
255.15000	 0.00000	 0.00000
255.20000	 0.00000	 0.00000
255.25000	 0.00000	 0.00000
255.30000	 0.00000	 0.00000
255.35000	 0.00000	 0.00000
255.40000	 0.00000	 0.00000
255.45000	 0.00000	 0.00000
255.50000	 0.00000	 0.00000
255.55000	 0.00000	 0.00000
255.60000	 0.00000	 0.00000
255.65000	 0.00000	 0.00000
255.70000	 0.00000	 0.00000
255.75000	 0.00000	 0.00000
255.80000	 0.00000	 0.00000
255.85000	 0.00000	 0.00000
255.90000	 0.00000	 0.00000
255.95000	 0.00000	 0.00000
256.00000	 0.00000	 0.00000
256.05000	 0.00000	 0.00000
256.10000	 0.00000	 0.00000
256.15000	 0.00000	 0.00000
256.20000	 0.00000	 0.00000
256.25000	 0.00000	 0.00000
256.30000	 0.00000	 0.00000
256.35000	 0.00000	 0.00000
256.40000	 0.00000	 0.00000
256.45000	 0.00000	 0.00000
256.50000	 0.00000	 0.00000
256.55000	 0.00000	 0.00000
256.60000	 0.00000	 0.00000
256.65000	 0.00000	 0.00000
256.70000	 0.00000	 0.00000
256.75000	 0.00000	 0.00000
256.80000	 0.00000	 0.00000
256.85000	 0.00000	 0.00000
256.90000	 0.00000	 0.00000
256.95000	 0.00000	 0.00000
257.00000	 0.00000	 0.00000
257.05000	 0.00000	 0.00000
257.10000	 0.00000	 0.00000
257.15000	 0.00000	 0.00000
257.20000	 0.00000	 0.00000
257.25000	 0.00000	 0.00000
257.30000	 0.00000	 0.00000
257.35000	 0.00000	 0.00000
257.40000	 0.00000	 0.00000
257.45000	 0.00000	 0.00000
257.50000	 0.00000	 0.00000
257.55000	 0.00000	 0.00000
257.60000	 0.00000	 0.00000
257.65000	 0.00000	 0.00000
257.70000	 0.00000	 0.00000
257.75000	 0.00000	 0.00000
257.80000	 0.00000	 0.00000
257.85000	 0.00000	 0.00000
257.90000	 0.00000	 0.00000
257.95000	 0.00000	 0.00000
258.00000	 0.00000	 0.00000
258.05000	 0.00000	 0.00000
258.10000	 0.00000	 0.00000
258.15000	 0.00000	 0.00000
258.20000	 0.00000	 0.00000
258.25000	 0.00000	 0.00000
258.30000	 0.00000	 0.00000
258.35000	 0.00000	 0.00000
258.40000	 0.00000	 0.00000
258.45000	 0.00000	 0.00000
258.50000	 0.00000	 0.00000
258.55000	 0.00000	 0.00000
258.60000	 0.00000	 0.00000
258.65000	 0.00000	 0.00000
258.70000	 0.00000	 0.00000
258.75000	 0.00000	 0.00000
258.80000	 0.00000	 0.00000
258.85000	 0.00000	 0.00000
258.90000	 0.00000	 0.00000
258.95000	 0.00000	 0.00000
259.00000	 0.00000	 0.00000
259.05000	 0.00000	 0.00000
259.10000	 0.00000	 0.00000
259.15000	 0.00000	 0.00000
259.20000	 0.00000	 0.00000
259.25000	 0.00000	 0.00000
259.30000	 0.00000	 0.00000
259.35000	 0.00000	 0.00000
259.40000	 0.00000	 0.00000
259.45000	 0.00000	 0.00000
259.50000	 0.00000	 0.00000
259.55000	 0.00000	 0.00000
259.60000	 0.00000	 0.00000
259.65000	 0.00000	 0.00000
259.70000	 0.00000	 0.00000
259.75000	 0.00000	 0.00000
259.80000	 0.00000	 0.00000
259.85000	 0.00000	 0.00000
259.90000	 0.00000	 0.00000
259.95000	 0.00000	 0.00000
260.00000	 0.00000	 0.00000
260.05000	 0.00000	 0.00000
260.10000	 0.00000	 0.00000
260.15000	 0.00000	 0.00000
260.20000	 0.00000	 0.00000
260.25000	 0.00000	 0.00000
260.30000	 0.00000	 0.00000
260.35000	 0.00000	 0.00000
260.40000	 0.00000	 0.00000
260.45000	 0.00000	 0.00000
260.50000	 0.00000	 0.00000
260.55000	 0.00000	 0.00000
260.60000	 0.00000	 0.00000
260.65000	 0.00000	 0.00000
260.70000	 0.00000	 0.00000
260.75000	 0.00000	 0.00000
260.80000	 0.00000	 0.00000
260.85000	 0.00000	 0.00000
260.90000	 0.00000	 0.00000
260.95000	 0.00000	 0.00000
261.00000	 0.00000	 0.00000
261.05000	 0.00000	 0.00000
261.10000	 0.00000	 0.00000
261.15000	 0.00000	 0.00000
261.20000	 0.00000	 0.00000
261.25000	 0.00000	 0.00000
261.30000	 0.00000	 0.00000
261.35000	 0.00000	 0.00000
261.40000	 0.00000	 0.00000
261.45000	 0.00000	 0.00000
261.50000	 0.00000	 0.00000
261.55000	 0.00000	 0.00000
261.60000	 0.00000	 0.00000
261.65000	 0.00000	 0.00000
261.70000	 0.00000	 0.00000
261.75000	 0.00000	 0.00000
261.80000	 0.00000	 0.00000
261.85000	 0.00000	 0.00000
261.90000	 0.00000	 0.00000
261.95000	 0.00000	 0.00000
262.00000	 0.00000	 0.00000
262.05000	 0.00000	 0.00000
262.10000	 0.00000	 0.00000
262.15000	 0.00000	 0.00000
262.20000	 0.00000	 0.00000
262.25000	 0.00000	 0.00000
262.30000	 0.00000	 0.00000
262.35000	 0.00000	 0.00000
262.40000	 0.00000	 0.00000
262.45000	 0.00000	 0.00000
262.50000	 0.00000	 0.00000
262.55000	 0.00000	 0.00000
262.60000	 0.00000	 0.00000
262.65000	 0.00000	 0.00000
262.70000	 0.00000	 0.00000
262.75000	 0.00000	 0.00000
262.80000	 0.00000	 0.00000
262.85000	 0.00000	 0.00000
262.90000	 0.00000	 0.00000
262.95000	 0.00000	 0.00000
263.00000	 0.00000	 0.00000
263.05000	 0.00000	 0.00000
263.10000	 0.00000	 0.00000
263.15000	 0.00000	 0.00000
263.20000	 0.00000	 0.00000
263.25000	 0.00000	 0.00000
263.30000	 0.00000	 0.00000
263.35000	 0.00000	 0.00000
263.40000	 0.00000	 0.00000
263.45000	 0.00000	 0.00000
263.50000	 0.00000	 0.00000
263.55000	 0.00000	 0.00000
263.60000	 0.00000	 0.00000
263.65000	 0.00000	 0.00000
263.70000	 0.00000	 0.00000
263.75000	 0.00000	 0.00000
263.80000	 0.00000	 0.00000
263.85000	 0.00000	 0.00000
263.90000	 0.00000	 0.00000
263.95000	 0.00000	 0.00000
264.00000	 0.00000	 0.00000
264.05000	 0.00000	 0.00000
264.10000	 0.00000	 0.00000
264.15000	 0.00000	 0.00000
264.20000	 0.00000	 0.00000
264.25000	 0.00000	 0.00000
264.30000	 0.00000	 0.00000
264.35000	 0.00000	 0.00000
264.40000	 0.00000	 0.00000
264.45000	 0.00000	 0.00000
264.50000	 0.00000	 0.00000
264.55000	 0.00000	 0.00000
264.60000	 0.00000	 0.00000
264.65000	 0.00000	 0.00000
264.70000	 0.00000	 0.00000
264.75000	 0.00000	 0.00000
264.80000	 0.00000	 0.00000
264.85000	 0.00000	 0.00000
264.90000	 0.00000	 0.00000
264.95000	 0.00000	 0.00000
265.00000	 0.00000	 0.00000
265.05000	 0.00000	 0.00000
265.10000	 0.00000	 0.00000
265.15000	 0.00000	 0.00000
265.20000	 0.00000	 0.00000
265.25000	 0.00000	 0.00000
265.30000	 0.00000	 0.00000
265.35000	 0.00000	 0.00000
265.40000	 0.00000	 0.00000
265.45000	 0.00000	 0.00000
265.50000	 0.00000	 0.00000
265.55000	 0.00000	 0.00000
265.60000	 0.00000	 0.00000
265.65000	 0.00000	 0.00000
265.70000	 0.00000	 0.00000
265.75000	 0.00000	 0.00000
265.80000	 0.00000	 0.00000
265.85000	 0.00000	 0.00000
265.90000	 0.00000	 0.00000
265.95000	 0.00000	 0.00000
266.00000	 0.00000	 0.00000
266.05000	 0.00000	 0.00000
266.10000	 0.00000	 0.00000
266.15000	 0.00000	 0.00000
266.20000	 0.00000	 0.00000
266.25000	 0.00000	 0.00000
266.30000	 0.00000	 0.00000
266.35000	 0.00000	 0.00000
266.40000	 0.00000	 0.00000
266.45000	 0.00000	 0.00000
266.50000	 0.00000	 0.00000
266.55000	 0.00000	 0.00000
266.60000	 0.00000	 0.00000
266.65000	 0.00000	 0.00000
266.70000	 0.00000	 0.00000
266.75000	 0.00000	 0.00000
266.80000	 0.00000	 0.00000
266.85000	 0.00000	 0.00000
266.90000	 0.00000	 0.00000
266.95000	 0.00000	 0.00000
267.00000	 0.00000	 0.00000
267.05000	 0.00000	 0.00000
267.10000	 0.00000	 0.00000
267.15000	 0.00000	 0.00000
267.20000	 0.00000	 0.00000
267.25000	 0.00000	 0.00000
267.30000	 0.00000	 0.00000
267.35000	 0.00000	 0.00000
267.40000	 0.00000	 0.00000
267.45000	 0.00000	 0.00000
267.50000	 0.00000	 0.00000
267.55000	 0.00000	 0.00000
267.60000	 0.00000	 0.00000
267.65000	 0.00000	 0.00000
267.70000	 0.00000	 0.00000
267.75000	 0.00000	 0.00000
267.80000	 0.00000	 0.00000
267.85000	 0.00000	 0.00000
267.90000	 0.00000	 0.00000
267.95000	 0.00000	 0.00000
268.00000	 0.00000	 0.00000
268.05000	 0.00000	 0.00000
268.10000	 0.00000	 0.00000
268.15000	 0.00000	 0.00000
268.20000	 0.00000	 0.00000
268.25000	 0.00000	 0.00000
268.30000	 0.00000	 0.00000
268.35000	 0.00000	 0.00000
268.40000	 0.00000	 0.00000
268.45000	 0.00000	 0.00000
268.50000	 0.00000	 0.00000
268.55000	 0.00000	 0.00000
268.60000	 0.00000	 0.00000
268.65000	 0.00000	 0.00000
268.70000	 0.00000	 0.00000
268.75000	 0.00000	 0.00000
268.80000	 0.00000	 0.00000
268.85000	 0.00000	 0.00000
268.90000	 0.00000	 0.00000
268.95000	 0.00000	 0.00000
269.00000	 0.00000	 0.00000
269.05000	 0.00000	 0.00000
269.10000	 0.00000	 0.00000
269.15000	 0.00000	 0.00000
269.20000	 0.00000	 0.00000
269.25000	 0.00000	 0.00000
269.30000	 0.00000	 0.00000
269.35000	 0.00000	 0.00000
269.40000	 0.00000	 0.00000
269.45000	 0.00000	 0.00000
269.50000	 0.00000	 0.00000
269.55000	 0.00000	 0.00000
269.60000	 0.00000	 0.00000
269.65000	 0.00000	 0.00000
269.70000	 0.00000	 0.00000
269.75000	 0.00000	 0.00000
269.80000	 0.00000	 0.00000
269.85000	 0.00000	 0.00000
269.90000	 0.00000	 0.00000
269.95000	 0.00000	 0.00000
270.00000	 0.00000	 0.00000
270.05000	 0.00000	 0.00000
270.10000	 0.00000	 0.00000
270.15000	 0.00000	 0.00000
270.20000	 0.00000	 0.00000
270.25000	 0.00000	 0.00000
270.30000	 0.00000	 0.00000
270.35000	 0.00000	 0.00000
270.40000	 0.00000	 0.00000
270.45000	 0.00000	 0.00000
270.50000	 0.00000	 0.00000
270.55000	 0.00000	 0.00000
270.60000	 0.00000	 0.00000
270.65000	 0.00000	 0.00000
270.70000	 0.00000	 0.00000
270.75000	 0.00000	 0.00000
270.80000	 0.00000	 0.00000
270.85000	 0.00000	 0.00000
270.90000	 0.00000	 0.00000
270.95000	 0.00000	 0.00000
271.00000	 0.00000	 0.00000
271.05000	 0.00000	 0.00000
271.10000	 0.00000	 0.00000
271.15000	 0.00000	 0.00000
271.20000	 0.00000	 0.00000
271.25000	 0.00000	 0.00000
271.30000	 0.00000	 0.00000
271.35000	 0.00000	 0.00000
271.40000	 0.00000	 0.00000
271.45000	 0.00000	 0.00000
271.50000	 0.00000	 0.00000
271.55000	 0.00000	 0.00000
271.60000	 0.00000	 0.00000
271.65000	 0.00000	 0.00000
271.70000	 0.00000	 0.00000
271.75000	 0.00000	 0.00000
271.80000	 0.00000	 0.00000
271.85000	 0.00000	 0.00000
271.90000	 0.00000	 0.00000
271.95000	 0.00000	 0.00000
272.00000	 0.00000	 0.00000
272.05000	 0.00000	 0.00000
272.10000	 0.00000	 0.00000
272.15000	 0.00000	 0.00000
272.20000	 0.00000	 0.00000
272.25000	 0.00000	 0.00000
272.30000	 0.00000	 0.00000
272.35000	 0.00000	 0.00000
272.40000	 0.00000	 0.00000
272.45000	 0.00000	 0.00000
272.50000	 0.00000	 0.00000
272.55000	 0.00000	 0.00000
272.60000	 0.00000	 0.00000
272.65000	 0.00000	 0.00000
272.70000	 0.00000	 0.00000
272.75000	 0.00000	 0.00000
272.80000	 0.00000	 0.00000
272.85000	 0.00000	 0.00000
272.90000	 0.00000	 0.00000
272.95000	 0.00000	 0.00000
273.00000	 0.00000	 0.00000
273.05000	 0.00000	 0.00000
273.10000	 0.00000	 0.00000
273.15000	 0.00000	 0.00000
273.20000	 0.00000	 0.00000
273.25000	 0.00000	 0.00000
273.30000	 0.00000	 0.00000
273.35000	 0.00000	 0.00000
273.40000	 0.00000	 0.00000
273.45000	 0.00000	 0.00000
273.50000	 0.00000	 0.00000
273.55000	 0.00000	 0.00000
273.60000	 0.00000	 0.00000
273.65000	 0.00000	 0.00000
273.70000	 0.00000	 0.00000
273.75000	 0.00000	 0.00000
273.80000	 0.00000	 0.00000
273.85000	 0.00000	 0.00000
273.90000	 0.00000	 0.00000
273.95000	 0.00000	 0.00000
274.00000	 0.00000	 0.00000
274.05000	 0.00000	 0.00000
274.10000	 0.00000	 0.00000
274.15000	 0.00000	 0.00000
274.20000	 0.00000	 0.00000
274.25000	 0.00000	 0.00000
274.30000	 0.00000	 0.00000
274.35000	 0.00000	 0.00000
274.40000	 0.00000	 0.00000
274.45000	 0.00000	 0.00000
274.50000	 0.00000	 0.00000
274.55000	 0.00000	 0.00000
274.60000	 0.00000	 0.00000
274.65000	 0.00000	 0.00000
274.70000	 0.00000	 0.00000
274.75000	 0.00000	 0.00000
274.80000	 0.00000	 0.00000
274.85000	 0.00000	 0.00000
274.90000	 0.00000	 0.00000
274.95000	 0.00000	 0.00000
275.00000	 0.00000	 0.00000
275.05000	 0.00000	 0.00000
275.10000	 0.00000	 0.00000
275.15000	 0.00000	 0.00000
275.20000	 0.00000	 0.00000
275.25000	 0.00000	 0.00000
275.30000	 0.00000	 0.00000
275.35000	 0.00000	 0.00000
275.40000	 0.00000	 0.00000
275.45000	 0.00000	 0.00000
275.50000	 0.00000	 0.00000
275.55000	 0.00000	 0.00000
275.60000	 0.00000	 0.00000
275.65000	 0.00000	 0.00000
275.70000	 0.00000	 0.00000
275.75000	 0.00000	 0.00000
275.80000	 0.00000	 0.00000
275.85000	 0.00000	 0.00000
275.90000	 0.00000	 0.00000
275.95000	 0.00000	 0.00000
276.00000	 0.00000	 0.00000
276.05000	 0.00000	 0.00000
276.10000	 0.00000	 0.00000
276.15000	 0.00000	 0.00000
276.20000	 0.00000	 0.00000
276.25000	 0.00000	 0.00000
276.30000	 0.00000	 0.00000
276.35000	 0.00000	 0.00000
276.40000	 0.00000	 0.00000
276.45000	 0.00000	 0.00000
276.50000	 0.00000	 0.00000
276.55000	 0.00000	 0.00000
276.60000	 0.00000	 0.00000
276.65000	 0.00000	 0.00000
276.70000	 0.00000	 0.00000
276.75000	 0.00000	 0.00000
276.80000	 0.00000	 0.00000
276.85000	 0.00000	 0.00000
276.90000	 0.00000	 0.00000
276.95000	 0.00000	 0.00000
277.00000	 0.00000	 0.00000
277.05000	 0.00000	 0.00000
277.10000	 0.00000	 0.00000
277.15000	 0.00000	 0.00000
277.20000	 0.00000	 0.00000
277.25000	 0.00000	 0.00000
277.30000	 0.00000	 0.00000
277.35000	 0.00000	 0.00000
277.40000	 0.00000	 0.00000
277.45000	 0.00000	 0.00000
277.50000	 0.00000	 0.00000
277.55000	 0.00000	 0.00000
277.60000	 0.00000	 0.00000
277.65000	 0.00000	 0.00000
277.70000	 0.00000	 0.00000
277.75000	 0.00000	 0.00000
277.80000	 0.00000	 0.00000
277.85000	 0.00000	 0.00000
277.90000	 0.00000	 0.00000
277.95000	 0.00000	 0.00000
278.00000	 0.00000	 0.00000
278.05000	 0.00000	 0.00000
278.10000	 0.00000	 0.00000
278.15000	 0.00000	 0.00000
278.20000	 0.00000	 0.00000
278.25000	 0.00000	 0.00000
278.30000	 0.00000	 0.00000
278.35000	 0.00000	 0.00000
278.40000	 0.00000	 0.00000
278.45000	 0.00000	 0.00000
278.50000	 0.00000	 0.00000
278.55000	 0.00000	 0.00000
278.60000	 0.00000	 0.00000
278.65000	 0.00000	 0.00000
278.70000	 0.00000	 0.00000
278.75000	 0.00000	 0.00000
278.80000	 0.00000	 0.00000
278.85000	 0.00000	 0.00000
278.90000	 0.00000	 0.00000
278.95000	 0.00000	 0.00000
279.00000	 0.00000	 0.00000
279.05000	 0.00000	 0.00000
279.10000	 0.00000	 0.00000
279.15000	 0.00000	 0.00000
279.20000	 0.00000	 0.00000
279.25000	 0.00000	 0.00000
279.30000	 0.00000	 0.00000
279.35000	 0.00000	 0.00000
279.40000	 0.00000	 0.00000
279.45000	 0.00000	 0.00000
279.50000	 0.00000	 0.00000
279.55000	 0.00000	 0.00000
279.60000	 0.00000	 0.00000
279.65000	 0.00000	 0.00000
279.70000	 0.00000	 0.00000
279.75000	 0.00000	 0.00000
279.80000	 0.00000	 0.00000
279.85000	 0.00000	 0.00000
279.90000	 0.00000	 0.00000
279.95000	 0.00000	 0.00000
280.00000	 0.00000	 0.00000
280.05000	 0.00000	 0.00000
280.10000	 0.00000	 0.00000
280.15000	 0.00000	 0.00000
280.20000	 0.00000	 0.00000
280.25000	 0.00000	 0.00000
280.30000	 0.00000	 0.00000
280.35000	 0.00000	 0.00000
280.40000	 0.00000	 0.00000
280.45000	 0.00000	 0.00000
280.50000	 0.00000	 0.00000
280.55000	 0.00000	 0.00000
280.60000	 0.00000	 0.00000
280.65000	 0.00000	 0.00000
280.70000	 0.00000	 0.00000
280.75000	 0.00000	 0.00000
280.80000	 0.00000	 0.00000
280.85000	 0.00000	 0.00000
280.90000	 0.00000	 0.00000
280.95000	 0.00000	 0.00000
281.00000	 0.00000	 0.00000
281.05000	 0.00000	 0.00000
281.10000	 0.00000	 0.00000
281.15000	 0.00000	 0.00000
281.20000	 0.00000	 0.00000
281.25000	 0.00000	 0.00000
281.30000	 0.00000	 0.00000
281.35000	 0.00000	 0.00000
281.40000	 0.00000	 0.00000
281.45000	 0.00000	 0.00000
281.50000	 0.00000	 0.00000
281.55000	 0.00000	 0.00000
281.60000	 0.00000	 0.00000
281.65000	 0.00000	 0.00000
281.70000	 0.00000	 0.00000
281.75000	 0.00000	 0.00000
281.80000	 0.00000	 0.00000
281.85000	 0.00000	 0.00000
281.90000	 0.00000	 0.00000
281.95000	 0.00000	 0.00000
282.00000	 0.00000	 0.00000
282.05000	 0.00000	 0.00000
282.10000	 0.00000	 0.00000
282.15000	 0.00000	 0.00000
282.20000	 0.00000	 0.00000
282.25000	 0.00000	 0.00000
282.30000	 0.00000	 0.00000
282.35000	 0.00000	 0.00000
282.40000	 0.00000	 0.00000
282.45000	 0.00000	 0.00000
282.50000	 0.00000	 0.00000
282.55000	 0.00000	 0.00000
282.60000	 0.00000	 0.00000
282.65000	 0.00000	 0.00000
282.70000	 0.00000	 0.00000
282.75000	 0.00000	 0.00000
282.80000	 0.00000	 0.00000
282.85000	 0.00000	 0.00000
282.90000	 0.00000	 0.00000
282.95000	 0.00000	 0.00000
283.00000	 0.00000	 0.00000
283.05000	 0.00000	 0.00000
283.10000	 0.00000	 0.00000
283.15000	 0.00000	 0.00000
283.20000	 0.00000	 0.00000
283.25000	 0.00000	 0.00000
283.30000	 0.00000	 0.00000
283.35000	 0.00000	 0.00000
283.40000	 0.00000	 0.00000
283.45000	 0.00000	 0.00000
283.50000	 0.00000	 0.00000
283.55000	 0.00000	 0.00000
283.60000	 0.00000	 0.00000
283.65000	 0.00000	 0.00000
283.70000	 0.00000	 0.00000
283.75000	 0.00000	 0.00000
283.80000	 0.00000	 0.00000
283.85000	 0.00000	 0.00000
283.90000	 0.00000	 0.00000
283.95000	 0.00000	 0.00000
284.00000	 0.00000	 0.00000
284.05000	 0.00000	 0.00000
284.10000	 0.00000	 0.00000
284.15000	 0.00000	 0.00000
284.20000	 0.00000	 0.00000
284.25000	 0.00000	 0.00000
284.30000	 0.00000	 0.00000
284.35000	 0.00000	 0.00000
284.40000	 0.00000	 0.00000
284.45000	 0.00000	 0.00000
284.50000	 0.00000	 0.00000
284.55000	 0.00000	 0.00000
284.60000	 0.00000	 0.00000
284.65000	 0.00000	 0.00000
284.70000	 0.00000	 0.00000
284.75000	 0.00000	 0.00000
284.80000	 0.00000	 0.00000
284.85000	 0.00000	 0.00000
284.90000	 0.00000	 0.00000
284.95000	 0.00000	 0.00000
285.00000	 0.00000	 0.00000
285.05000	 0.00000	 0.00000
285.10000	 0.00000	 0.00000
285.15000	 0.00000	 0.00000
285.20000	 0.00000	 0.00000
285.25000	 0.00000	 0.00000
285.30000	 0.00000	 0.00000
285.35000	 0.00000	 0.00000
285.40000	 0.00000	 0.00000
285.45000	 0.00000	 0.00000
285.50000	 0.00000	 0.00000
285.55000	 0.00000	 0.00000
285.60000	 0.00000	 0.00000
285.65000	 0.00000	 0.00000
285.70000	 0.00000	 0.00000
285.75000	 0.00000	 0.00000
285.80000	 0.00000	 0.00000
285.85000	 0.00000	 0.00000
285.90000	 0.00000	 0.00000
285.95000	 0.00000	 0.00000
286.00000	 0.00000	 0.00000
286.05000	 0.00000	 0.00000
286.10000	 0.00000	 0.00000
286.15000	 0.00000	 0.00000
286.20000	 0.00000	 0.00000
286.25000	 0.00000	 0.00000
286.30000	 0.00000	 0.00000
286.35000	 0.00000	 0.00000
286.40000	 0.00000	 0.00000
286.45000	 0.00000	 0.00000
286.50000	 0.00000	 0.00000
286.55000	 0.00000	 0.00000
286.60000	 0.00000	 0.00000
286.65000	 0.00000	 0.00000
286.70000	 0.00000	 0.00000
286.75000	 0.00000	 0.00000
286.80000	 0.00000	 0.00000
286.85000	 0.00000	 0.00000
286.90000	 0.00000	 0.00000
286.95000	 0.00000	 0.00000
287.00000	 0.00000	 0.00000
287.05000	 0.00000	 0.00000
287.10000	 0.00000	 0.00000
287.15000	 0.00000	 0.00000
287.20000	 0.00000	 0.00000
287.25000	 0.00000	 0.00000
287.30000	 0.00000	 0.00000
287.35000	 0.00000	 0.00000
287.40000	 0.00000	 0.00000
287.45000	 0.00000	 0.00000
287.50000	 0.00000	 0.00000
287.55000	 0.00000	 0.00000
287.60000	 0.00000	 0.00000
287.65000	 0.00000	 0.00000
287.70000	 0.00000	 0.00000
287.75000	 0.00000	 0.00000
287.80000	 0.00000	 0.00000
287.85000	 0.00000	 0.00000
287.90000	 0.00000	 0.00000
287.95000	 0.00000	 0.00000
288.00000	 0.00000	 0.00000
288.05000	 0.00000	 0.00000
288.10000	 0.00000	 0.00000
288.15000	 0.00000	 0.00000
288.20000	 0.00000	 0.00000
288.25000	 0.00000	 0.00000
288.30000	 0.00000	 0.00000
288.35000	 0.00000	 0.00000
288.40000	 0.00000	 0.00000
288.45000	 0.00000	 0.00000
288.50000	 0.00000	 0.00000
288.55000	 0.00000	 0.00000
288.60000	 0.00000	 0.00000
288.65000	 0.00000	 0.00000
288.70000	 0.00000	 0.00000
288.75000	 0.00000	 0.00000
288.80000	 0.00000	 0.00000
288.85000	 0.00000	 0.00000
288.90000	 0.00000	 0.00000
288.95000	 0.00000	 0.00000
289.00000	 0.00000	 0.00000
289.05000	 0.00000	 0.00000
289.10000	 0.00000	 0.00000
289.15000	 0.00000	 0.00000
289.20000	 0.00000	 0.00000
289.25000	 0.00000	 0.00000
289.30000	 0.00000	 0.00000
289.35000	 0.00000	 0.00000
289.40000	 0.00000	 0.00000
289.45000	 0.00000	 0.00000
289.50000	 0.00000	 0.00000
289.55000	 0.00000	 0.00000
289.60000	 0.00000	 0.00000
289.65000	 0.00000	 0.00000
289.70000	 0.00000	 0.00000
289.75000	 0.00000	 0.00000
289.80000	 0.00000	 0.00000
289.85000	 0.00000	 0.00000
289.90000	 0.00000	 0.00000
289.95000	 0.00000	 0.00000
290.00000	 0.00000	 0.00000
290.05000	 0.00000	 0.00000
290.10000	 0.00000	 0.00000
290.15000	 0.00000	 0.00000
290.20000	 0.00000	 0.00000
290.25000	 0.00000	 0.00000
290.30000	 0.00000	 0.00000
290.35000	 0.00000	 0.00000
290.40000	 0.00000	 0.00000
290.45000	 0.00000	 0.00000
290.50000	 0.00000	 0.00000
290.55000	 0.00000	 0.00000
290.60000	 0.00000	 0.00000
290.65000	 0.00000	 0.00000
290.70000	 0.00000	 0.00000
290.75000	 0.00000	 0.00000
290.80000	 0.00000	 0.00000
290.85000	 0.00000	 0.00000
290.90000	 0.00000	 0.00000
290.95000	 0.00000	 0.00000
291.00000	 0.00000	 0.00000
291.05000	 0.00000	 0.00000
291.10000	 0.00000	 0.00000
291.15000	 0.00000	 0.00000
291.20000	 0.00000	 0.00000
291.25000	 0.00000	 0.00000
291.30000	 0.00000	 0.00000
291.35000	 0.00000	 0.00000
291.40000	 0.00000	 0.00000
291.45000	 0.00000	 0.00000
291.50000	 0.00000	 0.00000
291.55000	 0.00000	 0.00000
291.60000	 0.00000	 0.00000
291.65000	 0.00000	 0.00000
291.70000	 0.00000	 0.00000
291.75000	 0.00000	 0.00000
291.80000	 0.00000	 0.00000
291.85000	 0.00000	 0.00000
291.90000	 0.00000	 0.00000
291.95000	 0.00000	 0.00000
292.00000	 0.00000	 0.00000
292.05000	 0.00000	 0.00000
292.10000	 0.00000	 0.00000
292.15000	 0.00000	 0.00000
292.20000	 0.00000	 0.00000
292.25000	 0.00000	 0.00000
292.30000	 0.00000	 0.00000
292.35000	 0.00000	 0.00000
292.40000	 0.00000	 0.00000
292.45000	 0.00000	 0.00000
292.50000	 0.00000	 0.00000
292.55000	 0.00000	 0.00000
292.60000	 0.00000	 0.00000
292.65000	 0.00000	 0.00000
292.70000	 0.00000	 0.00000
292.75000	 0.00000	 0.00000
292.80000	 0.00000	 0.00000
292.85000	 0.00000	 0.00000
292.90000	 0.00000	 0.00000
292.95000	 0.00000	 0.00000
293.00000	 0.00000	 0.00000
293.05000	 0.00000	 0.00000
293.10000	 0.00000	 0.00000
293.15000	 0.00000	 0.00000
293.20000	 0.00000	 0.00000
293.25000	 0.00000	 0.00000
293.30000	 0.00000	 0.00000
293.35000	 0.00000	 0.00000
293.40000	 0.00000	 0.00000
293.45000	 0.00000	 0.00000
293.50000	 0.00000	 0.00000
293.55000	 0.00000	 0.00000
293.60000	 0.00000	 0.00000
293.65000	 0.00000	 0.00000
293.70000	 0.00000	 0.00000
293.75000	 0.00000	 0.00000
293.80000	 0.00000	 0.00000
293.85000	 0.00000	 0.00000
293.90000	 0.00000	 0.00000
293.95000	 0.00000	 0.00000
294.00000	 0.00000	 0.00000
294.05000	 0.00000	 0.00000
294.10000	 0.00000	 0.00000
294.15000	 0.00000	 0.00000
294.20000	 0.00000	 0.00000
294.25000	 0.00000	 0.00000
294.30000	 0.00000	 0.00000
294.35000	 0.00000	 0.00000
294.40000	 0.00000	 0.00000
294.45000	 0.00000	 0.00000
294.50000	 0.00000	 0.00000
294.55000	 0.00000	 0.00000
294.60000	 0.00000	 0.00000
294.65000	 0.00000	 0.00000
294.70000	 0.00000	 0.00000
294.75000	 0.00000	 0.00000
294.80000	 0.00000	 0.00000
294.85000	 0.00000	 0.00000
294.90000	 0.00000	 0.00000
294.95000	 0.00000	 0.00000
295.00000	 0.00000	 0.00000
295.05000	 0.00000	 0.00000
295.10000	 0.00000	 0.00000
295.15000	 0.00000	 0.00000
295.20000	 0.00000	 0.00000
295.25000	 0.00000	 0.00000
295.30000	 0.00000	 0.00000
295.35000	 0.00000	 0.00000
295.40000	 0.00000	 0.00000
295.45000	 0.00000	 0.00000
295.50000	 0.00000	 0.00000
295.55000	 0.00000	 0.00000
295.60000	 0.00000	 0.00000
295.65000	 0.00000	 0.00000
295.70000	 0.00000	 0.00000
295.75000	 0.00000	 0.00000
295.80000	 0.00000	 0.00000
295.85000	 0.00000	 0.00000
295.90000	 0.00000	 0.00000
295.95000	 0.00000	 0.00000
296.00000	 0.00000	 0.00000
296.05000	 0.00000	 0.00000
296.10000	 0.00000	 0.00000
296.15000	 0.00000	 0.00000
296.20000	 0.00000	 0.00000
296.25000	 0.00000	 0.00000
296.30000	 0.00000	 0.00000
296.35000	 0.00000	 0.00000
296.40000	 0.00000	 0.00000
296.45000	 0.00000	 0.00000
296.50000	 0.00000	 0.00000
296.55000	 0.00000	 0.00000
296.60000	 0.00000	 0.00000
296.65000	 0.00000	 0.00000
296.70000	 0.00000	 0.00000
296.75000	 0.00000	 0.00000
296.80000	 0.00000	 0.00000
296.85000	 0.00000	 0.00000
296.90000	 0.00000	 0.00000
296.95000	 0.00000	 0.00000
297.00000	 0.00000	 0.00000
297.05000	 0.00000	 0.00000
297.10000	 0.00000	 0.00000
297.15000	 0.00000	 0.00000
297.20000	 0.00000	 0.00000
297.25000	 0.00000	 0.00000
297.30000	 0.00000	 0.00000
297.35000	 0.00000	 0.00000
297.40000	 0.00000	 0.00000
297.45000	 0.00000	 0.00000
297.50000	 0.00000	 0.00000
297.55000	 0.00000	 0.00000
297.60000	 0.00000	 0.00000
297.65000	 0.00000	 0.00000
297.70000	 0.00000	 0.00000
297.75000	 0.00000	 0.00000
297.80000	 0.00000	 0.00000
297.85000	 0.00000	 0.00000
297.90000	 0.00000	 0.00000
297.95000	 0.00000	 0.00000
298.00000	 0.00000	 0.00000
298.05000	 0.00000	 0.00000
298.10000	 0.00000	 0.00000
298.15000	 0.00000	 0.00000
298.20000	 0.00000	 0.00000
298.25000	 0.00000	 0.00000
298.30000	 0.00000	 0.00000
298.35000	 0.00000	 0.00000
298.40000	 0.00000	 0.00000
298.45000	 0.00000	 0.00000
298.50000	 0.00000	 0.00000
298.55000	 0.00000	 0.00000
298.60000	 0.00000	 0.00000
298.65000	 0.00000	 0.00000
298.70000	 0.00000	 0.00000
298.75000	 0.00000	 0.00000
298.80000	 0.00000	 0.00000
298.85000	 0.00000	 0.00000
298.90000	 0.00000	 0.00000
298.95000	 0.00000	 0.00000
299.00000	 0.00000	 0.00000
299.05000	 0.00000	 0.00000
299.10000	 0.00000	 0.00000
299.15000	 0.00000	 0.00000
299.20000	 0.00000	 0.00000
299.25000	 0.00000	 0.00000
299.30000	 0.00000	 0.00000
299.35000	 0.00000	 0.00000
299.40000	 0.00000	 0.00000
299.45000	 0.00000	 0.00000
299.50000	 0.00000	 0.00000
299.55000	 0.00000	 0.00000
299.60000	 0.00000	 0.00000
299.65000	 0.00000	 0.00000
299.70000	 0.00000	 0.00000
299.75000	 0.00000	 0.00000
299.80000	 0.00000	 0.00000
299.85000	 0.00000	 0.00000
299.90000	 0.00000	 0.00000
299.95000	 0.00000	 0.00000
300.00000	 0.00000	 0.00000
300.05000	 0.00000	 0.00000
300.10000	 0.00000	 0.00000
300.15000	 0.00000	 0.00000
300.20000	 0.00000	 0.00000
300.25000	 0.00000	 0.00000
300.30000	 0.00000	 0.00000
300.35000	 0.00000	 0.00000
300.40000	 0.00000	 0.00000
300.45000	 0.00000	 0.00000
300.50000	 0.00000	 0.00000
300.55000	 0.00000	 0.00000
300.60000	 0.00000	 0.00000
300.65000	 0.00000	 0.00000
300.70000	 0.00000	 0.00000
300.75000	 0.00000	 0.00000
300.80000	 0.00000	 0.00000
300.85000	 0.00000	 0.00000
300.90000	 0.00000	 0.00000
300.95000	 0.00000	 0.00000
301.00000	 0.00000	 0.00000
301.05000	 0.00000	 0.00000
301.10000	 0.00000	 0.00000
301.15000	 0.00000	 0.00000
301.20000	 0.00000	 0.00000
301.25000	 0.00000	 0.00000
301.30000	 0.00000	 0.00000
301.35000	 0.00000	 0.00000
301.40000	 0.00000	 0.00000
301.45000	 0.00000	 0.00000
301.50000	 0.00000	 0.00000
301.55000	 0.00000	 0.00000
301.60000	 0.00000	 0.00000
301.65000	 0.00000	 0.00000
301.70000	 0.00000	 0.00000
301.75000	 0.00000	 0.00000
301.80000	 0.00000	 0.00000
301.85000	 0.00000	 0.00000
301.90000	 0.00000	 0.00000
301.95000	 0.00000	 0.00000
302.00000	 0.00000	 0.00000
302.05000	 0.00000	 0.00000
302.10000	 0.00000	 0.00000
302.15000	 0.00000	 0.00000
302.20000	 0.00000	 0.00000
302.25000	 0.00000	 0.00000
302.30000	 0.00000	 0.00000
302.35000	 0.00000	 0.00000
302.40000	 0.00000	 0.00000
302.45000	 0.00000	 0.00000
302.50000	 0.00000	 0.00000
302.55000	 0.00000	 0.00000
302.60000	 0.00000	 0.00000
302.65000	 0.00000	 0.00000
302.70000	 0.00000	 0.00000
302.75000	 0.00000	 0.00000
302.80000	 0.00000	 0.00000
302.85000	 0.00000	 0.00000
302.90000	 0.00000	 0.00000
302.95000	 0.00000	 0.00000
303.00000	 0.00000	 0.00000
303.05000	 0.00000	 0.00000
303.10000	 0.00000	 0.00000
303.15000	 0.00000	 0.00000
303.20000	 0.00000	 0.00000
303.25000	 0.00000	 0.00000
303.30000	 0.00000	 0.00000
303.35000	 0.00000	 0.00000
303.40000	 0.00000	 0.00000
303.45000	 0.00000	 0.00000
303.50000	 0.00000	 0.00000
303.55000	 0.00000	 0.00000
303.60000	 0.00000	 0.00000
303.65000	 0.00000	 0.00000
303.70000	 0.00000	 0.00000
303.75000	 0.00000	 0.00000
303.80000	 0.00000	 0.00000
303.85000	 0.00000	 0.00000
303.90000	 0.00000	 0.00000
303.95000	 0.00000	 0.00000
304.00000	 0.00000	 0.00000
304.05000	 0.00000	 0.00000
304.10000	 0.00000	 0.00000
304.15000	 0.00000	 0.00000
304.20000	 0.00000	 0.00000
304.25000	 0.00000	 0.00000
304.30000	 0.00000	 0.00000
304.35000	 0.00000	 0.00000
304.40000	 0.00000	 0.00000
304.45000	 0.00000	 0.00000
304.50000	 0.00000	 0.00000
304.55000	 0.00000	 0.00000
304.60000	 0.00000	 0.00000
304.65000	 0.00000	 0.00000
304.70000	 0.00000	 0.00000
304.75000	 0.00000	 0.00000
304.80000	 0.00000	 0.00000
304.85000	 0.00000	 0.00000
304.90000	 0.00000	 0.00000
304.95000	 0.00000	 0.00000
305.00000	 0.00000	 0.00000
305.05000	 0.00000	 0.00000
305.10000	 0.00000	 0.00000
305.15000	 0.00000	 0.00000
305.20000	 0.00000	 0.00000
305.25000	 0.00000	 0.00000
305.30000	 0.00000	 0.00000
305.35000	 0.00000	 0.00000
305.40000	 0.00000	 0.00000
305.45000	 0.00000	 0.00000
305.50000	 0.00000	 0.00000
305.55000	 0.00000	 0.00000
305.60000	 0.00000	 0.00000
305.65000	 0.00000	 0.00000
305.70000	 0.00000	 0.00000
305.75000	 0.00000	 0.00000
305.80000	 0.00000	 0.00000
305.85000	 0.00000	 0.00000
305.90000	 0.00000	 0.00000
305.95000	 0.00000	 0.00000
306.00000	 0.00000	 0.00000
306.05000	 0.00000	 0.00000
306.10000	 0.00000	 0.00000
306.15000	 0.00000	 0.00000
306.20000	 0.00000	 0.00000
306.25000	 0.00000	 0.00000
306.30000	 0.00000	 0.00000
306.35000	 0.00000	 0.00000
306.40000	 0.00000	 0.00000
306.45000	 0.00000	 0.00000
306.50000	 0.00000	 0.00000
306.55000	 0.00000	 0.00000
306.60000	 0.00000	 0.00000
306.65000	 0.00000	 0.00000
306.70000	 0.00000	 0.00000
306.75000	 0.00000	 0.00000
306.80000	 0.00000	 0.00000
306.85000	 0.00000	 0.00000
306.90000	 0.00000	 0.00000
306.95000	 0.00000	 0.00000
307.00000	 0.00000	 0.00000
307.05000	 0.00000	 0.00000
307.10000	 0.00000	 0.00000
307.15000	 0.00000	 0.00000
307.20000	 0.00000	 0.00000
307.25000	 0.00000	 0.00000
307.30000	 0.00000	 0.00000
307.35000	 0.00000	 0.00000
307.40000	 0.00000	 0.00000
307.45000	 0.00000	 0.00000
307.50000	 0.00000	 0.00000
307.55000	 0.00000	 0.00000
307.60000	 0.00000	 0.00000
307.65000	 0.00000	 0.00000
307.70000	 0.00000	 0.00000
307.75000	 0.00000	 0.00000
307.80000	 0.00000	 0.00000
307.85000	 0.00000	 0.00000
307.90000	 0.00000	 0.00000
307.95000	 0.00000	 0.00000
308.00000	 0.00000	 0.00000
308.05000	 0.00000	 0.00000
308.10000	 0.00000	 0.00000
308.15000	 0.00000	 0.00000
308.20000	 0.00000	 0.00000
308.25000	 0.00000	 0.00000
308.30000	 0.00000	 0.00000
308.35000	 0.00000	 0.00000
308.40000	 0.00000	 0.00000
308.45000	 0.00000	 0.00000
308.50000	 0.00000	 0.00000
308.55000	 0.00000	 0.00000
308.60000	 0.00000	 0.00000
308.65000	 0.00000	 0.00000
308.70000	 0.00000	 0.00000
308.75000	 0.00000	 0.00000
308.80000	 0.00000	 0.00000
308.85000	 0.00000	 0.00000
308.90000	 0.00000	 0.00000
308.95000	 0.00000	 0.00000
309.00000	 0.00000	 0.00000
309.05000	 0.00000	 0.00000
309.10000	 0.00000	 0.00000
309.15000	 0.00000	 0.00000
309.20000	 0.00000	 0.00000
309.25000	 0.00000	 0.00000
309.30000	 0.00000	 0.00000
309.35000	 0.00000	 0.00000
309.40000	 0.00000	 0.00000
309.45000	 0.00000	 0.00000
309.50000	 0.00000	 0.00000
309.55000	 0.00000	 0.00000
309.60000	 0.00000	 0.00000
309.65000	 0.00000	 0.00000
309.70000	 0.00000	 0.00000
309.75000	 0.00000	 0.00000
309.80000	 0.00000	 0.00000
309.85000	 0.00000	 0.00000
309.90000	 0.00000	 0.00000
309.95000	 0.00000	 0.00000
310.00000	 0.00000	 0.00000
310.05000	 0.00000	 0.00000
310.10000	 0.00000	 0.00000
310.15000	 0.00000	 0.00000
310.20000	 0.00000	 0.00000
310.25000	 0.00000	 0.00000
310.30000	 0.00000	 0.00000
310.35000	 0.00000	 0.00000
310.40000	 0.00000	 0.00000
310.45000	 0.00000	 0.00000
310.50000	 0.00000	 0.00000
310.55000	 0.00000	 0.00000
310.60000	 0.00000	 0.00000
310.65000	 0.00000	 0.00000
310.70000	 0.00000	 0.00000
310.75000	 0.00000	 0.00000
310.80000	 0.00000	 0.00000
310.85000	 0.00000	 0.00000
310.90000	 0.00000	 0.00000
310.95000	 0.00000	 0.00000
311.00000	 0.00000	 0.00000
311.05000	 0.00000	 0.00000
311.10000	 0.00000	 0.00000
311.15000	 0.00000	 0.00000
311.20000	 0.00000	 0.00000
311.25000	 0.00000	 0.00000
311.30000	 0.00000	 0.00000
311.35000	 0.00000	 0.00000
311.40000	 0.00000	 0.00000
311.45000	 0.00000	 0.00000
311.50000	 0.00000	 0.00000
311.55000	 0.00000	 0.00000
311.60000	 0.00000	 0.00000
311.65000	 0.00000	 0.00000
311.70000	 0.00000	 0.00000
311.75000	 0.00000	 0.00000
311.80000	 0.00000	 0.00000
311.85000	 0.00000	 0.00000
311.90000	 0.00000	 0.00000
311.95000	 0.00000	 0.00000
312.00000	 0.00000	 0.00000
312.05000	 0.00000	 0.00000
312.10000	 0.00000	 0.00000
312.15000	 0.00000	 0.00000
312.20000	 0.00000	 0.00000
312.25000	 0.00000	 0.00000
312.30000	 0.00000	 0.00000
312.35000	 0.00000	 0.00000
312.40000	 0.00000	 0.00000
312.45000	 0.00000	 0.00000
312.50000	 0.00000	 0.00000
312.55000	 0.00000	 0.00000
312.60000	 0.00000	 0.00000
312.65000	 0.00000	 0.00000
312.70000	 0.00000	 0.00000
312.75000	 0.00000	 0.00000
312.80000	 0.00000	 0.00000
312.85000	 0.00000	 0.00000
312.90000	 0.00000	 0.00000
312.95000	 0.00000	 0.00000
313.00000	 0.00000	 0.00000
313.05000	 0.00000	 0.00000
313.10000	 0.00000	 0.00000
313.15000	 0.00000	 0.00000
313.20000	 0.00000	 0.00000
313.25000	 0.00000	 0.00000
313.30000	 0.00000	 0.00000
313.35000	 0.00000	 0.00000
313.40000	 0.00000	 0.00000
313.45000	 0.00000	 0.00000
313.50000	 0.00000	 0.00000
313.55000	 0.00000	 0.00000
313.60000	 0.00000	 0.00000
313.65000	 0.00000	 0.00000
313.70000	 0.00000	 0.00000
313.75000	 0.00000	 0.00000
313.80000	 0.00000	 0.00000
313.85000	 0.00000	 0.00000
313.90000	 0.00000	 0.00000
313.95000	 0.00000	 0.00000
314.00000	 0.00000	 0.00000
314.05000	 0.00000	 0.00000
314.10000	 0.00000	 0.00000
314.15000	 0.00000	 0.00000
314.20000	 0.00000	 0.00000
314.25000	 0.00000	 0.00000
314.30000	 0.00000	 0.00000
314.35000	 0.00000	 0.00000
314.40000	 0.00000	 0.00000
314.45000	 0.00000	 0.00000
314.50000	 0.00000	 0.00000
314.55000	 0.00000	 0.00000
314.60000	 0.00000	 0.00000
314.65000	 0.00000	 0.00000
314.70000	 0.00000	 0.00000
314.75000	 0.00000	 0.00000
314.80000	 0.00000	 0.00000
314.85000	 0.00000	 0.00000
314.90000	 0.00000	 0.00000
314.95000	 0.00000	 0.00000
315.00000	 0.00000	 0.00000
315.05000	 0.00000	 0.00000
315.10000	 0.00000	 0.00000
315.15000	 0.00000	 0.00000
315.20000	 0.00000	 0.00000
315.25000	 0.00000	 0.00000
315.30000	 0.00000	 0.00000
315.35000	 0.00000	 0.00000
315.40000	 0.00000	 0.00000
315.45000	 0.00000	 0.00000
315.50000	 0.00000	 0.00000
315.55000	 0.00000	 0.00000
315.60000	 0.00000	 0.00000
315.65000	 0.00000	 0.00000
315.70000	 0.00000	 0.00000
315.75000	 0.00000	 0.00000
315.80000	 0.00000	 0.00000
315.85000	 0.00000	 0.00000
315.90000	 0.00000	 0.00000
315.95000	 0.00000	 0.00000
316.00000	 0.00000	 0.00000
316.05000	 0.00000	 0.00000
316.10000	 0.00000	 0.00000
316.15000	 0.00000	 0.00000
316.20000	 0.00000	 0.00000
316.25000	 0.00000	 0.00000
316.30000	 0.00000	 0.00000
316.35000	 0.00000	 0.00000
316.40000	 0.00000	 0.00000
316.45000	 0.00000	 0.00000
316.50000	 0.00000	 0.00000
316.55000	 0.00000	 0.00000
316.60000	 0.00000	 0.00000
316.65000	 0.00000	 0.00000
316.70000	 0.00000	 0.00000
316.75000	 0.00000	 0.00000
316.80000	 0.00000	 0.00000
316.85000	 0.00000	 0.00000
316.90000	 0.00000	 0.00000
316.95000	 0.00000	 0.00000
317.00000	 0.00000	 0.00000
317.05000	 0.00000	 0.00000
317.10000	 0.00000	 0.00000
317.15000	 0.00000	 0.00000
317.20000	 0.00000	 0.00000
317.25000	 0.00000	 0.00000
317.30000	 0.00000	 0.00000
317.35000	 0.00000	 0.00000
317.40000	 0.00000	 0.00000
317.45000	 0.00000	 0.00000
317.50000	 0.00000	 0.00000
317.55000	 0.00000	 0.00000
317.60000	 0.00000	 0.00000
317.65000	 0.00000	 0.00000
317.70000	 0.00000	 0.00000
317.75000	 0.00000	 0.00000
317.80000	 0.00000	 0.00000
317.85000	 0.00000	 0.00000
317.90000	 0.00000	 0.00000
317.95000	 0.00000	 0.00000
318.00000	 0.00000	 0.00000
318.05000	 0.00000	 0.00000
318.10000	 0.00000	 0.00000
318.15000	 0.00000	 0.00000
318.20000	 0.00000	 0.00000
318.25000	 0.00000	 0.00000
318.30000	 0.00000	 0.00000
318.35000	 0.00000	 0.00000
318.40000	 0.00000	 0.00000
318.45000	 0.00000	 0.00000
318.50000	 0.00000	 0.00000
318.55000	 0.00000	 0.00000
318.60000	 0.00000	 0.00000
318.65000	 0.00000	 0.00000
318.70000	 0.00000	 0.00000
318.75000	 0.00000	 0.00000
318.80000	 0.00000	 0.00000
318.85000	 0.00000	 0.00000
318.90000	 0.00000	 0.00000
318.95000	 0.00000	 0.00000
319.00000	 0.00000	 0.00000
319.05000	 0.00000	 0.00000
319.10000	 0.00000	 0.00000
319.15000	 0.00000	 0.00000
319.20000	 0.00000	 0.00000
319.25000	 0.00000	 0.00000
319.30000	 0.00000	 0.00000
319.35000	 0.00000	 0.00000
319.40000	 0.00000	 0.00000
319.45000	 0.00000	 0.00000
319.50000	 0.00000	 0.00000
319.55000	 0.00000	 0.00000
319.60000	 0.00000	 0.00000
319.65000	 0.00000	 0.00000
319.70000	 0.00000	 0.00000
319.75000	 0.00000	 0.00000
319.80000	 0.00000	 0.00000
319.85000	 0.00000	 0.00000
319.90000	 0.00000	 0.00000
319.95000	 0.00000	 0.00000
320.00000	 0.00000	 0.00000
320.05000	 0.00000	 0.00000
320.10000	 0.00000	 0.00000
320.15000	 0.00000	 0.00000
320.20000	 0.00000	 0.00000
320.25000	 0.00000	 0.00000
320.30000	 0.00000	 0.00000
320.35000	 0.00000	 0.00000
320.40000	 0.00000	 0.00000
320.45000	 0.00000	 0.00000
320.50000	 0.00000	 0.00000
320.55000	 0.00000	 0.00000
320.60000	 0.00000	 0.00000
320.65000	 0.00000	 0.00000
320.70000	 0.00000	 0.00000
320.75000	 0.00000	 0.00000
320.80000	 0.00000	 0.00000
320.85000	 0.00000	 0.00000
320.90000	 0.00000	 0.00000
320.95000	 0.00000	 0.00000
321.00000	 0.00000	 0.00000
321.05000	 0.00000	 0.00000
321.10000	 0.00000	 0.00000
321.15000	 0.00000	 0.00000
321.20000	 0.00000	 0.00000
321.25000	 0.00000	 0.00000
321.30000	 0.00000	 0.00000
321.35000	 0.00000	 0.00000
321.40000	 0.00000	 0.00000
321.45000	 0.00000	 0.00000
321.50000	 0.00000	 0.00000
321.55000	 0.00000	 0.00000
321.60000	 0.00000	 0.00000
321.65000	 0.00000	 0.00000
321.70000	 0.00000	 0.00000
321.75000	 0.00000	 0.00000
321.80000	 0.00000	 0.00000
321.85000	 0.00000	 0.00000
321.90000	 0.00000	 0.00000
321.95000	 0.00000	 0.00000
322.00000	 0.00000	 0.00000
322.05000	 0.00000	 0.00000
322.10000	 0.00000	 0.00000
322.15000	 0.00000	 0.00000
322.20000	 0.00000	 0.00000
322.25000	 0.00000	 0.00000
322.30000	 0.00000	 0.00000
322.35000	 0.00000	 0.00000
322.40000	 0.00000	 0.00000
322.45000	 0.00000	 0.00000
322.50000	 0.00000	 0.00000
322.55000	 0.00000	 0.00000
322.60000	 0.00001	 0.00000
322.65000	 0.00001	 0.00000
322.70000	 0.00001	 0.00000
322.75000	 0.00001	 0.00000
322.80000	 0.00001	 0.00000
322.85000	 0.00001	 0.00000
322.90000	 0.00001	 0.00000
322.95000	 0.00001	 0.00000
323.00000	 0.00001	 0.00000
323.05000	 0.00001	 0.00000
323.10000	 0.00001	 0.00000
323.15000	 0.00001	 0.00000
323.20000	 0.00001	 0.00000
323.25000	 0.00001	 0.00000
323.30000	 0.00001	 0.00000
323.35000	 0.00001	 0.00000
323.40000	 0.00001	 0.00000
323.45000	 0.00001	 0.00000
323.50000	 0.00001	 0.00000
323.55000	 0.00002	 0.00000
323.60000	 0.00002	 0.00000
323.65000	 0.00002	 0.00000
323.70000	 0.00002	 0.00000
323.75000	 0.00002	 0.00000
323.80000	 0.00002	 0.00000
323.85000	 0.00002	 0.00000
323.90000	 0.00002	 0.00000
323.95000	 0.00002	 0.00000
324.00000	 0.00002	 0.00000
324.05000	 0.00003	 0.00000
324.10000	 0.00003	 0.00000
324.15000	 0.00003	 0.00000
324.20000	 0.00003	 0.00000
324.25000	 0.00003	 0.00000
324.30000	 0.00003	 0.00000
324.35000	 0.00004	 0.00000
324.40000	 0.00004	 0.00000
324.45000	 0.00004	 0.00000
324.50000	 0.00004	 0.00000
324.55000	 0.00005	 0.00000
324.60000	 0.00005	 0.00000
324.65000	 0.00005	 0.00000
324.70000	 0.00005	 0.00000
324.75000	 0.00006	 0.00000
324.80000	 0.00006	 0.00000
324.85000	 0.00006	 0.00000
324.90000	 0.00007	 0.00000
324.95000	 0.00007	 0.00000
325.00000	 0.00007	 0.00000
325.05000	 0.00008	 0.00000
325.10000	 0.00008	 0.00000
325.15000	 0.00009	 0.00000
325.20000	 0.00009	 0.00000
325.25000	 0.00010	 0.00000
325.30000	 0.00010	 0.00000
325.35000	 0.00011	 0.00000
325.40000	 0.00011	 0.00000
325.45000	 0.00012	 0.00000
325.50000	 0.00013	 0.00000
325.55000	 0.00014	 0.00000
325.60000	 0.00014	 0.00000
325.65000	 0.00015	 0.00000
325.70000	 0.00016	 0.00000
325.75000	 0.00017	 0.00000
325.80000	 0.00018	 0.00000
325.85000	 0.00019	 0.00000
325.90000	 0.00020	 0.00000
325.95000	 0.00021	 0.00000
326.00000	 0.00022	 0.00000
326.05000	 0.00023	 0.00000
326.10000	 0.00025	 0.00000
326.15000	 0.00026	 0.00000
326.20000	 0.00028	 0.00000
326.25000	 0.00029	 0.00000
326.30000	 0.00031	 0.00000
326.35000	 0.00033	 0.00000
326.40000	 0.00035	 0.00000
326.45000	 0.00036	 0.00000
326.50000	 0.00039	 0.00000
326.55000	 0.00041	 0.00000
326.60000	 0.00043	 0.00000
326.65000	 0.00045	 0.00000
326.70000	 0.00048	 0.00000
326.75000	 0.00051	 0.00000
326.80000	 0.00054	 0.00000
326.85000	 0.00057	 0.00000
326.90000	 0.00060	 0.00000
326.95000	 0.00063	 0.00000
327.00000	 0.00067	 0.00000
327.05000	 0.00071	 0.00000
327.10000	 0.00075	 0.00000
327.15000	 0.00079	 0.00000
327.20000	 0.00083	 0.00000
327.25000	 0.00088	 0.00000
327.30000	 0.00093	 0.00000
327.35000	 0.00098	 0.00000
327.40000	 0.00104	 0.00000
327.45000	 0.00110	 0.00000
327.50000	 0.00116	 0.00000
327.55000	 0.00122	 0.00000
327.60000	 0.00129	 0.00000
327.65000	 0.00136	 0.00000
327.70000	 0.00144	 0.00000
327.75000	 0.00152	 0.00000
327.80000	 0.00161	 0.00000
327.85000	 0.00170	 0.00000
327.90000	 0.00180	 0.00000
327.95000	 0.00190	 0.00000
328.00000	 0.00201	 0.00000
328.05000	 0.00212	 0.00000
328.10000	 0.00224	 0.00000
328.15000	 0.00237	 0.00000
328.20000	 0.00250	 0.00000
328.25000	 0.00264	 0.00000
328.30000	 0.00279	 0.00000
328.35000	 0.00295	 0.00000
328.40000	 0.00311	 0.00000
328.45000	 0.00329	 0.00000
328.50000	 0.00348	 0.00000
328.55000	 0.00367	 0.00000
328.60000	 0.00388	 0.00000
328.65000	 0.00410	 0.00000
328.70000	 0.00433	 0.00000
328.75000	 0.00458	 0.00000
328.80000	 0.00483	 0.00000
328.85000	 0.00511	 0.00000
328.90000	 0.00540	 0.00000
328.95000	 0.00570	 0.00000
329.00000	 0.00602	 0.00000
329.05000	 0.00637	 0.00000
329.10000	 0.00672	 0.00000
329.15000	 0.00711	 0.00000
329.20000	 0.00751	 0.00000
329.25000	 0.00793	 0.00000
329.30000	 0.00838	 0.00000
329.35000	 0.00885	 0.00000
329.40000	 0.00935	 0.00000
329.45000	 0.00988	 0.00000
329.50000	 0.01044	 0.00000
329.55000	 0.01103	 0.00000
329.60000	 0.01166	 0.00000
329.65000	 0.01232	 0.00000
329.70000	 0.01301	 0.00000
329.75000	 0.01375	 0.00000
329.80000	 0.01452	 0.00000
329.85000	 0.01535	 0.00000
329.90000	 0.01621	 0.00000
329.95000	 0.01713	 0.00000
330.00000	 0.01810	 0.00000
330.05000	 0.01912	 0.00000
330.10000	 0.02020	 0.00000
330.15000	 0.02135	 0.00000
330.20000	 0.02255	 0.00000
330.25000	 0.02383	 0.00000
330.30000	 0.02517	 0.00000
330.35000	 0.02660	 0.00000
330.40000	 0.02810	 0.00000
330.45000	 0.02969	 0.00000
330.50000	 0.03137	 0.00000
330.55000	 0.03314	 0.00000
330.60000	 0.03502	 0.00000
330.65000	 0.03700	 0.00000
330.70000	 0.03909	 0.00000
330.75000	 0.04130	 0.00000
330.80000	 0.04363	 0.00000
330.85000	 0.04610	 0.00000
330.90000	 0.04871	 0.00000
330.95000	 0.05146	 0.00000
331.00000	 0.05437	 0.00000
331.05000	 0.05744	 0.00000
331.10000	 0.06069	 0.00000
331.15000	 0.06412	 0.00000
331.20000	 0.06775	 0.00000
331.25000	 0.07158	 0.00000
331.30000	 0.07563	 0.00000
331.35000	 0.07990	 0.00000
331.40000	 0.08442	 0.00000
331.45000	 0.08920	 0.00000
331.50000	 0.09424	 0.00000
331.55000	 0.09957	 0.00000
331.60000	 0.10520	 0.00000
331.65000	 0.11114	 0.00000
331.70000	 0.11743	 0.00000
331.75000	 0.12407	 0.00000
331.80000	 0.13108	 0.00000
331.85000	 0.13849	 0.00000
331.90000	 0.14632	 0.00000
331.95000	 0.15460	 0.00000
332.00000	 0.16334	 0.00000
332.05000	 0.17257	 0.00000
332.10000	 0.18233	 0.00000
332.15000	 0.19264	 0.00000
332.20000	 0.20353	 0.00000
332.25000	 0.21504	 0.00000
332.30000	 0.22720	 0.00000
332.35000	 0.24005	 0.00000
332.40000	 0.25362	 0.00000
332.45000	 0.26796	 0.00000
332.50000	 0.28311	 0.00000
332.55000	 0.29911	 0.00000
332.60000	 0.31603	 0.00000
332.65000	 0.33390	 0.00000
332.70000	 0.35277	 0.00000
332.75000	 0.37272	 0.00000
332.80000	 0.39379	 0.00000
332.85000	 0.41606	 0.00000
332.90000	 0.43958	 0.00000
332.95000	 0.46444	 0.00000
333.00000	 0.49070	 0.00000
333.05000	 0.51844	 0.00000
333.10000	 0.54775	 0.00000
333.15000	 0.57872	 0.00000
333.20000	 0.61145	 0.00000
333.25000	 0.64602	 0.00000
333.30000	 0.68254	 0.00000
333.35000	 0.72114	 0.00000
333.40000	 0.76191	 0.00000
333.45000	 0.80499	 0.00000
333.50000	 0.85050	 0.00000
333.55000	 0.89859	 0.00000
333.60000	 0.94940	 0.00000
333.65000	 1.00308	 0.00000
333.70000	 1.05979	 0.00000
333.75000	 1.11971	 0.00000
333.80000	 1.18302	 0.00000
333.85000	 1.24991	 0.00000
333.90000	 1.32058	 0.00000
333.95000	 1.39525	 0.00000
334.00000	 1.47414	 0.00000
334.05000	 1.55748	 0.00000
334.10000	 1.64555	 0.00000
334.15000	 1.73859	 0.00000
334.20000	 1.83689	 0.00000
334.25000	 1.94075	 0.00000
334.30000	 2.05048	 0.00000
334.35000	 2.16641	 0.00000
334.40000	 2.28890	 0.00000
334.45000	 2.41832	 0.00000
334.50000	 2.55505	 0.00000
334.55000	 2.69951	 0.00000
334.60000	 2.85215	 0.00000
334.65000	 3.01341	 0.00000
334.70000	 3.18379	 0.00000
334.75000	 3.36380	 0.00000
334.80000	 3.55399	 0.00000
334.85000	 3.75494	 0.00000
334.90000	 3.96725	 0.00000
334.95000	 4.19156	 0.00000
335.00000	 4.42855	 0.00000
335.05000	 4.67894	 0.00000
335.10000	 4.94349	 0.00000
335.15000	 5.22300	 0.00000
335.20000	 5.51831	 0.00000
335.25000	 5.83032	 0.00000
335.30000	 6.15997	 0.00000
335.35000	 6.50826	 0.00000
335.40000	 6.87624	 0.00000
335.45000	 7.26503	 0.00000
335.50000	 7.67580	 0.00000
335.55000	 8.10979	 0.00000
335.60000	 8.56832	 0.00000
335.65000	 9.05278	 0.00000
335.70000	 9.56463	 0.00000
335.75000	 10.10542	 0.00000
335.80000	 10.67679	 0.00000
335.85000	 11.28046	 0.00000
335.90000	 11.91826	 0.00000
335.95000	 12.59213	 0.00000
336.00000	 13.30410	 0.00000
336.05000	 14.05632	 0.00000
336.10000	 14.85107	 0.00000
336.15000	 15.69076	 0.00000
336.20000	 16.57793	 0.00000
336.25000	 17.51525	 0.00000
336.30000	 18.50557	 0.00000
336.35000	 19.55189	 0.00000
336.40000	 20.65737	 0.00000
336.45000	 21.82535	 0.00000
336.50000	 23.05937	 0.00000
336.55000	 24.36316	 0.00000
336.60000	 25.74066	 0.00000
336.65000	 27.19606	 0.00000
336.70000	 28.73374	 0.00000
336.75000	 30.35836	 0.00000
336.80000	 32.07484	 0.00000
336.85000	 33.88837	 0.00000
336.90000	 35.80444	 0.00000
336.95000	 37.82885	 0.00000
337.00000	 39.96771	 0.00000
337.05000	 42.22751	 0.00000
337.10000	 44.61508	 0.00000
337.15000	 47.13764	 0.00001
337.20000	 49.80282	 0.00002
337.25000	 52.61868	 0.00004
337.30000	 55.59368	 0.00013
337.35000	 58.73671	 0.00040
337.40000	 62.05677	 0.00132
337.45000	 65.56203	 0.00469
337.50000	 69.25531	 0.01800
337.55000	 73.11315	 0.07449
337.60000	 76.98178	 0.33339
337.65000	 80.03269	 1.60451
337.70000	 78.10322	 7.90660
337.75000	 57.79625	 31.98487
337.80000	 21.76106	 69.92760
337.85000	 4.59421	 87.31607
337.90000	 0.81160	 90.77127
337.95000	 0.13946	 91.00942
338.00000	 0.02403	 90.67417
338.05000	 0.00417	 90.24234
338.10000	 0.00073	 89.79579
338.15000	 0.00013	 89.34855
338.20000	 0.00002	 88.90303
338.25000	 0.00000	 88.45965
338.30000	 0.00000	 88.01846
338.35000	 0.00000	 87.57946
338.40000	 0.00000	 87.14266
338.45000	 0.00000	 86.70803
338.50000	 0.00000	 86.27557
338.55000	 0.00000	 85.84527
338.60000	 0.00000	 85.41712
338.65000	 0.00000	 84.99110
338.70000	 0.00000	 84.56720
338.75000	 0.00000	 84.14542
338.80000	 0.00000	 83.72575
338.85000	 0.00000	 83.30816
338.90000	 0.00000	 82.89266
338.95000	 0.00000	 82.47923
339.00000	 0.00000	 82.06786
339.05000	 0.00000	 81.65855
339.10000	 0.00000	 81.25128
339.15000	 0.00000	 80.84603
339.20000	 0.00000	 80.44281
339.25000	 0.00000	 80.04160
339.30000	 0.00000	 79.64239
339.35000	 0.00000	 79.24517
339.40000	 0.00000	 78.84994
339.45000	 0.00000	 78.45667
339.50000	 0.00000	 78.06537
339.55000	 0.00000	 77.67601
339.60000	 0.00000	 77.28860
339.65000	 0.00000	 76.90313
339.70000	 0.00000	 76.51957
339.75000	 0.00000	 76.13793
339.80000	 0.00000	 75.75819
339.85000	 0.00000	 75.38034
339.90000	 0.00000	 75.00438
339.95000	 0.00000	 74.63029
340.00000	 0.00000	 74.25807
340.05000	 0.00000	 73.88771
340.10000	 0.00000	 73.51919
340.15000	 0.00000	 73.15252
340.20000	 0.00000	 72.78767
340.25000	 0.00000	 72.42464
340.30000	 0.00000	 72.06342
340.35000	 0.00000	 71.70400
340.40000	 0.00000	 71.34637
340.45000	 0.00000	 70.99053
340.50000	 0.00000	 70.63647
340.55000	 0.00000	 70.28416
340.60000	 0.00000	 69.93362
340.65000	 0.00000	 69.58483
340.70000	 0.00000	 69.23777
340.75000	 0.00000	 68.89245
340.80000	 0.00000	 68.54884
340.85000	 0.00000	 68.20695
340.90000	 0.00000	 67.86677
340.95000	 0.00000	 67.52828
341.00000	 0.00000	 67.19148
341.05000	 0.00000	 66.85637
341.10000	 0.00000	 66.52292
341.15000	 0.00000	 66.19113
341.20000	 0.00000	 65.86100
341.25000	 0.00000	 65.53252
341.30000	 0.00000	 65.20568
341.35000	 0.00000	 64.88046
341.40000	 0.00000	 64.55687
341.45000	 0.00000	 64.23489
341.50000	 0.00000	 63.91452
341.55000	 0.00000	 63.59574
341.60000	 0.00000	 63.27856
341.65000	 0.00000	 62.96295
341.70000	 0.00000	 62.64892
341.75000	 0.00000	 62.33646
341.80000	 0.00000	 62.02556
341.85000	 0.00000	 61.71620
341.90000	 0.00000	 61.40839
341.95000	 0.00000	 61.10212
342.00000	 0.00000	 60.79737
342.05000	 0.00000	 60.49414
342.10000	 0.00000	 60.19243
342.15000	 0.00000	 59.89221
342.20000	 0.00000	 59.59350
342.25000	 0.00000	 59.29628
342.30000	 0.00000	 59.00054
342.35000	 0.00000	 58.70627
342.40000	 0.00000	 58.41347
342.45000	 0.00000	 58.12213
342.50000	 0.00000	 57.83225
342.55000	 0.00000	 57.54381
342.60000	 0.00000	 57.25681
342.65000	 0.00000	 56.97124
342.70000	 0.00000	 56.68709
342.75000	 0.00000	 56.40436
342.80000	 0.00000	 56.12305
342.85000	 0.00000	 55.84313
342.90000	 0.00000	 55.56461
342.95000	 0.00000	 55.28748
343.00000	 0.00000	 55.01173
343.05000	 0.00000	 54.73736
343.10000	 0.00000	 54.46436
343.15000	 0.00000	 54.19272
343.20000	 0.00000	 53.92243
343.25000	 0.00000	 53.65349
343.30000	 0.00000	 53.38589
343.35000	 0.00000	 53.11963
343.40000	 0.00000	 52.85469
343.45000	 0.00000	 52.59108
343.50000	 0.00000	 52.32878
343.55000	 0.00000	 52.06779
343.60000	 0.00000	 51.80810
343.65000	 0.00000	 51.54971
343.70000	 0.00000	 51.29260
343.75000	 0.00000	 51.03678
343.80000	 0.00000	 50.78223
343.85000	 0.00000	 50.52895
343.90000	 0.00000	 50.27694
343.95000	 0.00000	 50.02618
344.00000	 0.00000	 49.77668
344.05000	 0.00000	 49.52841
344.10000	 0.00000	 49.28139
344.15000	 0.00000	 49.03560
344.20000	 0.00000	 48.79103
344.25000	 0.00000	 48.54769
344.30000	 0.00000	 48.30555
344.35000	 0.00000	 48.06463
344.40000	 0.00000	 47.82490
344.45000	 0.00000	 47.58638
344.50000	 0.00000	 47.34904
344.55000	 0.00000	 47.11288
344.60000	 0.00000	 46.87791
344.65000	 0.00000	 46.64410
344.70000	 0.00000	 46.41147
344.75000	 0.00000	 46.17999
344.80000	 0.00000	 45.94966
344.85000	 0.00000	 45.72049
344.90000	 0.00000	 45.49246
344.95000	 0.00000	 45.26556
345.00000	 0.00000	 45.03980
345.05000	 0.00000	 44.81516
345.10000	 0.00000	 44.59165
345.15000	 0.00000	 44.36924
345.20000	 0.00000	 44.14795
345.25000	 0.00000	 43.92776
345.30000	 0.00000	 43.70867
345.35000	 0.00000	 43.49067
345.40000	 0.00000	 43.27376
345.45000	 0.00000	 43.05793
345.50000	 0.00000	 42.84318
345.55000	 0.00000	 42.62950
345.60000	 0.00000	 42.41689
345.65000	 0.00000	 42.20533
345.70000	 0.00000	 41.99483
345.75000	 0.00000	 41.78538
345.80000	 0.00000	 41.57697
345.85000	 0.00000	 41.36961
345.90000	 0.00000	 41.16328
345.95000	 0.00000	 40.95797
346.00000	 0.00000	 40.75370
346.05000	 0.00000	 40.55044
346.10000	 0.00000	 40.34819
346.15000	 0.00000	 40.14695
346.20000	 0.00000	 39.94672
346.25000	 0.00000	 39.74748
346.30000	 0.00000	 39.54924
346.35000	 0.00000	 39.35199
346.40000	 0.00000	 39.15572
346.45000	 0.00000	 38.96043
346.50000	 0.00000	 38.76611
346.55000	 0.00000	 38.57277
346.60000	 0.00000	 38.38038
346.65000	 0.00000	 38.18896
346.70000	 0.00000	 37.99849
346.75000	 0.00000	 37.80898
346.80000	 0.00000	 37.62040
346.85000	 0.00000	 37.43277
346.90000	 0.00000	 37.24607
346.95000	 0.00000	 37.06031
347.00000	 0.00000	 36.87547
347.05000	 0.00000	 36.69155
347.10000	 0.00000	 36.50855
347.15000	 0.00000	 36.32646
347.20000	 0.00000	 36.14529
347.25000	 0.00000	 35.96501
347.30000	 0.00000	 35.78563
347.35000	 0.00000	 35.60715
347.40000	 0.00000	 35.42956
347.45000	 0.00000	 35.25286
347.50000	 0.00000	 35.07703
347.55000	 0.00000	 34.90208
347.60000	 0.00000	 34.72801
347.65000	 0.00000	 34.55480
347.70000	 0.00000	 34.38246
347.75000	 0.00000	 34.21098
347.80000	 0.00000	 34.04035
347.85000	 0.00000	 33.87057
347.90000	 0.00000	 33.70164
347.95000	 0.00000	 33.53355
348.00000	 0.00000	 33.36630
348.05000	 0.00000	 33.19989
348.10000	 0.00000	 33.03430
348.15000	 0.00000	 32.86954
348.20000	 0.00000	 32.70561
348.25000	 0.00000	 32.54249
348.30000	 0.00000	 32.38018
348.35000	 0.00000	 32.21868
348.40000	 0.00000	 32.05799
348.45000	 0.00000	 31.89810
348.50000	 0.00000	 31.73901
348.55000	 0.00000	 31.58071
348.60000	 0.00000	 31.42320
348.65000	 0.00000	 31.26648
348.70000	 0.00000	 31.11054
348.75000	 0.00000	 30.95537
348.80000	 0.00000	 30.80098
348.85000	 0.00000	 30.64736
348.90000	 0.00000	 30.49451
348.95000	 0.00000	 30.34241
349.00000	 0.00000	 30.19108
349.05000	 0.00000	 30.04050
349.10000	 0.00000	 29.89067
349.15000	 0.00000	 29.74159
349.20000	 0.00000	 29.59326
349.25000	 0.00000	 29.44566
349.30000	 0.00000	 29.29880
349.35000	 0.00000	 29.15267
349.40000	 0.00000	 29.00727
349.45000	 0.00000	 28.86260
349.50000	 0.00000	 28.71864
349.55000	 0.00000	 28.57541
349.60000	 0.00000	 28.43289
349.65000	 0.00000	 28.29108
349.70000	 0.00000	 28.14998
349.75000	 0.00000	 28.00958
349.80000	 0.00000	 27.86988
349.85000	 0.00000	 27.73088
349.90000	 0.00000	 27.59257
349.95000	 0.00000	 27.45495
350.00000	 0.00000	 27.31802
350.05000	 0.00000	 27.18177
350.10000	 0.00000	 27.04620
350.15000	 0.00000	 26.91131
350.20000	 0.00000	 26.77709
350.25000	 0.00000	 26.64353
350.30000	 0.00000	 26.51065
350.35000	 0.00000	 26.37843
350.40000	 0.00000	 26.24686
350.45000	 0.00000	 26.11596
350.50000	 0.00000	 25.98570
350.55000	 0.00000	 25.85610
350.60000	 0.00000	 25.72714
350.65000	 0.00000	 25.59883
350.70000	 0.00000	 25.47115
350.75000	 0.00000	 25.34411
350.80000	 0.00000	 25.21771
350.85000	 0.00000	 25.09194
350.90000	 0.00000	 24.96679
350.95000	 0.00000	 24.84227
351.00000	 0.00000	 24.71837
351.05000	 0.00000	 24.59508
351.10000	 0.00000	 24.47241
351.15000	 0.00000	 24.35036
351.20000	 0.00000	 24.22891
351.25000	 0.00000	 24.10807
351.30000	 0.00000	 23.98783
351.35000	 0.00000	 23.86819
351.40000	 0.00000	 23.74914
351.45000	 0.00000	 23.63070
351.50000	 0.00000	 23.51284
351.55000	 0.00000	 23.39557
351.60000	 0.00000	 23.27888
351.65000	 0.00000	 23.16278
351.70000	 0.00000	 23.04725
351.75000	 0.00000	 22.93230
351.80000	 0.00000	 22.81793
351.85000	 0.00000	 22.70412
351.90000	 0.00000	 22.59089
351.95000	 0.00000	 22.47821
352.00000	 0.00000	 22.36610
352.05000	 0.00000	 22.25455
352.10000	 0.00000	 22.14356
352.15000	 0.00000	 22.03311
352.20000	 0.00000	 21.92322
352.25000	 0.00000	 21.81388
352.30000	 0.00000	 21.70508
352.35000	 0.00000	 21.59683
352.40000	 0.00000	 21.48911
352.45000	 0.00000	 21.38194
352.50000	 0.00000	 21.27529
352.55000	 0.00000	 21.16918
352.60000	 0.00000	 21.06360
352.65000	 0.00000	 20.95855
352.70000	 0.00000	 20.85402
352.75000	 0.00000	 20.75001
352.80000	 0.00000	 20.64651
352.85000	 0.00000	 20.54354
352.90000	 0.00000	 20.44108
352.95000	 0.00000	 20.33913
353.00000	 0.00000	 20.23769
353.05000	 0.00000	 20.13675
353.10000	 0.00000	 20.03632
353.15000	 0.00000	 19.93639
353.20000	 0.00000	 19.83695
353.25000	 0.00000	 19.73802
353.30000	 0.00000	 19.63957
353.35000	 0.00000	 19.54162
353.40000	 0.00000	 19.44416
353.45000	 0.00000	 19.34718
353.50000	 0.00000	 19.25068
353.55000	 0.00000	 19.15467
353.60000	 0.00000	 19.05914
353.65000	 0.00000	 18.96408
353.70000	 0.00000	 18.86949
353.75000	 0.00000	 18.77538
353.80000	 0.00000	 18.68174
353.85000	 0.00000	 18.58856
353.90000	 0.00000	 18.49585
353.95000	 0.00000	 18.40360
354.00000	 0.00000	 18.31182
354.05000	 0.00000	 18.22049
354.10000	 0.00000	 18.12961
354.15000	 0.00000	 18.03919
354.20000	 0.00000	 17.94922
354.25000	 0.00000	 17.85970
354.30000	 0.00000	 17.77062
354.35000	 0.00000	 17.68199
354.40000	 0.00000	 17.59380
354.45000	 0.00000	 17.50605
354.50000	 0.00000	 17.41874
354.55000	 0.00000	 17.33186
354.60000	 0.00000	 17.24542
354.65000	 0.00000	 17.15941
354.70000	 0.00000	 17.07382
354.75000	 0.00000	 16.98867
354.80000	 0.00000	 16.90394
354.85000	 0.00000	 16.81963
354.90000	 0.00000	 16.73574
354.95000	 0.00000	 16.65227
355.00000	 0.00000	 16.56922
355.05000	 0.00000	 16.48658
355.10000	 0.00000	 16.40435
355.15000	 0.00000	 16.32253
355.20000	 0.00000	 16.24112
355.25000	 0.00000	 16.16012
355.30000	 0.00000	 16.07952
355.35000	 0.00000	 15.99932
355.40000	 0.00000	 15.91953
355.45000	 0.00000	 15.84013
355.50000	 0.00000	 15.76113
355.55000	 0.00000	 15.68252
355.60000	 0.00000	 15.60430
355.65000	 0.00000	 15.52647
355.70000	 0.00000	 15.44903
355.75000	 0.00000	 15.37198
355.80000	 0.00000	 15.29531
355.85000	 0.00000	 15.21903
355.90000	 0.00000	 15.14312
355.95000	 0.00000	 15.06760
356.00000	 0.00000	 14.99245
356.05000	 0.00000	 14.91767
356.10000	 0.00000	 14.84327
356.15000	 0.00000	 14.76924
356.20000	 0.00000	 14.69558
356.25000	 0.00000	 14.62228
356.30000	 0.00000	 14.54935
356.35000	 0.00000	 14.47679
356.40000	 0.00000	 14.40458
356.45000	 0.00000	 14.33274
356.50000	 0.00000	 14.26126
356.55000	 0.00000	 14.19013
356.60000	 0.00000	 14.11935
356.65000	 0.00000	 14.04893
356.70000	 0.00000	 13.97886
356.75000	 0.00000	 13.90914
356.80000	 0.00000	 13.83977
356.85000	 0.00000	 13.77075
356.90000	 0.00000	 13.70206
356.95000	 0.00000	 13.63373
357.00000	 0.00000	 13.56573
357.05000	 0.00000	 13.49807
357.10000	 0.00000	 13.43075
357.15000	 0.00000	 13.36376
357.20000	 0.00000	 13.29711
357.25000	 0.00000	 13.23079
357.30000	 0.00000	 13.16480
357.35000	 0.00000	 13.09914
357.40000	 0.00000	 13.03381
357.45000	 0.00000	 12.96880
357.50000	 0.00000	 12.90412
357.55000	 0.00000	 12.83976
357.60000	 0.00000	 12.77572
357.65000	 0.00000	 12.71200
357.70000	 0.00000	 12.64860
357.75000	 0.00000	 12.58551
357.80000	 0.00000	 12.52274
357.85000	 0.00000	 12.46029
357.90000	 0.00000	 12.39814
357.95000	 0.00000	 12.33630
358.00000	 0.00000	 12.27478
358.05000	 0.00000	 12.21356
358.10000	 0.00000	 12.15264
358.15000	 0.00000	 12.09203
358.20000	 0.00000	 12.03172
358.25000	 0.00000	 11.97171
358.30000	 0.00000	 11.91200
358.35000	 0.00000	 11.85259
358.40000	 0.00000	 11.79348
358.45000	 0.00000	 11.73466
358.50000	 0.00000	 11.67613
358.55000	 0.00000	 11.61789
358.60000	 0.00000	 11.55995
358.65000	 0.00000	 11.50229
358.70000	 0.00000	 11.44493
358.75000	 0.00000	 11.38784
358.80000	 0.00000	 11.33105
358.85000	 0.00000	 11.27453
358.90000	 0.00000	 11.21830
358.95000	 0.00000	 11.16235
359.00000	 0.00000	 11.10668
359.05000	 0.00000	 11.05128
359.10000	 0.00000	 10.99616
359.15000	 0.00000	 10.94132
359.20000	 0.00000	 10.88675
359.25000	 0.00000	 10.83245
359.30000	 0.00000	 10.77843
359.35000	 0.00000	 10.72467
359.40000	 0.00000	 10.67118
359.45000	 0.00000	 10.61796
359.50000	 0.00000	 10.56500
359.55000	 0.00000	 10.51231
359.60000	 0.00000	 10.45988
359.65000	 0.00000	 10.40771
359.70000	 0.00000	 10.35580
359.75000	 0.00000	 10.30415
359.80000	 0.00000	 10.25276
359.85000	 0.00000	 10.20162
359.90000	 0.00000	 10.15074
359.95000	 0.00000	 10.10011
360.00000	 0.00000	 10.04974
360.05000	 0.00000	 9.99961
360.10000	 0.00000	 9.94974
360.15000	 0.00000	 9.90012
360.20000	 0.00000	 9.85074
360.25000	 0.00000	 9.80161
360.30000	 0.00000	 9.75272
360.35000	 0.00000	 9.70408
360.40000	 0.00000	 9.65568
360.45000	 0.00000	 9.60752
360.50000	 0.00000	 9.55961
360.55000	 0.00000	 9.51193
360.60000	 0.00000	 9.46449
360.65000	 0.00000	 9.41728
360.70000	 0.00000	 9.37031
360.75000	 0.00000	 9.32358
360.80000	 0.00000	 9.27708
360.85000	 0.00000	 9.23081
360.90000	 0.00000	 9.18477
360.95000	 0.00000	 9.13896
361.00000	 0.00000	 9.09338
361.05000	 0.00000	 9.04803
361.10000	 0.00000	 9.00290
361.15000	 0.00000	 8.95800
361.20000	 0.00000	 8.91332
361.25000	 0.00000	 8.86886
361.30000	 0.00000	 8.82463
361.35000	 0.00000	 8.78062
361.40000	 0.00000	 8.73682
361.45000	 0.00000	 8.69325
361.50000	 0.00000	 8.64989
361.55000	 0.00000	 8.60675
361.60000	 0.00000	 8.56382
361.65000	 0.00000	 8.52111
361.70000	 0.00000	 8.47861
361.75000	 0.00000	 8.43632
361.80000	 0.00000	 8.39425
361.85000	 0.00000	 8.35238
361.90000	 0.00000	 8.31072
361.95000	 0.00000	 8.26927
362.00000	 0.00000	 8.22803
362.05000	 0.00000	 8.18699
362.10000	 0.00000	 8.14616
362.15000	 0.00000	 8.10553
362.20000	 0.00000	 8.06510
362.25000	 0.00000	 8.02488
362.30000	 0.00000	 7.98485
362.35000	 0.00000	 7.94503
362.40000	 0.00000	 7.90540
362.45000	 0.00000	 7.86598
362.50000	 0.00000	 7.82674
362.55000	 0.00000	 7.78771
362.60000	 0.00000	 7.74887
362.65000	 0.00000	 7.71022
362.70000	 0.00000	 7.67176
362.75000	 0.00000	 7.63350
362.80000	 0.00000	 7.59543
362.85000	 0.00000	 7.55755
362.90000	 0.00000	 7.51985
362.95000	 0.00000	 7.48235
363.00000	 0.00000	 7.44503
363.05000	 0.00000	 7.40790
363.10000	 0.00000	 7.37095
363.15000	 0.00000	 7.33419
363.20000	 0.00000	 7.29761
363.25000	 0.00000	 7.26121
363.30000	 0.00000	 7.22499
363.35000	 0.00000	 7.18896
363.40000	 0.00000	 7.15310
363.45000	 0.00000	 7.11743
363.50000	 0.00000	 7.08193
363.55000	 0.00000	 7.04661
363.60000	 0.00000	 7.01146
363.65000	 0.00000	 6.97649
363.70000	 0.00000	 6.94170
363.75000	 0.00000	 6.90708
363.80000	 0.00000	 6.87263
363.85000	 0.00000	 6.83835
363.90000	 0.00000	 6.80424
363.95000	 0.00000	 6.77031
364.00000	 0.00000	 6.73654
364.05000	 0.00000	 6.70294
364.10000	 0.00000	 6.66951
364.15000	 0.00000	 6.63625
364.20000	 0.00000	 6.60315
364.25000	 0.00000	 6.57021
364.30000	 0.00000	 6.53745
364.35000	 0.00000	 6.50484
364.40000	 0.00000	 6.47240
364.45000	 0.00000	 6.44012
364.50000	 0.00000	 6.40800
364.55000	 0.00000	 6.37604
364.60000	 0.00000	 6.34423
364.65000	 0.00000	 6.31259
364.70000	 0.00000	 6.28111
364.75000	 0.00000	 6.24978
364.80000	 0.00000	 6.21861
364.85000	 0.00000	 6.18760
364.90000	 0.00000	 6.15673
364.95000	 0.00000	 6.12603
365.00000	 0.00000	 6.09547
365.05000	 0.00000	 6.06507
365.10000	 0.00000	 6.03482
365.15000	 0.00000	 6.00472
365.20000	 0.00000	 5.97478
365.25000	 0.00000	 5.94498
365.30000	 0.00000	 5.91533
365.35000	 0.00000	 5.88582
365.40000	 0.00000	 5.85647
365.45000	 0.00000	 5.82726
365.50000	 0.00000	 5.79819
365.55000	 0.00000	 5.76928
365.60000	 0.00000	 5.74050
365.65000	 0.00000	 5.71187
365.70000	 0.00000	 5.68338
365.75000	 0.00000	 5.65504
365.80000	 0.00000	 5.62683
365.85000	 0.00000	 5.59877
365.90000	 0.00000	 5.57084
365.95000	 0.00000	 5.54306
366.00000	 0.00000	 5.51541
366.05000	 0.00000	 5.48790
366.10000	 0.00000	 5.46053
366.15000	 0.00000	 5.43330
366.20000	 0.00000	 5.40620
366.25000	 0.00000	 5.37924
366.30000	 0.00000	 5.35241
366.35000	 0.00000	 5.32571
366.40000	 0.00000	 5.29915
366.45000	 0.00000	 5.27272
366.50000	 0.00000	 5.24642
366.55000	 0.00000	 5.22026
366.60000	 0.00000	 5.19422
366.65000	 0.00000	 5.16831
366.70000	 0.00000	 5.14254
366.75000	 0.00000	 5.11689
366.80000	 0.00000	 5.09137
366.85000	 0.00000	 5.06597
366.90000	 0.00000	 5.04071
366.95000	 0.00000	 5.01557
367.00000	 0.00000	 4.99055
367.05000	 0.00000	 4.96566
367.10000	 0.00000	 4.94090
367.15000	 0.00000	 4.91625
367.20000	 0.00000	 4.89173
367.25000	 0.00000	 4.86733
367.30000	 0.00000	 4.84306
367.35000	 0.00000	 4.81890
367.40000	 0.00000	 4.79487
367.45000	 0.00000	 4.77096
367.50000	 0.00000	 4.74716
367.55000	 0.00000	 4.72348
367.60000	 0.00000	 4.69992
367.65000	 0.00000	 4.67648
367.70000	 0.00000	 4.65316
367.75000	 0.00000	 4.62995
367.80000	 0.00000	 4.60686
367.85000	 0.00000	 4.58388
367.90000	 0.00000	 4.56102
367.95000	 0.00000	 4.53827
368.00000	 0.00000	 4.51564
368.05000	 0.00000	 4.49312
368.10000	 0.00000	 4.47071
368.15000	 0.00000	 4.44841
368.20000	 0.00000	 4.42622
368.25000	 0.00000	 4.40415
368.30000	 0.00000	 4.38218
368.35000	 0.00000	 4.36032
368.40000	 0.00000	 4.33858
368.45000	 0.00000	 4.31694
368.50000	 0.00000	 4.29541
368.55000	 0.00000	 4.27398
368.60000	 0.00000	 4.25267
368.65000	 0.00000	 4.23146
368.70000	 0.00000	 4.21035
368.75000	 0.00000	 4.18935
368.80000	 0.00000	 4.16846
368.85000	 0.00000	 4.14767
368.90000	 0.00000	 4.12698
368.95000	 0.00000	 4.10640
369.00000	 0.00000	 4.08592
369.05000	 0.00000	 4.06554
369.10000	 0.00000	 4.04526
369.15000	 0.00000	 4.02509
369.20000	 0.00000	 4.00501
369.25000	 0.00000	 3.98504
369.30000	 0.00000	 3.96516
369.35000	 0.00000	 3.94538
369.40000	 0.00000	 3.92571
369.45000	 0.00000	 3.90613
369.50000	 0.00000	 3.88665
369.55000	 0.00000	 3.86726
369.60000	 0.00000	 3.84797
369.65000	 0.00000	 3.82878
369.70000	 0.00000	 3.80969
369.75000	 0.00000	 3.79068
369.80000	 0.00000	 3.77178
369.85000	 0.00000	 3.75297
369.90000	 0.00000	 3.73425
369.95000	 0.00000	 3.71562
370.00000	 0.00000	 3.69709
370.05000	 0.00000	 3.67865
370.10000	 0.00000	 3.66031
370.15000	 0.00000	 3.64205
370.20000	 0.00000	 3.62388
370.25000	 0.00000	 3.60581
370.30000	 0.00000	 3.58783
370.35000	 0.00000	 3.56993
370.40000	 0.00000	 3.55213
370.45000	 0.00000	 3.53441
370.50000	 0.00000	 3.51678
370.55000	 0.00000	 3.49924
370.60000	 0.00000	 3.48179
370.65000	 0.00000	 3.46442
370.70000	 0.00000	 3.44715
370.75000	 0.00000	 3.42995
370.80000	 0.00000	 3.41285
370.85000	 0.00000	 3.39582
370.90000	 0.00000	 3.37889
370.95000	 0.00000	 3.36204
371.00000	 0.00000	 3.34527
371.05000	 0.00000	 3.32858
371.10000	 0.00000	 3.31198
371.15000	 0.00000	 3.29546
371.20000	 0.00000	 3.27903
371.25000	 0.00000	 3.26267
371.30000	 0.00000	 3.24640
371.35000	 0.00000	 3.23021
371.40000	 0.00000	 3.21410
371.45000	 0.00000	 3.19807
371.50000	 0.00000	 3.18212
371.55000	 0.00000	 3.16625
371.60000	 0.00000	 3.15045
371.65000	 0.00000	 3.13474
371.70000	 0.00000	 3.11911
371.75000	 0.00000	 3.10355
371.80000	 0.00000	 3.08807
371.85000	 0.00000	 3.07267
371.90000	 0.00000	 3.05734
371.95000	 0.00000	 3.04210
372.00000	 0.00000	 3.02692
372.05000	 0.00000	 3.01183
372.10000	 0.00000	 2.99680
372.15000	 0.00000	 2.98186
372.20000	 0.00000	 2.96699
372.25000	 0.00000	 2.95219
372.30000	 0.00000	 2.93746
372.35000	 0.00000	 2.92281
372.40000	 0.00000	 2.90824
372.45000	 0.00000	 2.89373
372.50000	 0.00000	 2.87930
372.55000	 0.00000	 2.86494
372.60000	 0.00000	 2.85065
372.65000	 0.00000	 2.83643
372.70000	 0.00000	 2.82228
372.75000	 0.00000	 2.80821
372.80000	 0.00000	 2.79420
372.85000	 0.00000	 2.78027
372.90000	 0.00000	 2.76640
372.95000	 0.00000	 2.75260
373.00000	 0.00000	 2.73887
373.05000	 0.00000	 2.72521
373.10000	 0.00000	 2.71162
373.15000	 0.00000	 2.69810
373.20000	 0.00000	 2.68464
373.25000	 0.00000	 2.67125
373.30000	 0.00000	 2.65793
373.35000	 0.00000	 2.64467
373.40000	 0.00000	 2.63148
373.45000	 0.00000	 2.61836
373.50000	 0.00000	 2.60530
373.55000	 0.00000	 2.59230
373.60000	 0.00000	 2.57937
373.65000	 0.00000	 2.56651
373.70000	 0.00000	 2.55371
373.75000	 0.00000	 2.54097
373.80000	 0.00000	 2.52830
373.85000	 0.00000	 2.51569
373.90000	 0.00000	 2.50314
373.95000	 0.00000	 2.49066
374.00000	 0.00000	 2.47823
374.05000	 0.00000	 2.46587
374.10000	 0.00000	 2.45358
374.15000	 0.00000	 2.44134
374.20000	 0.00000	 2.42916
374.25000	 0.00000	 2.41705
374.30000	 0.00000	 2.40499
374.35000	 0.00000	 2.39300
374.40000	 0.00000	 2.38106
374.45000	 0.00000	 2.36919
374.50000	 0.00000	 2.35737
374.55000	 0.00000	 2.34561
374.60000	 0.00000	 2.33391
374.65000	 0.00000	 2.32227
374.70000	 0.00000	 2.31069
374.75000	 0.00000	 2.29917
374.80000	 0.00000	 2.28770
374.85000	 0.00000	 2.27629
374.90000	 0.00000	 2.26494
374.95000	 0.00000	 2.25364
375.00000	 0.00000	 2.24240
375.05000	 0.00000	 2.23122
375.10000	 0.00000	 2.22009
375.15000	 0.00000	 2.20901
375.20000	 0.00000	 2.19800
375.25000	 0.00000	 2.18703
375.30000	 0.00000	 2.17613
375.35000	 0.00000	 2.16527
375.40000	 0.00000	 2.15447
375.45000	 0.00000	 2.14373
375.50000	 0.00000	 2.13304
375.55000	 0.00000	 2.12240
375.60000	 0.00000	 2.11181
375.65000	 0.00000	 2.10128
375.70000	 0.00000	 2.09080
375.75000	 0.00000	 2.08037
375.80000	 0.00000	 2.07000
375.85000	 0.00000	 2.05967
375.90000	 0.00000	 2.04940
375.95000	 0.00000	 2.03918
376.00000	 0.00000	 2.02901
376.05000	 0.00000	 2.01889
376.10000	 0.00000	 2.00882
376.15000	 0.00000	 1.99880
376.20000	 0.00000	 1.98883
376.25000	 0.00000	 1.97891
376.30000	 0.00000	 1.96904
376.35000	 0.00000	 1.95922
376.40000	 0.00000	 1.94945
376.45000	 0.00000	 1.93973
376.50000	 0.00000	 1.93005
376.55000	 0.00000	 1.92043
376.60000	 0.00000	 1.91085
376.65000	 0.00000	 1.90132
376.70000	 0.00000	 1.89183
376.75000	 0.00000	 1.88240
376.80000	 0.00000	 1.87301
376.85000	 0.00000	 1.86367
376.90000	 0.00000	 1.85437
376.95000	 0.00000	 1.84512
377.00000	 0.00000	 1.83592
377.05000	 0.00000	 1.82676
377.10000	 0.00000	 1.81765
377.15000	 0.00000	 1.80859
377.20000	 0.00000	 1.79957
377.25000	 0.00000	 1.79059
377.30000	 0.00000	 1.78166
377.35000	 0.00000	 1.77278
377.40000	 0.00000	 1.76393
377.45000	 0.00000	 1.75514
377.50000	 0.00000	 1.74638
377.55000	 0.00000	 1.73767
377.60000	 0.00000	 1.72901
377.65000	 0.00000	 1.72038
377.70000	 0.00000	 1.71180
377.75000	 0.00000	 1.70326
377.80000	 0.00000	 1.69477
377.85000	 0.00000	 1.68632
377.90000	 0.00000	 1.67791
377.95000	 0.00000	 1.66954
378.00000	 0.00000	 1.66121
378.05000	 0.00000	 1.65293
378.10000	 0.00000	 1.64468
378.15000	 0.00000	 1.63648
378.20000	 0.00000	 1.62832
378.25000	 0.00000	 1.62020
378.30000	 0.00000	 1.61211
378.35000	 0.00000	 1.60407
378.40000	 0.00000	 1.59607
378.45000	 0.00000	 1.58811
378.50000	 0.00000	 1.58019
378.55000	 0.00000	 1.57231
378.60000	 0.00000	 1.56447
378.65000	 0.00000	 1.55667
378.70000	 0.00000	 1.54890
378.75000	 0.00000	 1.54118
378.80000	 0.00000	 1.53349
378.85000	 0.00000	 1.52584
378.90000	 0.00000	 1.51823
378.95000	 0.00000	 1.51066
379.00000	 0.00000	 1.50313
379.05000	 0.00000	 1.49563
379.10000	 0.00000	 1.48817
379.15000	 0.00000	 1.48075
379.20000	 0.00000	 1.47336
379.25000	 0.00000	 1.46601
379.30000	 0.00000	 1.45870
379.35000	 0.00000	 1.45143
379.40000	 0.00000	 1.44419
379.45000	 0.00000	 1.43698
379.50000	 0.00000	 1.42982
379.55000	 0.00000	 1.42269
379.60000	 0.00000	 1.41559
379.65000	 0.00000	 1.40853
379.70000	 0.00000	 1.40150
379.75000	 0.00000	 1.39451
379.80000	 0.00000	 1.38756
379.85000	 0.00000	 1.38064
379.90000	 0.00000	 1.37375
379.95000	 0.00000	 1.36690
380.00000	 0.00000	 1.36008
380.05000	 0.00000	 1.35330
380.10000	 0.00000	 1.34655
380.15000	 0.00000	 1.33984
380.20000	 0.00000	 1.33315
380.25000	 0.00000	 1.32650
380.30000	 0.00000	 1.31989
380.35000	 0.00000	 1.31330
380.40000	 0.00000	 1.30675
380.45000	 0.00000	 1.30024
380.50000	 0.00000	 1.29375
380.55000	 0.00000	 1.28730
380.60000	 0.00000	 1.28088
380.65000	 0.00000	 1.27449
380.70000	 0.00000	 1.26813
380.75000	 0.00000	 1.26181
380.80000	 0.00000	 1.25552
380.85000	 0.00000	 1.24925
380.90000	 0.00000	 1.24302
380.95000	 0.00000	 1.23682
381.00000	 0.00000	 1.23065
381.05000	 0.00000	 1.22452
381.10000	 0.00000	 1.21841
381.15000	 0.00000	 1.21233
381.20000	 0.00000	 1.20629
381.25000	 0.00000	 1.20027
381.30000	 0.00000	 1.19428
381.35000	 0.00000	 1.18833
381.40000	 0.00000	 1.18240
381.45000	 0.00000	 1.17650
381.50000	 0.00000	 1.17064
381.55000	 0.00000	 1.16480
381.60000	 0.00000	 1.15899
381.65000	 0.00000	 1.15321
381.70000	 0.00000	 1.14746
381.75000	 0.00000	 1.14173
381.80000	 0.00000	 1.13604
381.85000	 0.00000	 1.13037
381.90000	 0.00000	 1.12473
381.95000	 0.00000	 1.11912
382.00000	 0.00000	 1.11354
382.05000	 0.00000	 1.10799
382.10000	 0.00000	 1.10246
382.15000	 0.00000	 1.09696
382.20000	 0.00000	 1.09149
382.25000	 0.00000	 1.08605
382.30000	 0.00000	 1.08063
382.35000	 0.00000	 1.07524
382.40000	 0.00000	 1.06988
382.45000	 0.00000	 1.06454
382.50000	 0.00000	 1.05923
382.55000	 0.00000	 1.05395
382.60000	 0.00000	 1.04869
382.65000	 0.00000	 1.04346
382.70000	 0.00000	 1.03826
382.75000	 0.00000	 1.03308
382.80000	 0.00000	 1.02793
382.85000	 0.00000	 1.02280
382.90000	 0.00000	 1.01770
382.95000	 0.00000	 1.01263
383.00000	 0.00000	 1.00758
383.05000	 0.00000	 1.00255
383.10000	 0.00000	 0.99755
383.15000	 0.00000	 0.99257
383.20000	 0.00000	 0.98762
383.25000	 0.00000	 0.98270
383.30000	 0.00000	 0.97780
383.35000	 0.00000	 0.97292
383.40000	 0.00000	 0.96807
383.45000	 0.00000	 0.96324
383.50000	 0.00000	 0.95844
383.55000	 0.00000	 0.95365
383.60000	 0.00000	 0.94890
383.65000	 0.00000	 0.94417
383.70000	 0.00000	 0.93946
383.75000	 0.00000	 0.93477
383.80000	 0.00000	 0.93011
383.85000	 0.00000	 0.92547
383.90000	 0.00000	 0.92085
383.95000	 0.00000	 0.91626
384.00000	 0.00000	 0.91169
384.05000	 0.00000	 0.90714
384.10000	 0.00000	 0.90262
384.15000	 0.00000	 0.89812
384.20000	 0.00000	 0.89364
384.25000	 0.00000	 0.88918
384.30000	 0.00000	 0.88475
384.35000	 0.00000	 0.88033
384.40000	 0.00000	 0.87594
384.45000	 0.00000	 0.87157
384.50000	 0.00000	 0.86723
384.55000	 0.00000	 0.86290
384.60000	 0.00000	 0.85860
384.65000	 0.00000	 0.85432
384.70000	 0.00000	 0.85006
384.75000	 0.00000	 0.84582
384.80000	 0.00000	 0.84160
384.85000	 0.00000	 0.83740
384.90000	 0.00000	 0.83322
384.95000	 0.00000	 0.82907
385.00000	 0.00000	 0.82493
385.05000	 0.00000	 0.82082
385.10000	 0.00000	 0.81672
385.15000	 0.00000	 0.81265
385.20000	 0.00000	 0.80860
385.25000	 0.00000	 0.80457
385.30000	 0.00000	 0.80055
385.35000	 0.00000	 0.79656
385.40000	 0.00000	 0.79259
385.45000	 0.00000	 0.78863
385.50000	 0.00000	 0.78470
385.55000	 0.00000	 0.78079
385.60000	 0.00000	 0.77689
385.65000	 0.00000	 0.77302
385.70000	 0.00000	 0.76916
385.75000	 0.00000	 0.76533
385.80000	 0.00000	 0.76151
385.85000	 0.00000	 0.75771
385.90000	 0.00000	 0.75393
385.95000	 0.00000	 0.75017
386.00000	 0.00000	 0.74643
386.05000	 0.00000	 0.74271
386.10000	 0.00000	 0.73900
386.15000	 0.00000	 0.73532
386.20000	 0.00000	 0.73165
386.25000	 0.00000	 0.72800
386.30000	 0.00000	 0.72437
386.35000	 0.00000	 0.72076
386.40000	 0.00000	 0.71716
386.45000	 0.00000	 0.71359
386.50000	 0.00000	 0.71003
386.55000	 0.00000	 0.70648
386.60000	 0.00000	 0.70296
386.65000	 0.00000	 0.69946
386.70000	 0.00000	 0.69597
386.75000	 0.00000	 0.69250
386.80000	 0.00000	 0.68904
386.85000	 0.00000	 0.68561
386.90000	 0.00000	 0.68219
386.95000	 0.00000	 0.67878
387.00000	 0.00000	 0.67540
387.05000	 0.00000	 0.67203
387.10000	 0.00000	 0.66868
387.15000	 0.00000	 0.66534
387.20000	 0.00000	 0.66202
387.25000	 0.00000	 0.65872
387.30000	 0.00000	 0.65544
387.35000	 0.00000	 0.65217
387.40000	 0.00000	 0.64892
387.45000	 0.00000	 0.64568
387.50000	 0.00000	 0.64246
387.55000	 0.00000	 0.63925
387.60000	 0.00000	 0.63607
387.65000	 0.00000	 0.63289
387.70000	 0.00000	 0.62974
387.75000	 0.00000	 0.62660
387.80000	 0.00000	 0.62347
387.85000	 0.00000	 0.62036
387.90000	 0.00000	 0.61727
387.95000	 0.00000	 0.61419
388.00000	 0.00000	 0.61113
388.05000	 0.00000	 0.60808
388.10000	 0.00000	 0.60504
388.15000	 0.00000	 0.60203
388.20000	 0.00000	 0.59902
388.25000	 0.00000	 0.59604
388.30000	 0.00000	 0.59306
388.35000	 0.00000	 0.59011
388.40000	 0.00000	 0.58716
388.45000	 0.00000	 0.58423
388.50000	 0.00000	 0.58132
388.55000	 0.00000	 0.57842
388.60000	 0.00000	 0.57554
388.65000	 0.00000	 0.57267
388.70000	 0.00000	 0.56981
388.75000	 0.00000	 0.56697
388.80000	 0.00000	 0.56414
388.85000	 0.00000	 0.56133
388.90000	 0.00000	 0.55853
388.95000	 0.00000	 0.55574
389.00000	 0.00000	 0.55297
389.05000	 0.00000	 0.55021
389.10000	 0.00000	 0.54747
389.15000	 0.00000	 0.54474
389.20000	 0.00000	 0.54202
389.25000	 0.00000	 0.53932
389.30000	 0.00000	 0.53663
389.35000	 0.00000	 0.53395
389.40000	 0.00000	 0.53129
389.45000	 0.00000	 0.52864
389.50000	 0.00000	 0.52600
389.55000	 0.00000	 0.52338
389.60000	 0.00000	 0.52077
389.65000	 0.00000	 0.51817
389.70000	 0.00000	 0.51558
389.75000	 0.00000	 0.51301
389.80000	 0.00000	 0.51045
389.85000	 0.00000	 0.50791
389.90000	 0.00000	 0.50538
389.95000	 0.00000	 0.50285
390.00000	 0.00000	 0.50035
390.05000	 0.00000	 0.49785
390.10000	 0.00000	 0.49537
390.15000	 0.00000	 0.49290
390.20000	 0.00000	 0.49044
390.25000	 0.00000	 0.48799
390.30000	 0.00000	 0.48556
390.35000	 0.00000	 0.48314
390.40000	 0.00000	 0.48073
390.45000	 0.00000	 0.47833
390.50000	 0.00000	 0.47594
390.55000	 0.00000	 0.47357
390.60000	 0.00000	 0.47121
390.65000	 0.00000	 0.46886
390.70000	 0.00000	 0.46652
390.75000	 0.00000	 0.46419
390.80000	 0.00000	 0.46188
390.85000	 0.00000	 0.45957
390.90000	 0.00000	 0.45728
390.95000	 0.00000	 0.45500
391.00000	 0.00000	 0.45273
391.05000	 0.00000	 0.45047
391.10000	 0.00000	 0.44823
391.15000	 0.00000	 0.44599
391.20000	 0.00000	 0.44377
391.25000	 0.00000	 0.44155
391.30000	 0.00000	 0.43935
391.35000	 0.00000	 0.43716
391.40000	 0.00000	 0.43498
391.45000	 0.00000	 0.43281
391.50000	 0.00000	 0.43065
391.55000	 0.00000	 0.42850
391.60000	 0.00000	 0.42637
391.65000	 0.00000	 0.42424
391.70000	 0.00000	 0.42213
391.75000	 0.00000	 0.42002
391.80000	 0.00000	 0.41792
391.85000	 0.00000	 0.41584
391.90000	 0.00000	 0.41377
391.95000	 0.00000	 0.41170
392.00000	 0.00000	 0.40965
392.05000	 0.00000	 0.40761
392.10000	 0.00000	 0.40557
392.15000	 0.00000	 0.40355
392.20000	 0.00000	 0.40154
392.25000	 0.00000	 0.39954
392.30000	 0.00000	 0.39754
392.35000	 0.00000	 0.39556
392.40000	 0.00000	 0.39359
392.45000	 0.00000	 0.39162
392.50000	 0.00000	 0.38967
392.55000	 0.00000	 0.38773
392.60000	 0.00000	 0.38579
392.65000	 0.00000	 0.38387
392.70000	 0.00000	 0.38195
392.75000	 0.00000	 0.38005
392.80000	 0.00000	 0.37815
392.85000	 0.00000	 0.37627
392.90000	 0.00000	 0.37439
392.95000	 0.00000	 0.37252
393.00000	 0.00000	 0.37067
393.05000	 0.00000	 0.36882
393.10000	 0.00000	 0.36698
393.15000	 0.00000	 0.36515
393.20000	 0.00000	 0.36333
393.25000	 0.00000	 0.36151
393.30000	 0.00000	 0.35971
393.35000	 0.00000	 0.35792
393.40000	 0.00000	 0.35613
393.45000	 0.00000	 0.35436
393.50000	 0.00000	 0.35259
393.55000	 0.00000	 0.35083
393.60000	 0.00000	 0.34908
393.65000	 0.00000	 0.34734
393.70000	 0.00000	 0.34561
393.75000	 0.00000	 0.34388
393.80000	 0.00000	 0.34217
393.85000	 0.00000	 0.34046
393.90000	 0.00000	 0.33876
393.95000	 0.00000	 0.33707
394.00000	 0.00000	 0.33539
394.05000	 0.00000	 0.33372
394.10000	 0.00000	 0.33206
394.15000	 0.00000	 0.33040
394.20000	 0.00000	 0.32875
394.25000	 0.00000	 0.32711
394.30000	 0.00000	 0.32548
394.35000	 0.00000	 0.32386
394.40000	 0.00000	 0.32224
394.45000	 0.00000	 0.32063
394.50000	 0.00000	 0.31904
394.55000	 0.00000	 0.31744
394.60000	 0.00000	 0.31586
394.65000	 0.00000	 0.31429
394.70000	 0.00000	 0.31272
394.75000	 0.00000	 0.31116
394.80000	 0.00000	 0.30961
394.85000	 0.00000	 0.30806
394.90000	 0.00000	 0.30653
394.95000	 0.00000	 0.30500
395.00000	 0.00000	 0.30348
395.05000	 0.00000	 0.30196
395.10000	 0.00000	 0.30046
395.15000	 0.00000	 0.29896
395.20000	 0.00000	 0.29747
395.25000	 0.00000	 0.29598
395.30000	 0.00000	 0.29451
395.35000	 0.00000	 0.29304
395.40000	 0.00000	 0.29158
395.45000	 0.00000	 0.29012
395.50000	 0.00000	 0.28868
395.55000	 0.00000	 0.28724
395.60000	 0.00000	 0.28580
395.65000	 0.00000	 0.28438
395.70000	 0.00000	 0.28296
395.75000	 0.00000	 0.28155
395.80000	 0.00000	 0.28014
395.85000	 0.00000	 0.27875
395.90000	 0.00000	 0.27736
395.95000	 0.00000	 0.27597
396.00000	 0.00000	 0.27460
396.05000	 0.00000	 0.27323
396.10000	 0.00000	 0.27186
396.15000	 0.00000	 0.27051
396.20000	 0.00000	 0.26916
396.25000	 0.00000	 0.26782
396.30000	 0.00000	 0.26648
396.35000	 0.00000	 0.26515
396.40000	 0.00000	 0.26383
396.45000	 0.00000	 0.26251
396.50000	 0.00000	 0.26120
396.55000	 0.00000	 0.25990
396.60000	 0.00000	 0.25860
396.65000	 0.00000	 0.25732
396.70000	 0.00000	 0.25603
396.75000	 0.00000	 0.25475
396.80000	 0.00000	 0.25348
396.85000	 0.00000	 0.25222
396.90000	 0.00000	 0.25096
396.95000	 0.00000	 0.24971
397.00000	 0.00000	 0.24846
397.05000	 0.00000	 0.24723
397.10000	 0.00000	 0.24599
397.15000	 0.00000	 0.24477
397.20000	 0.00000	 0.24355
397.25000	 0.00000	 0.24233
397.30000	 0.00000	 0.24112
397.35000	 0.00000	 0.23992
397.40000	 0.00000	 0.23872
397.45000	 0.00000	 0.23753
397.50000	 0.00000	 0.23635
397.55000	 0.00000	 0.23517
397.60000	 0.00000	 0.23400
397.65000	 0.00000	 0.23283
397.70000	 0.00000	 0.23167
397.75000	 0.00000	 0.23051
397.80000	 0.00000	 0.22936
397.85000	 0.00000	 0.22822
397.90000	 0.00000	 0.22708
397.95000	 0.00000	 0.22595
398.00000	 0.00000	 0.22482
398.05000	 0.00000	 0.22370
398.10000	 0.00000	 0.22258
398.15000	 0.00000	 0.22147
398.20000	 0.00000	 0.22037
398.25000	 0.00000	 0.21927
398.30000	 0.00000	 0.21818
398.35000	 0.00000	 0.21709
398.40000	 0.00000	 0.21601
398.45000	 0.00000	 0.21493
398.50000	 0.00000	 0.21386
398.55000	 0.00000	 0.21279
398.60000	 0.00000	 0.21173
398.65000	 0.00000	 0.21067
398.70000	 0.00000	 0.20962
398.75000	 0.00000	 0.20858
398.80000	 0.00000	 0.20754
398.85000	 0.00000	 0.20650
398.90000	 0.00000	 0.20547
398.95000	 0.00000	 0.20445
399.00000	 0.00000	 0.20343
399.05000	 0.00000	 0.20241
399.10000	 0.00000	 0.20140
399.15000	 0.00000	 0.20040
399.20000	 0.00000	 0.19940
399.25000	 0.00000	 0.19840
399.30000	 0.00000	 0.19741
399.35000	 0.00000	 0.19643
399.40000	 0.00000	 0.19545
399.45000	 0.00000	 0.19447
399.50000	 0.00000	 0.19350
399.55000	 0.00000	 0.19254
399.60000	 0.00000	 0.19158
399.65000	 0.00000	 0.19062
399.70000	 0.00000	 0.18967
399.75000	 0.00000	 0.18873
399.80000	 0.00000	 0.18779
399.85000	 0.00000	 0.18685
399.90000	 0.00000	 0.18592
399.95000	 0.00000	 0.18499
400.00000	 0.00000	 0.18407
400.05000	 0.00000	 0.18315
400.10000	 0.00000	 0.18224
400.15000	 0.00000	 0.18133
400.20000	 0.00000	 0.18042
400.25000	 0.00000	 0.17952
400.30000	 0.00000	 0.17863
400.35000	 0.00000	 0.17774
400.40000	 0.00000	 0.17685
400.45000	 0.00000	 0.17597
400.50000	 0.00000	 0.17509
400.55000	 0.00000	 0.17422
400.60000	 0.00000	 0.17335
400.65000	 0.00000	 0.17248
400.70000	 0.00000	 0.17162
400.75000	 0.00000	 0.17077
400.80000	 0.00000	 0.16992
400.85000	 0.00000	 0.16907
400.90000	 0.00000	 0.16822
400.95000	 0.00000	 0.16739
401.00000	 0.00000	 0.16655
401.05000	 0.00000	 0.16572
401.10000	 0.00000	 0.16489
401.15000	 0.00000	 0.16407
401.20000	 0.00000	 0.16325
401.25000	 0.00000	 0.16244
401.30000	 0.00000	 0.16163
401.35000	 0.00000	 0.16082
401.40000	 0.00000	 0.16002
401.45000	 0.00000	 0.15922
401.50000	 0.00000	 0.15843
401.55000	 0.00000	 0.15764
401.60000	 0.00000	 0.15685
401.65000	 0.00000	 0.15607
401.70000	 0.00000	 0.15529
401.75000	 0.00000	 0.15452
401.80000	 0.00000	 0.15375
401.85000	 0.00000	 0.15298
401.90000	 0.00000	 0.15222
401.95000	 0.00000	 0.15146
402.00000	 0.00000	 0.15070
402.05000	 0.00000	 0.14995
402.10000	 0.00000	 0.14920
402.15000	 0.00000	 0.14846
402.20000	 0.00000	 0.14772
402.25000	 0.00000	 0.14698
402.30000	 0.00000	 0.14625
402.35000	 0.00000	 0.14552
402.40000	 0.00000	 0.14479
402.45000	 0.00000	 0.14407
402.50000	 0.00000	 0.14335
402.55000	 0.00000	 0.14264
402.60000	 0.00000	 0.14193
402.65000	 0.00000	 0.14122
402.70000	 0.00000	 0.14051
402.75000	 0.00000	 0.13981
402.80000	 0.00000	 0.13912
402.85000	 0.00000	 0.13842
402.90000	 0.00000	 0.13773
402.95000	 0.00000	 0.13704
403.00000	 0.00000	 0.13636
403.05000	 0.00000	 0.13568
403.10000	 0.00000	 0.13500
403.15000	 0.00000	 0.13433
403.20000	 0.00000	 0.13366
403.25000	 0.00000	 0.13299
403.30000	 0.00000	 0.13233
403.35000	 0.00000	 0.13167
403.40000	 0.00000	 0.13101
403.45000	 0.00000	 0.13036
403.50000	 0.00000	 0.12971
403.55000	 0.00000	 0.12906
403.60000	 0.00000	 0.12842
403.65000	 0.00000	 0.12778
403.70000	 0.00000	 0.12714
403.75000	 0.00000	 0.12651
403.80000	 0.00000	 0.12588
403.85000	 0.00000	 0.12525
403.90000	 0.00000	 0.12462
403.95000	 0.00000	 0.12400
404.00000	 0.00000	 0.12338
404.05000	 0.00000	 0.12277
404.10000	 0.00000	 0.12216
404.15000	 0.00000	 0.12155
404.20000	 0.00000	 0.12094
404.25000	 0.00000	 0.12034
404.30000	 0.00000	 0.11974
404.35000	 0.00000	 0.11914
404.40000	 0.00000	 0.11855
404.45000	 0.00000	 0.11795
404.50000	 0.00000	 0.11737
404.55000	 0.00000	 0.11678
404.60000	 0.00000	 0.11620
404.65000	 0.00000	 0.11562
404.70000	 0.00000	 0.11504
404.75000	 0.00000	 0.11447
404.80000	 0.00000	 0.11390
404.85000	 0.00000	 0.11333
404.90000	 0.00000	 0.11276
404.95000	 0.00000	 0.11220
405.00000	 0.00000	 0.11164
405.05000	 0.00000	 0.11109
405.10000	 0.00000	 0.11053
405.15000	 0.00000	 0.10998
405.20000	 0.00000	 0.10943
405.25000	 0.00000	 0.10889
405.30000	 0.00000	 0.10834
405.35000	 0.00000	 0.10780
405.40000	 0.00000	 0.10726
405.45000	 0.00000	 0.10673
405.50000	 0.00000	 0.10620
405.55000	 0.00000	 0.10567
405.60000	 0.00000	 0.10514
405.65000	 0.00000	 0.10462
405.70000	 0.00000	 0.10409
405.75000	 0.00000	 0.10358
405.80000	 0.00000	 0.10306
405.85000	 0.00000	 0.10255
405.90000	 0.00000	 0.10203
405.95000	 0.00000	 0.10152
406.00000	 0.00000	 0.10102
406.05000	 0.00000	 0.10051
406.10000	 0.00000	 0.10001
406.15000	 0.00000	 0.09951
406.20000	 0.00000	 0.09902
406.25000	 0.00000	 0.09852
406.30000	 0.00000	 0.09803
406.35000	 0.00000	 0.09754
406.40000	 0.00000	 0.09706
406.45000	 0.00000	 0.09657
406.50000	 0.00000	 0.09609
406.55000	 0.00000	 0.09561
406.60000	 0.00000	 0.09514
406.65000	 0.00000	 0.09466
406.70000	 0.00000	 0.09419
406.75000	 0.00000	 0.09372
406.80000	 0.00000	 0.09325
406.85000	 0.00000	 0.09279
406.90000	 0.00000	 0.09232
406.95000	 0.00000	 0.09186
407.00000	 0.00000	 0.09141
407.05000	 0.00000	 0.09095
407.10000	 0.00000	 0.09050
407.15000	 0.00000	 0.09004
407.20000	 0.00000	 0.08960
407.25000	 0.00000	 0.08915
407.30000	 0.00000	 0.08870
407.35000	 0.00000	 0.08826
407.40000	 0.00000	 0.08782
407.45000	 0.00000	 0.08738
407.50000	 0.00000	 0.08695
407.55000	 0.00000	 0.08651
407.60000	 0.00000	 0.08608
407.65000	 0.00000	 0.08565
407.70000	 0.00000	 0.08523
407.75000	 0.00000	 0.08480
407.80000	 0.00000	 0.08438
407.85000	 0.00000	 0.08396
407.90000	 0.00000	 0.08354
407.95000	 0.00000	 0.08312
408.00000	 0.00000	 0.08271
408.05000	 0.00000	 0.08229
408.10000	 0.00000	 0.08188
408.15000	 0.00000	 0.08148
408.20000	 0.00000	 0.08107
408.25000	 0.00000	 0.08066
408.30000	 0.00000	 0.08026
408.35000	 0.00000	 0.07986
408.40000	 0.00000	 0.07946
408.45000	 0.00000	 0.07907
408.50000	 0.00000	 0.07867
408.55000	 0.00000	 0.07828
408.60000	 0.00000	 0.07789
408.65000	 0.00000	 0.07750
408.70000	 0.00000	 0.07712
408.75000	 0.00000	 0.07673
408.80000	 0.00000	 0.07635
408.85000	 0.00000	 0.07597
408.90000	 0.00000	 0.07559
408.95000	 0.00000	 0.07521
409.00000	 0.00000	 0.07484
409.05000	 0.00000	 0.07446
409.10000	 0.00000	 0.07409
409.15000	 0.00000	 0.07372
409.20000	 0.00000	 0.07335
409.25000	 0.00000	 0.07299
409.30000	 0.00000	 0.07262
409.35000	 0.00000	 0.07226
409.40000	 0.00000	 0.07190
409.45000	 0.00000	 0.07154
409.50000	 0.00000	 0.07119
409.55000	 0.00000	 0.07083
409.60000	 0.00000	 0.07048
409.65000	 0.00000	 0.07013
409.70000	 0.00000	 0.06978
409.75000	 0.00000	 0.06943
409.80000	 0.00000	 0.06908
409.85000	 0.00000	 0.06874
409.90000	 0.00000	 0.06840
409.95000	 0.00000	 0.06805
410.00000	 0.00000	 0.06771
410.05000	 0.00000	 0.06738
410.10000	 0.00000	 0.06704
410.15000	 0.00000	 0.06671
410.20000	 0.00000	 0.06637
410.25000	 0.00000	 0.06604
410.30000	 0.00000	 0.06571
410.35000	 0.00000	 0.06539
410.40000	 0.00000	 0.06506
410.45000	 0.00000	 0.06473
410.50000	 0.00000	 0.06441
410.55000	 0.00000	 0.06409
410.60000	 0.00000	 0.06377
410.65000	 0.00000	 0.06345
410.70000	 0.00000	 0.06314
410.75000	 0.00000	 0.06282
410.80000	 0.00000	 0.06251
410.85000	 0.00000	 0.06220
410.90000	 0.00000	 0.06189
410.95000	 0.00000	 0.06158
411.00000	 0.00000	 0.06127
411.05000	 0.00000	 0.06097
411.10000	 0.00000	 0.06066
411.15000	 0.00000	 0.06036
411.20000	 0.00000	 0.06006
411.25000	 0.00000	 0.05976
411.30000	 0.00000	 0.05946
411.35000	 0.00000	 0.05916
411.40000	 0.00000	 0.05887
411.45000	 0.00000	 0.05857
411.50000	 0.00000	 0.05828
411.55000	 0.00000	 0.05799
411.60000	 0.00000	 0.05770
411.65000	 0.00000	 0.05741
411.70000	 0.00000	 0.05713
411.75000	 0.00000	 0.05684
411.80000	 0.00000	 0.05656
411.85000	 0.00000	 0.05628
411.90000	 0.00000	 0.05600
411.95000	 0.00000	 0.05572
412.00000	 0.00000	 0.05544
412.05000	 0.00000	 0.05516
412.10000	 0.00000	 0.05489
412.15000	 0.00000	 0.05461
412.20000	 0.00000	 0.05434
412.25000	 0.00000	 0.05407
412.30000	 0.00000	 0.05380
412.35000	 0.00000	 0.05353
412.40000	 0.00000	 0.05327
412.45000	 0.00000	 0.05300
412.50000	 0.00000	 0.05274
412.55000	 0.00000	 0.05247
412.60000	 0.00000	 0.05221
412.65000	 0.00000	 0.05195
412.70000	 0.00000	 0.05169
412.75000	 0.00000	 0.05143
412.80000	 0.00000	 0.05118
412.85000	 0.00000	 0.05092
412.90000	 0.00000	 0.05067
412.95000	 0.00000	 0.05042
413.00000	 0.00000	 0.05016
413.05000	 0.00000	 0.04991
413.10000	 0.00000	 0.04967
413.15000	 0.00000	 0.04942
413.20000	 0.00000	 0.04917
413.25000	 0.00000	 0.04893
413.30000	 0.00000	 0.04868
413.35000	 0.00000	 0.04844
413.40000	 0.00000	 0.04820
413.45000	 0.00000	 0.04796
413.50000	 0.00000	 0.04772
413.55000	 0.00000	 0.04748
413.60000	 0.00000	 0.04724
413.65000	 0.00000	 0.04701
413.70000	 0.00000	 0.04677
413.75000	 0.00000	 0.04654
413.80000	 0.00000	 0.04631
413.85000	 0.00000	 0.04608
413.90000	 0.00000	 0.04585
413.95000	 0.00000	 0.04562
414.00000	 0.00000	 0.04539
414.05000	 0.00000	 0.04516
414.10000	 0.00000	 0.04494
414.15000	 0.00000	 0.04471
414.20000	 0.00000	 0.04449
414.25000	 0.00000	 0.04427
414.30000	 0.00000	 0.04405
414.35000	 0.00000	 0.04383
414.40000	 0.00000	 0.04361
414.45000	 0.00000	 0.04339
414.50000	 0.00000	 0.04318
414.55000	 0.00000	 0.04296
414.60000	 0.00000	 0.04275
414.65000	 0.00000	 0.04253
414.70000	 0.00000	 0.04232
414.75000	 0.00000	 0.04211
414.80000	 0.00000	 0.04190
414.85000	 0.00000	 0.04169
414.90000	 0.00000	 0.04148
414.95000	 0.00000	 0.04128
415.00000	 0.00000	 0.04107
415.05000	 0.00000	 0.04087
415.10000	 0.00000	 0.04066
415.15000	 0.00000	 0.04046
415.20000	 0.00000	 0.04026
415.25000	 0.00000	 0.04006
415.30000	 0.00000	 0.03986
415.35000	 0.00000	 0.03966
415.40000	 0.00000	 0.03946
415.45000	 0.00000	 0.03926
415.50000	 0.00000	 0.03907
415.55000	 0.00000	 0.03887
415.60000	 0.00000	 0.03868
415.65000	 0.00000	 0.03849
415.70000	 0.00000	 0.03829
415.75000	 0.00000	 0.03810
415.80000	 0.00000	 0.03791
415.85000	 0.00000	 0.03772
415.90000	 0.00000	 0.03754
415.95000	 0.00000	 0.03735
416.00000	 0.00000	 0.03716
416.05000	 0.00000	 0.03698
416.10000	 0.00000	 0.03679
416.15000	 0.00000	 0.03661
416.20000	 0.00000	 0.03643
416.25000	 0.00000	 0.03625
416.30000	 0.00000	 0.03606
416.35000	 0.00000	 0.03588
416.40000	 0.00000	 0.03571
416.45000	 0.00000	 0.03553
416.50000	 0.00000	 0.03535
416.55000	 0.00000	 0.03517
416.60000	 0.00000	 0.03500
416.65000	 0.00000	 0.03482
416.70000	 0.00000	 0.03465
416.75000	 0.00000	 0.03448
416.80000	 0.00000	 0.03431
416.85000	 0.00000	 0.03413
416.90000	 0.00000	 0.03396
416.95000	 0.00000	 0.03379
417.00000	 0.00000	 0.03363
417.05000	 0.00000	 0.03346
417.10000	 0.00000	 0.03329
417.15000	 0.00000	 0.03313
417.20000	 0.00000	 0.03296
417.25000	 0.00000	 0.03280
417.30000	 0.00000	 0.03263
417.35000	 0.00000	 0.03247
417.40000	 0.00000	 0.03231
417.45000	 0.00000	 0.03215
417.50000	 0.00000	 0.03199
417.55000	 0.00000	 0.03183
417.60000	 0.00000	 0.03167
417.65000	 0.00000	 0.03151
417.70000	 0.00000	 0.03135
417.75000	 0.00000	 0.03120
417.80000	 0.00000	 0.03104
417.85000	 0.00000	 0.03089
417.90000	 0.00000	 0.03073
417.95000	 0.00000	 0.03058
418.00000	 0.00000	 0.03043
418.05000	 0.00000	 0.03027
418.10000	 0.00000	 0.03012
418.15000	 0.00000	 0.02997
418.20000	 0.00000	 0.02982
418.25000	 0.00000	 0.02967
418.30000	 0.00000	 0.02953
418.35000	 0.00000	 0.02938
418.40000	 0.00000	 0.02923
418.45000	 0.00000	 0.02909
418.50000	 0.00000	 0.02894
418.55000	 0.00000	 0.02880
418.60000	 0.00000	 0.02865
418.65000	 0.00000	 0.02851
418.70000	 0.00000	 0.02837
418.75000	 0.00000	 0.02823
418.80000	 0.00000	 0.02809
418.85000	 0.00000	 0.02795
418.90000	 0.00000	 0.02781
418.95000	 0.00000	 0.02767
419.00000	 0.00000	 0.02753
419.05000	 0.00000	 0.02739
419.10000	 0.00000	 0.02726
419.15000	 0.00000	 0.02712
419.20000	 0.00000	 0.02699
419.25000	 0.00000	 0.02685
419.30000	 0.00000	 0.02672
419.35000	 0.00000	 0.02658
419.40000	 0.00000	 0.02645
419.45000	 0.00000	 0.02632
419.50000	 0.00000	 0.02619
419.55000	 0.00000	 0.02606
419.60000	 0.00000	 0.02593
419.65000	 0.00000	 0.02580
419.70000	 0.00000	 0.02567
419.75000	 0.00000	 0.02554
419.80000	 0.00000	 0.02541
419.85000	 0.00000	 0.02529
419.90000	 0.00000	 0.02516
419.95000	 0.00000	 0.02504
420.00000	 0.00000	 0.02491
420.05000	 0.00000	 0.02479
420.10000	 0.00000	 0.02466
420.15000	 0.00000	 0.02454
420.20000	 0.00000	 0.02442
420.25000	 0.00000	 0.02430
420.30000	 0.00000	 0.02417
420.35000	 0.00000	 0.02405
420.40000	 0.00000	 0.02393
420.45000	 0.00000	 0.02381
420.50000	 0.00000	 0.02370
420.55000	 0.00000	 0.02358
420.60000	 0.00000	 0.02346
420.65000	 0.00000	 0.02334
420.70000	 0.00000	 0.02323
420.75000	 0.00000	 0.02311
420.80000	 0.00000	 0.02300
420.85000	 0.00000	 0.02288
420.90000	 0.00000	 0.02277
420.95000	 0.00000	 0.02265
421.00000	 0.00000	 0.02254
421.05000	 0.00000	 0.02243
421.10000	 0.00000	 0.02232
421.15000	 0.00000	 0.02220
421.20000	 0.00000	 0.02209
421.25000	 0.00000	 0.02198
421.30000	 0.00000	 0.02187
421.35000	 0.00000	 0.02176
421.40000	 0.00000	 0.02166
421.45000	 0.00000	 0.02155
421.50000	 0.00000	 0.02144
421.55000	 0.00000	 0.02133
421.60000	 0.00000	 0.02123
421.65000	 0.00000	 0.02112
421.70000	 0.00000	 0.02102
421.75000	 0.00000	 0.02091
421.80000	 0.00000	 0.02081
421.85000	 0.00000	 0.02070
421.90000	 0.00000	 0.02060
421.95000	 0.00000	 0.02050
422.00000	 0.00000	 0.02040
422.05000	 0.00000	 0.02029
422.10000	 0.00000	 0.02019
422.15000	 0.00000	 0.02009
422.20000	 0.00000	 0.01999
422.25000	 0.00000	 0.01989
422.30000	 0.00000	 0.01979
422.35000	 0.00000	 0.01969
422.40000	 0.00000	 0.01960
422.45000	 0.00000	 0.01950
422.50000	 0.00000	 0.01940
422.55000	 0.00000	 0.01930
422.60000	 0.00000	 0.01921
422.65000	 0.00000	 0.01911
422.70000	 0.00000	 0.01902
422.75000	 0.00000	 0.01892
422.80000	 0.00000	 0.01883
422.85000	 0.00000	 0.01873
422.90000	 0.00000	 0.01864
422.95000	 0.00000	 0.01855
423.00000	 0.00000	 0.01845
423.05000	 0.00000	 0.01836
423.10000	 0.00000	 0.01827
423.15000	 0.00000	 0.01818
423.20000	 0.00000	 0.01809
423.25000	 0.00000	 0.01800
423.30000	 0.00000	 0.01791
423.35000	 0.00000	 0.01782
423.40000	 0.00000	 0.01773
423.45000	 0.00000	 0.01764
423.50000	 0.00000	 0.01755
423.55000	 0.00000	 0.01747
423.60000	 0.00000	 0.01738
423.65000	 0.00000	 0.01729
423.70000	 0.00000	 0.01721
423.75000	 0.00000	 0.01712
423.80000	 0.00000	 0.01704
423.85000	 0.00000	 0.01695
423.90000	 0.00000	 0.01687
423.95000	 0.00000	 0.01678
424.00000	 0.00000	 0.01670
424.05000	 0.00000	 0.01661
424.10000	 0.00000	 0.01653
424.15000	 0.00000	 0.01645
424.20000	 0.00000	 0.01637
424.25000	 0.00000	 0.01629
424.30000	 0.00000	 0.01620
424.35000	 0.00000	 0.01612
424.40000	 0.00000	 0.01604
424.45000	 0.00000	 0.01596
424.50000	 0.00000	 0.01588
424.55000	 0.00000	 0.01580
424.60000	 0.00000	 0.01573
424.65000	 0.00000	 0.01565
424.70000	 0.00000	 0.01557
424.75000	 0.00000	 0.01549
424.80000	 0.00000	 0.01541
424.85000	 0.00000	 0.01534
424.90000	 0.00000	 0.01526
424.95000	 0.00000	 0.01518
425.00000	 0.00000	 0.01511
425.05000	 0.00000	 0.01503
425.10000	 0.00000	 0.01496
425.15000	 0.00000	 0.01488
425.20000	 0.00000	 0.01481
425.25000	 0.00000	 0.01474
425.30000	 0.00000	 0.01466
425.35000	 0.00000	 0.01459
425.40000	 0.00000	 0.01452
425.45000	 0.00000	 0.01444
425.50000	 0.00000	 0.01437
425.55000	 0.00000	 0.01430
425.60000	 0.00000	 0.01423
425.65000	 0.00000	 0.01416
425.70000	 0.00000	 0.01409
425.75000	 0.00000	 0.01402
425.80000	 0.00000	 0.01395
425.85000	 0.00000	 0.01388
425.90000	 0.00000	 0.01381
425.95000	 0.00000	 0.01374
426.00000	 0.00000	 0.01367
426.05000	 0.00000	 0.01360
426.10000	 0.00000	 0.01354
426.15000	 0.00000	 0.01347
426.20000	 0.00000	 0.01340
426.25000	 0.00000	 0.01333
426.30000	 0.00000	 0.01327
426.35000	 0.00000	 0.01320
426.40000	 0.00000	 0.01314
426.45000	 0.00000	 0.01307
426.50000	 0.00000	 0.01300
426.55000	 0.00000	 0.01294
426.60000	 0.00000	 0.01288
426.65000	 0.00000	 0.01281
426.70000	 0.00000	 0.01275
426.75000	 0.00000	 0.01268
426.80000	 0.00000	 0.01262
426.85000	 0.00000	 0.01256
426.90000	 0.00000	 0.01249
426.95000	 0.00000	 0.01243
427.00000	 0.00000	 0.01237
427.05000	 0.00000	 0.01231
427.10000	 0.00000	 0.01225
427.15000	 0.00000	 0.01219
427.20000	 0.00000	 0.01213
427.25000	 0.00000	 0.01206
427.30000	 0.00000	 0.01200
427.35000	 0.00000	 0.01194
427.40000	 0.00000	 0.01189
427.45000	 0.00000	 0.01183
427.50000	 0.00000	 0.01177
427.55000	 0.00000	 0.01171
427.60000	 0.00000	 0.01165
427.65000	 0.00000	 0.01159
427.70000	 0.00000	 0.01153
427.75000	 0.00000	 0.01148
427.80000	 0.00000	 0.01142
427.85000	 0.00000	 0.01136
427.90000	 0.00000	 0.01131
427.95000	 0.00000	 0.01125
428.00000	 0.00000	 0.01119
428.05000	 0.00000	 0.01114
428.10000	 0.00000	 0.01108
428.15000	 0.00000	 0.01103
428.20000	 0.00000	 0.01097
428.25000	 0.00000	 0.01092
428.30000	 0.00000	 0.01086
428.35000	 0.00000	 0.01081
428.40000	 0.00000	 0.01075
428.45000	 0.00000	 0.01070
428.50000	 0.00000	 0.01065
428.55000	 0.00000	 0.01059
428.60000	 0.00000	 0.01054
428.65000	 0.00000	 0.01049
428.70000	 0.00000	 0.01044
428.75000	 0.00000	 0.01038
428.80000	 0.00000	 0.01033
428.85000	 0.00000	 0.01028
428.90000	 0.00000	 0.01023
428.95000	 0.00000	 0.01018
429.00000	 0.00000	 0.01013
429.05000	 0.00000	 0.01008
429.10000	 0.00000	 0.01003
429.15000	 0.00000	 0.00998
429.20000	 0.00000	 0.00993
429.25000	 0.00000	 0.00988
429.30000	 0.00000	 0.00983
429.35000	 0.00000	 0.00978
429.40000	 0.00000	 0.00973
429.45000	 0.00000	 0.00968
429.50000	 0.00000	 0.00963
429.55000	 0.00000	 0.00959
429.60000	 0.00000	 0.00954
429.65000	 0.00000	 0.00949
429.70000	 0.00000	 0.00944
429.75000	 0.00000	 0.00940
429.80000	 0.00000	 0.00935
429.85000	 0.00000	 0.00930
429.90000	 0.00000	 0.00926
429.95000	 0.00000	 0.00921
430.00000	 0.00000	 0.00916
430.05000	 0.00000	 0.00912
430.10000	 0.00000	 0.00907
430.15000	 0.00000	 0.00903
430.20000	 0.00000	 0.00898
430.25000	 0.00000	 0.00894
430.30000	 0.00000	 0.00889
430.35000	 0.00000	 0.00885
430.40000	 0.00000	 0.00880
430.45000	 0.00000	 0.00876
430.50000	 0.00000	 0.00872
430.55000	 0.00000	 0.00867
430.60000	 0.00000	 0.00863
430.65000	 0.00000	 0.00859
430.70000	 0.00000	 0.00854
430.75000	 0.00000	 0.00850
430.80000	 0.00000	 0.00846
430.85000	 0.00000	 0.00842
430.90000	 0.00000	 0.00838
430.95000	 0.00000	 0.00833
431.00000	 0.00000	 0.00829
431.05000	 0.00000	 0.00825
431.10000	 0.00000	 0.00821
431.15000	 0.00000	 0.00817
431.20000	 0.00000	 0.00813
431.25000	 0.00000	 0.00809
431.30000	 0.00000	 0.00805
431.35000	 0.00000	 0.00801
431.40000	 0.00000	 0.00797
431.45000	 0.00000	 0.00793
431.50000	 0.00000	 0.00789
431.55000	 0.00000	 0.00785
431.60000	 0.00000	 0.00781
431.65000	 0.00000	 0.00777
431.70000	 0.00000	 0.00773
431.75000	 0.00000	 0.00769
431.80000	 0.00000	 0.00765
431.85000	 0.00000	 0.00762
431.90000	 0.00000	 0.00758
431.95000	 0.00000	 0.00754
432.00000	 0.00000	 0.00750
432.05000	 0.00000	 0.00747
432.10000	 0.00000	 0.00743
432.15000	 0.00000	 0.00739
432.20000	 0.00000	 0.00735
432.25000	 0.00000	 0.00732
432.30000	 0.00000	 0.00728
432.35000	 0.00000	 0.00724
432.40000	 0.00000	 0.00721
432.45000	 0.00000	 0.00717
432.50000	 0.00000	 0.00714
432.55000	 0.00000	 0.00710
432.60000	 0.00000	 0.00707
432.65000	 0.00000	 0.00703
432.70000	 0.00000	 0.00700
432.75000	 0.00000	 0.00696
432.80000	 0.00000	 0.00693
432.85000	 0.00000	 0.00689
432.90000	 0.00000	 0.00686
432.95000	 0.00000	 0.00682
433.00000	 0.00000	 0.00679
433.05000	 0.00000	 0.00676
433.10000	 0.00000	 0.00672
433.15000	 0.00000	 0.00669
433.20000	 0.00000	 0.00665
433.25000	 0.00000	 0.00662
433.30000	 0.00000	 0.00659
433.35000	 0.00000	 0.00656
433.40000	 0.00000	 0.00652
433.45000	 0.00000	 0.00649
433.50000	 0.00000	 0.00646
433.55000	 0.00000	 0.00643
433.60000	 0.00000	 0.00639
433.65000	 0.00000	 0.00636
433.70000	 0.00000	 0.00633
433.75000	 0.00000	 0.00630
433.80000	 0.00000	 0.00627
433.85000	 0.00000	 0.00624
433.90000	 0.00000	 0.00620
433.95000	 0.00000	 0.00617
434.00000	 0.00000	 0.00614
434.05000	 0.00000	 0.00611
434.10000	 0.00000	 0.00608
434.15000	 0.00000	 0.00605
434.20000	 0.00000	 0.00602
434.25000	 0.00000	 0.00599
434.30000	 0.00000	 0.00596
434.35000	 0.00000	 0.00593
434.40000	 0.00000	 0.00590
434.45000	 0.00000	 0.00587
434.50000	 0.00000	 0.00584
434.55000	 0.00000	 0.00581
434.60000	 0.00000	 0.00579
434.65000	 0.00000	 0.00576
434.70000	 0.00000	 0.00573
434.75000	 0.00000	 0.00570
434.80000	 0.00000	 0.00567
434.85000	 0.00000	 0.00564
434.90000	 0.00000	 0.00561
434.95000	 0.00000	 0.00559
435.00000	 0.00000	 0.00556
435.05000	 0.00000	 0.00553
435.10000	 0.00000	 0.00550
435.15000	 0.00000	 0.00548
435.20000	 0.00000	 0.00545
435.25000	 0.00000	 0.00542
435.30000	 0.00000	 0.00539
435.35000	 0.00000	 0.00537
435.40000	 0.00000	 0.00534
435.45000	 0.00000	 0.00531
435.50000	 0.00000	 0.00529
435.55000	 0.00000	 0.00526
435.60000	 0.00000	 0.00523
435.65000	 0.00000	 0.00521
435.70000	 0.00000	 0.00518
435.75000	 0.00000	 0.00516
435.80000	 0.00000	 0.00513
435.85000	 0.00000	 0.00511
435.90000	 0.00000	 0.00508
435.95000	 0.00000	 0.00505
436.00000	 0.00000	 0.00503
436.05000	 0.00000	 0.00500
436.10000	 0.00000	 0.00498
436.15000	 0.00000	 0.00495
436.20000	 0.00000	 0.00493
436.25000	 0.00000	 0.00491
436.30000	 0.00000	 0.00488
436.35000	 0.00000	 0.00486
436.40000	 0.00000	 0.00483
436.45000	 0.00000	 0.00481
436.50000	 0.00000	 0.00478
436.55000	 0.00000	 0.00476
436.60000	 0.00000	 0.00474
436.65000	 0.00000	 0.00471
436.70000	 0.00000	 0.00469
436.75000	 0.00000	 0.00467
436.80000	 0.00000	 0.00464
436.85000	 0.00000	 0.00462
436.90000	 0.00000	 0.00460
436.95000	 0.00000	 0.00457
437.00000	 0.00000	 0.00455
437.05000	 0.00000	 0.00453
437.10000	 0.00000	 0.00451
437.15000	 0.00000	 0.00448
437.20000	 0.00000	 0.00446
437.25000	 0.00000	 0.00444
437.30000	 0.00000	 0.00442
437.35000	 0.00000	 0.00439
437.40000	 0.00000	 0.00437
437.45000	 0.00000	 0.00435
437.50000	 0.00000	 0.00433
437.55000	 0.00000	 0.00431
437.60000	 0.00000	 0.00429
437.65000	 0.00000	 0.00426
437.70000	 0.00000	 0.00424
437.75000	 0.00000	 0.00422
437.80000	 0.00000	 0.00420
437.85000	 0.00000	 0.00418
437.90000	 0.00000	 0.00416
437.95000	 0.00000	 0.00414
438.00000	 0.00000	 0.00412
438.05000	 0.00000	 0.00410
438.10000	 0.00000	 0.00408
438.15000	 0.00000	 0.00406
438.20000	 0.00000	 0.00404
438.25000	 0.00000	 0.00402
438.30000	 0.00000	 0.00400
438.35000	 0.00000	 0.00398
438.40000	 0.00000	 0.00396
438.45000	 0.00000	 0.00394
438.50000	 0.00000	 0.00392
438.55000	 0.00000	 0.00390
438.60000	 0.00000	 0.00388
438.65000	 0.00000	 0.00386
438.70000	 0.00000	 0.00384
438.75000	 0.00000	 0.00382
438.80000	 0.00000	 0.00380
438.85000	 0.00000	 0.00378
438.90000	 0.00000	 0.00376
438.95000	 0.00000	 0.00374
439.00000	 0.00000	 0.00373
439.05000	 0.00000	 0.00371
439.10000	 0.00000	 0.00369
439.15000	 0.00000	 0.00367
439.20000	 0.00000	 0.00365
439.25000	 0.00000	 0.00363
439.30000	 0.00000	 0.00362
439.35000	 0.00000	 0.00360
439.40000	 0.00000	 0.00358
439.45000	 0.00000	 0.00356
439.50000	 0.00000	 0.00354
439.55000	 0.00000	 0.00353
439.60000	 0.00000	 0.00351
439.65000	 0.00000	 0.00349
439.70000	 0.00000	 0.00347
439.75000	 0.00000	 0.00346
439.80000	 0.00000	 0.00344
439.85000	 0.00000	 0.00342
439.90000	 0.00000	 0.00341
439.95000	 0.00000	 0.00339
440.00000	 0.00000	 0.00337
440.05000	 0.00000	 0.00335
440.10000	 0.00000	 0.00334
440.15000	 0.00000	 0.00332
440.20000	 0.00000	 0.00330
440.25000	 0.00000	 0.00329
440.30000	 0.00000	 0.00327
440.35000	 0.00000	 0.00326
440.40000	 0.00000	 0.00324
440.45000	 0.00000	 0.00322
440.50000	 0.00000	 0.00321
440.55000	 0.00000	 0.00319
440.60000	 0.00000	 0.00317
440.65000	 0.00000	 0.00316
440.70000	 0.00000	 0.00314
440.75000	 0.00000	 0.00313
440.80000	 0.00000	 0.00311
440.85000	 0.00000	 0.00310
440.90000	 0.00000	 0.00308
440.95000	 0.00000	 0.00307
441.00000	 0.00000	 0.00305
441.05000	 0.00000	 0.00304
441.10000	 0.00000	 0.00302
441.15000	 0.00000	 0.00301
441.20000	 0.00000	 0.00299
441.25000	 0.00000	 0.00298
441.30000	 0.00000	 0.00296
441.35000	 0.00000	 0.00295
441.40000	 0.00000	 0.00293
441.45000	 0.00000	 0.00292
441.50000	 0.00000	 0.00290
441.55000	 0.00000	 0.00289
441.60000	 0.00000	 0.00287
441.65000	 0.00000	 0.00286
441.70000	 0.00000	 0.00284
441.75000	 0.00000	 0.00283
441.80000	 0.00000	 0.00282
441.85000	 0.00000	 0.00280
441.90000	 0.00000	 0.00279
441.95000	 0.00000	 0.00277
442.00000	 0.00000	 0.00276
442.05000	 0.00000	 0.00275
442.10000	 0.00000	 0.00273
442.15000	 0.00000	 0.00272
442.20000	 0.00000	 0.00271
442.25000	 0.00000	 0.00269
442.30000	 0.00000	 0.00268
442.35000	 0.00000	 0.00267
442.40000	 0.00000	 0.00265
442.45000	 0.00000	 0.00264
442.50000	 0.00000	 0.00263
442.55000	 0.00000	 0.00261
442.60000	 0.00000	 0.00260
442.65000	 0.00000	 0.00259
442.70000	 0.00000	 0.00257
442.75000	 0.00000	 0.00256
442.80000	 0.00000	 0.00255
442.85000	 0.00000	 0.00254
442.90000	 0.00000	 0.00252
442.95000	 0.00000	 0.00251
443.00000	 0.00000	 0.00250
443.05000	 0.00000	 0.00249
443.10000	 0.00000	 0.00247
443.15000	 0.00000	 0.00246
443.20000	 0.00000	 0.00245
443.25000	 0.00000	 0.00244
443.30000	 0.00000	 0.00242
443.35000	 0.00000	 0.00241
443.40000	 0.00000	 0.00240
443.45000	 0.00000	 0.00239
443.50000	 0.00000	 0.00238
443.55000	 0.00000	 0.00236
443.60000	 0.00000	 0.00235
443.65000	 0.00000	 0.00234
443.70000	 0.00000	 0.00233
443.75000	 0.00000	 0.00232
443.80000	 0.00000	 0.00231
443.85000	 0.00000	 0.00229
443.90000	 0.00000	 0.00228
443.95000	 0.00000	 0.00227
444.00000	 0.00000	 0.00226
444.05000	 0.00000	 0.00225
444.10000	 0.00000	 0.00224
444.15000	 0.00000	 0.00223
444.20000	 0.00000	 0.00222
444.25000	 0.00000	 0.00220
444.30000	 0.00000	 0.00219
444.35000	 0.00000	 0.00218
444.40000	 0.00000	 0.00217
444.45000	 0.00000	 0.00216
444.50000	 0.00000	 0.00215
444.55000	 0.00000	 0.00214
444.60000	 0.00000	 0.00213
444.65000	 0.00000	 0.00212
444.70000	 0.00000	 0.00211
444.75000	 0.00000	 0.00210
444.80000	 0.00000	 0.00209
444.85000	 0.00000	 0.00208
444.90000	 0.00000	 0.00207
444.95000	 0.00000	 0.00206
445.00000	 0.00000	 0.00204
445.05000	 0.00000	 0.00203
445.10000	 0.00000	 0.00202
445.15000	 0.00000	 0.00201
445.20000	 0.00000	 0.00200
445.25000	 0.00000	 0.00199
445.30000	 0.00000	 0.00198
445.35000	 0.00000	 0.00197
445.40000	 0.00000	 0.00196
445.45000	 0.00000	 0.00195
445.50000	 0.00000	 0.00195
445.55000	 0.00000	 0.00194
445.60000	 0.00000	 0.00193
445.65000	 0.00000	 0.00192
445.70000	 0.00000	 0.00191
445.75000	 0.00000	 0.00190
445.80000	 0.00000	 0.00189
445.85000	 0.00000	 0.00188
445.90000	 0.00000	 0.00187
445.95000	 0.00000	 0.00186
446.00000	 0.00000	 0.00185
446.05000	 0.00000	 0.00184
446.10000	 0.00000	 0.00183
446.15000	 0.00000	 0.00182
446.20000	 0.00000	 0.00181
446.25000	 0.00000	 0.00180
446.30000	 0.00000	 0.00180
446.35000	 0.00000	 0.00179
446.40000	 0.00000	 0.00178
446.45000	 0.00000	 0.00177
446.50000	 0.00000	 0.00176
446.55000	 0.00000	 0.00175
446.60000	 0.00000	 0.00174
446.65000	 0.00000	 0.00173
446.70000	 0.00000	 0.00173
446.75000	 0.00000	 0.00172
446.80000	 0.00000	 0.00171
446.85000	 0.00000	 0.00170
446.90000	 0.00000	 0.00169
446.95000	 0.00000	 0.00168
447.00000	 0.00000	 0.00167
447.05000	 0.00000	 0.00167
447.10000	 0.00000	 0.00166
447.15000	 0.00000	 0.00165
447.20000	 0.00000	 0.00164
447.25000	 0.00000	 0.00163
447.30000	 0.00000	 0.00162
447.35000	 0.00000	 0.00162
447.40000	 0.00000	 0.00161
447.45000	 0.00000	 0.00160
447.50000	 0.00000	 0.00159
447.55000	 0.00000	 0.00158
447.60000	 0.00000	 0.00158
447.65000	 0.00000	 0.00157
447.70000	 0.00000	 0.00156
447.75000	 0.00000	 0.00155
447.80000	 0.00000	 0.00155
447.85000	 0.00000	 0.00154
447.90000	 0.00000	 0.00153
447.95000	 0.00000	 0.00152
448.00000	 0.00000	 0.00151
448.05000	 0.00000	 0.00151
448.10000	 0.00000	 0.00150
448.15000	 0.00000	 0.00149
448.20000	 0.00000	 0.00148
448.25000	 0.00000	 0.00148
448.30000	 0.00000	 0.00147
448.35000	 0.00000	 0.00146
448.40000	 0.00000	 0.00146
448.45000	 0.00000	 0.00145
448.50000	 0.00000	 0.00144
448.55000	 0.00000	 0.00143
448.60000	 0.00000	 0.00143
448.65000	 0.00000	 0.00142
448.70000	 0.00000	 0.00141
448.75000	 0.00000	 0.00141
448.80000	 0.00000	 0.00140
448.85000	 0.00000	 0.00139
448.90000	 0.00000	 0.00138
448.95000	 0.00000	 0.00138
449.00000	 0.00000	 0.00137
449.05000	 0.00000	 0.00136
449.10000	 0.00000	 0.00136
449.15000	 0.00000	 0.00135
449.20000	 0.00000	 0.00134
449.25000	 0.00000	 0.00134
449.30000	 0.00000	 0.00133
449.35000	 0.00000	 0.00132
449.40000	 0.00000	 0.00132
449.45000	 0.00000	 0.00131
449.50000	 0.00000	 0.00130
449.55000	 0.00000	 0.00130
449.60000	 0.00000	 0.00129
449.65000	 0.00000	 0.00128
449.70000	 0.00000	 0.00128
449.75000	 0.00000	 0.00127
449.80000	 0.00000	 0.00127
449.85000	 0.00000	 0.00126
449.90000	 0.00000	 0.00125
449.95000	 0.00000	 0.00125
450.00000	 0.00000	 0.00124
450.05000	 0.00000	 0.00123
450.10000	 0.00000	 0.00123
450.15000	 0.00000	 0.00122
450.20000	 0.00000	 0.00122
450.25000	 0.00000	 0.00121
450.30000	 0.00000	 0.00120
450.35000	 0.00000	 0.00120
450.40000	 0.00000	 0.00119
450.45000	 0.00000	 0.00119
450.50000	 0.00000	 0.00118
450.55000	 0.00000	 0.00117
450.60000	 0.00000	 0.00117
450.65000	 0.00000	 0.00116
450.70000	 0.00000	 0.00116
450.75000	 0.00000	 0.00115
450.80000	 0.00000	 0.00114
450.85000	 0.00000	 0.00114
450.90000	 0.00000	 0.00113
450.95000	 0.00000	 0.00113
451.00000	 0.00000	 0.00112
451.05000	 0.00000	 0.00112
451.10000	 0.00000	 0.00111
451.15000	 0.00000	 0.00111
451.20000	 0.00000	 0.00110
451.25000	 0.00000	 0.00109
451.30000	 0.00000	 0.00109
451.35000	 0.00000	 0.00108
451.40000	 0.00000	 0.00108
451.45000	 0.00000	 0.00107
451.50000	 0.00000	 0.00107
451.55000	 0.00000	 0.00106
451.60000	 0.00000	 0.00106
451.65000	 0.00000	 0.00105
451.70000	 0.00000	 0.00105
451.75000	 0.00000	 0.00104
451.80000	 0.00000	 0.00104
451.85000	 0.00000	 0.00103
451.90000	 0.00000	 0.00103
451.95000	 0.00000	 0.00102
452.00000	 0.00000	 0.00102
452.05000	 0.00000	 0.00101
452.10000	 0.00000	 0.00101
452.15000	 0.00000	 0.00100
452.20000	 0.00000	 0.00100
452.25000	 0.00000	 0.00099
452.30000	 0.00000	 0.00099
452.35000	 0.00000	 0.00098
452.40000	 0.00000	 0.00098
452.45000	 0.00000	 0.00097
452.50000	 0.00000	 0.00097
452.55000	 0.00000	 0.00096
452.60000	 0.00000	 0.00096
452.65000	 0.00000	 0.00095
452.70000	 0.00000	 0.00095
452.75000	 0.00000	 0.00094
452.80000	 0.00000	 0.00094
452.85000	 0.00000	 0.00093
452.90000	 0.00000	 0.00093
452.95000	 0.00000	 0.00092
453.00000	 0.00000	 0.00092
453.05000	 0.00000	 0.00091
453.10000	 0.00000	 0.00091
453.15000	 0.00000	 0.00091
453.20000	 0.00000	 0.00090
453.25000	 0.00000	 0.00090
453.30000	 0.00000	 0.00089
453.35000	 0.00000	 0.00089
453.40000	 0.00000	 0.00088
453.45000	 0.00000	 0.00088
453.50000	 0.00000	 0.00087
453.55000	 0.00000	 0.00087
453.60000	 0.00000	 0.00087
453.65000	 0.00000	 0.00086
453.70000	 0.00000	 0.00086
453.75000	 0.00000	 0.00085
453.80000	 0.00000	 0.00085
453.85000	 0.00000	 0.00084
453.90000	 0.00000	 0.00084
453.95000	 0.00000	 0.00084
454.00000	 0.00000	 0.00083
454.05000	 0.00000	 0.00083
454.10000	 0.00000	 0.00082
454.15000	 0.00000	 0.00082
454.20000	 0.00000	 0.00081
454.25000	 0.00000	 0.00081
454.30000	 0.00000	 0.00081
454.35000	 0.00000	 0.00080
454.40000	 0.00000	 0.00080
454.45000	 0.00000	 0.00079
454.50000	 0.00000	 0.00079
454.55000	 0.00000	 0.00079
454.60000	 0.00000	 0.00078
454.65000	 0.00000	 0.00078
454.70000	 0.00000	 0.00078
454.75000	 0.00000	 0.00077
454.80000	 0.00000	 0.00077
454.85000	 0.00000	 0.00076
454.90000	 0.00000	 0.00076
454.95000	 0.00000	 0.00076
455.00000	 0.00000	 0.00075
455.05000	 0.00000	 0.00075
455.10000	 0.00000	 0.00074
455.15000	 0.00000	 0.00074
455.20000	 0.00000	 0.00074
455.25000	 0.00000	 0.00073
455.30000	 0.00000	 0.00073
455.35000	 0.00000	 0.00073
455.40000	 0.00000	 0.00072
455.45000	 0.00000	 0.00072
455.50000	 0.00000	 0.00072
455.55000	 0.00000	 0.00071
455.60000	 0.00000	 0.00071
455.65000	 0.00000	 0.00070
455.70000	 0.00000	 0.00070
455.75000	 0.00000	 0.00070
455.80000	 0.00000	 0.00069
455.85000	 0.00000	 0.00069
455.90000	 0.00000	 0.00069
455.95000	 0.00000	 0.00068
456.00000	 0.00000	 0.00068
456.05000	 0.00000	 0.00068
456.10000	 0.00000	 0.00067
456.15000	 0.00000	 0.00067
456.20000	 0.00000	 0.00067
456.25000	 0.00000	 0.00066
456.30000	 0.00000	 0.00066
456.35000	 0.00000	 0.00066
456.40000	 0.00000	 0.00065
456.45000	 0.00000	 0.00065
456.50000	 0.00000	 0.00065
456.55000	 0.00000	 0.00064
456.60000	 0.00000	 0.00064
456.65000	 0.00000	 0.00064
456.70000	 0.00000	 0.00063
456.75000	 0.00000	 0.00063
456.80000	 0.00000	 0.00063
456.85000	 0.00000	 0.00063
456.90000	 0.00000	 0.00062
456.95000	 0.00000	 0.00062
457.00000	 0.00000	 0.00062
457.05000	 0.00000	 0.00061
457.10000	 0.00000	 0.00061
457.15000	 0.00000	 0.00061
457.20000	 0.00000	 0.00060
457.25000	 0.00000	 0.00060
457.30000	 0.00000	 0.00060
457.35000	 0.00000	 0.00059
457.40000	 0.00000	 0.00059
457.45000	 0.00000	 0.00059
457.50000	 0.00000	 0.00059
457.55000	 0.00000	 0.00058
457.60000	 0.00000	 0.00058
457.65000	 0.00000	 0.00058
457.70000	 0.00000	 0.00057
457.75000	 0.00000	 0.00057
457.80000	 0.00000	 0.00057
457.85000	 0.00000	 0.00057
457.90000	 0.00000	 0.00056
457.95000	 0.00000	 0.00056
458.00000	 0.00000	 0.00056
458.05000	 0.00000	 0.00055
458.10000	 0.00000	 0.00055
458.15000	 0.00000	 0.00055
458.20000	 0.00000	 0.00055
458.25000	 0.00000	 0.00054
458.30000	 0.00000	 0.00054
458.35000	 0.00000	 0.00054
458.40000	 0.00000	 0.00054
458.45000	 0.00000	 0.00053
458.50000	 0.00000	 0.00053
458.55000	 0.00000	 0.00053
458.60000	 0.00000	 0.00052
458.65000	 0.00000	 0.00052
458.70000	 0.00000	 0.00052
458.75000	 0.00000	 0.00052
458.80000	 0.00000	 0.00051
458.85000	 0.00000	 0.00051
458.90000	 0.00000	 0.00051
458.95000	 0.00000	 0.00051
459.00000	 0.00000	 0.00050
459.05000	 0.00000	 0.00050
459.10000	 0.00000	 0.00050
459.15000	 0.00000	 0.00050
459.20000	 0.00000	 0.00049
459.25000	 0.00000	 0.00049
459.30000	 0.00000	 0.00049
459.35000	 0.00000	 0.00049
459.40000	 0.00000	 0.00048
459.45000	 0.00000	 0.00048
459.50000	 0.00000	 0.00048
459.55000	 0.00000	 0.00048
459.60000	 0.00000	 0.00047
459.65000	 0.00000	 0.00047
459.70000	 0.00000	 0.00047
459.75000	 0.00000	 0.00047
459.80000	 0.00000	 0.00047
459.85000	 0.00000	 0.00046
459.90000	 0.00000	 0.00046
459.95000	 0.00000	 0.00046
460.00000	 0.00000	 0.00046
460.05000	 0.00000	 0.00045
460.10000	 0.00000	 0.00045
460.15000	 0.00000	 0.00045
460.20000	 0.00000	 0.00045
460.25000	 0.00000	 0.00044
460.30000	 0.00000	 0.00044
460.35000	 0.00000	 0.00044
460.40000	 0.00000	 0.00044
460.45000	 0.00000	 0.00044
460.50000	 0.00000	 0.00043
460.55000	 0.00000	 0.00043
460.60000	 0.00000	 0.00043
460.65000	 0.00000	 0.00043
460.70000	 0.00000	 0.00043
460.75000	 0.00000	 0.00042
460.80000	 0.00000	 0.00042
460.85000	 0.00000	 0.00042
460.90000	 0.00000	 0.00042
460.95000	 0.00000	 0.00041
461.00000	 0.00000	 0.00041
461.05000	 0.00000	 0.00041
461.10000	 0.00000	 0.00041
461.15000	 0.00000	 0.00041
461.20000	 0.00000	 0.00040
461.25000	 0.00000	 0.00040
461.30000	 0.00000	 0.00040
461.35000	 0.00000	 0.00040
461.40000	 0.00000	 0.00040
461.45000	 0.00000	 0.00039
461.50000	 0.00000	 0.00039
461.55000	 0.00000	 0.00039
461.60000	 0.00000	 0.00039
461.65000	 0.00000	 0.00039
461.70000	 0.00000	 0.00038
461.75000	 0.00000	 0.00038
461.80000	 0.00000	 0.00038
461.85000	 0.00000	 0.00038
461.90000	 0.00000	 0.00038
461.95000	 0.00000	 0.00038
462.00000	 0.00000	 0.00037
462.05000	 0.00000	 0.00037
462.10000	 0.00000	 0.00037
462.15000	 0.00000	 0.00037
462.20000	 0.00000	 0.00037
462.25000	 0.00000	 0.00036
462.30000	 0.00000	 0.00036
462.35000	 0.00000	 0.00036
462.40000	 0.00000	 0.00036
462.45000	 0.00000	 0.00036
462.50000	 0.00000	 0.00036
462.55000	 0.00000	 0.00035
462.60000	 0.00000	 0.00035
462.65000	 0.00000	 0.00035
462.70000	 0.00000	 0.00035
462.75000	 0.00000	 0.00035
462.80000	 0.00000	 0.00034
462.85000	 0.00000	 0.00034
462.90000	 0.00000	 0.00034
462.95000	 0.00000	 0.00034
463.00000	 0.00000	 0.00034
463.05000	 0.00000	 0.00034
463.10000	 0.00000	 0.00033
463.15000	 0.00000	 0.00033
463.20000	 0.00000	 0.00033
463.25000	 0.00000	 0.00033
463.30000	 0.00000	 0.00033
463.35000	 0.00000	 0.00033
463.40000	 0.00000	 0.00032
463.45000	 0.00000	 0.00032
463.50000	 0.00000	 0.00032
463.55000	 0.00000	 0.00032
463.60000	 0.00000	 0.00032
463.65000	 0.00000	 0.00032
463.70000	 0.00000	 0.00032
463.75000	 0.00000	 0.00031
463.80000	 0.00000	 0.00031
463.85000	 0.00000	 0.00031
463.90000	 0.00000	 0.00031
463.95000	 0.00000	 0.00031
464.00000	 0.00000	 0.00031
464.05000	 0.00000	 0.00030
464.10000	 0.00000	 0.00030
464.15000	 0.00000	 0.00030
464.20000	 0.00000	 0.00030
464.25000	 0.00000	 0.00030
464.30000	 0.00000	 0.00030
464.35000	 0.00000	 0.00030
464.40000	 0.00000	 0.00029
464.45000	 0.00000	 0.00029
464.50000	 0.00000	 0.00029
464.55000	 0.00000	 0.00029
464.60000	 0.00000	 0.00029
464.65000	 0.00000	 0.00029
464.70000	 0.00000	 0.00029
464.75000	 0.00000	 0.00028
464.80000	 0.00000	 0.00028
464.85000	 0.00000	 0.00028
464.90000	 0.00000	 0.00028
464.95000	 0.00000	 0.00028
465.00000	 0.00000	 0.00028
465.05000	 0.00000	 0.00028
465.10000	 0.00000	 0.00027
465.15000	 0.00000	 0.00027
465.20000	 0.00000	 0.00027
465.25000	 0.00000	 0.00027
465.30000	 0.00000	 0.00027
465.35000	 0.00000	 0.00027
465.40000	 0.00000	 0.00027
465.45000	 0.00000	 0.00026
465.50000	 0.00000	 0.00026
465.55000	 0.00000	 0.00026
465.60000	 0.00000	 0.00026
465.65000	 0.00000	 0.00026
465.70000	 0.00000	 0.00026
465.75000	 0.00000	 0.00026
465.80000	 0.00000	 0.00026
465.85000	 0.00000	 0.00025
465.90000	 0.00000	 0.00025
465.95000	 0.00000	 0.00025
466.00000	 0.00000	 0.00025
466.05000	 0.00000	 0.00025
466.10000	 0.00000	 0.00025
466.15000	 0.00000	 0.00025
466.20000	 0.00000	 0.00025
466.25000	 0.00000	 0.00024
466.30000	 0.00000	 0.00024
466.35000	 0.00000	 0.00024
466.40000	 0.00000	 0.00024
466.45000	 0.00000	 0.00024
466.50000	 0.00000	 0.00024
466.55000	 0.00000	 0.00024
466.60000	 0.00000	 0.00024
466.65000	 0.00000	 0.00023
466.70000	 0.00000	 0.00023
466.75000	 0.00000	 0.00023
466.80000	 0.00000	 0.00023
466.85000	 0.00000	 0.00023
466.90000	 0.00000	 0.00023
466.95000	 0.00000	 0.00023
467.00000	 0.00000	 0.00023
467.05000	 0.00000	 0.00023
467.10000	 0.00000	 0.00022
467.15000	 0.00000	 0.00022
467.20000	 0.00000	 0.00022
467.25000	 0.00000	 0.00022
467.30000	 0.00000	 0.00022
467.35000	 0.00000	 0.00022
467.40000	 0.00000	 0.00022
467.45000	 0.00000	 0.00022
467.50000	 0.00000	 0.00022
467.55000	 0.00000	 0.00021
467.60000	 0.00000	 0.00021
467.65000	 0.00000	 0.00021
467.70000	 0.00000	 0.00021
467.75000	 0.00000	 0.00021
467.80000	 0.00000	 0.00021
467.85000	 0.00000	 0.00021
467.90000	 0.00000	 0.00021
467.95000	 0.00000	 0.00021
468.00000	 0.00000	 0.00021
468.05000	 0.00000	 0.00020
468.10000	 0.00000	 0.00020
468.15000	 0.00000	 0.00020
468.20000	 0.00000	 0.00020
468.25000	 0.00000	 0.00020
468.30000	 0.00000	 0.00020
468.35000	 0.00000	 0.00020
468.40000	 0.00000	 0.00020
468.45000	 0.00000	 0.00020
468.50000	 0.00000	 0.00020
468.55000	 0.00000	 0.00019
468.60000	 0.00000	 0.00019
468.65000	 0.00000	 0.00019
468.70000	 0.00000	 0.00019
468.75000	 0.00000	 0.00019
468.80000	 0.00000	 0.00019
468.85000	 0.00000	 0.00019
468.90000	 0.00000	 0.00019
468.95000	 0.00000	 0.00019
469.00000	 0.00000	 0.00019
469.05000	 0.00000	 0.00018
469.10000	 0.00000	 0.00018
469.15000	 0.00000	 0.00018
469.20000	 0.00000	 0.00018
469.25000	 0.00000	 0.00018
469.30000	 0.00000	 0.00018
469.35000	 0.00000	 0.00018
469.40000	 0.00000	 0.00018
469.45000	 0.00000	 0.00018
469.50000	 0.00000	 0.00018
469.55000	 0.00000	 0.00018
469.60000	 0.00000	 0.00017
469.65000	 0.00000	 0.00017
469.70000	 0.00000	 0.00017
469.75000	 0.00000	 0.00017
469.80000	 0.00000	 0.00017
469.85000	 0.00000	 0.00017
469.90000	 0.00000	 0.00017
469.95000	 0.00000	 0.00017
470.00000	 0.00000	 0.00017
470.05000	 0.00000	 0.00017
470.10000	 0.00000	 0.00017
470.15000	 0.00000	 0.00017
470.20000	 0.00000	 0.00016
470.25000	 0.00000	 0.00016
470.30000	 0.00000	 0.00016
470.35000	 0.00000	 0.00016
470.40000	 0.00000	 0.00016
470.45000	 0.00000	 0.00016
470.50000	 0.00000	 0.00016
470.55000	 0.00000	 0.00016
470.60000	 0.00000	 0.00016
470.65000	 0.00000	 0.00016
470.70000	 0.00000	 0.00016
470.75000	 0.00000	 0.00016
470.80000	 0.00000	 0.00015
470.85000	 0.00000	 0.00015
470.90000	 0.00000	 0.00015
470.95000	 0.00000	 0.00015
471.00000	 0.00000	 0.00015
471.05000	 0.00000	 0.00015
471.10000	 0.00000	 0.00015
471.15000	 0.00000	 0.00015
471.20000	 0.00000	 0.00015
471.25000	 0.00000	 0.00015
471.30000	 0.00000	 0.00015
471.35000	 0.00000	 0.00015
471.40000	 0.00000	 0.00015
471.45000	 0.00000	 0.00015
471.50000	 0.00000	 0.00014
471.55000	 0.00000	 0.00014
471.60000	 0.00000	 0.00014
471.65000	 0.00000	 0.00014
471.70000	 0.00000	 0.00014
471.75000	 0.00000	 0.00014
471.80000	 0.00000	 0.00014
471.85000	 0.00000	 0.00014
471.90000	 0.00000	 0.00014
471.95000	 0.00000	 0.00014
472.00000	 0.00000	 0.00014
472.05000	 0.00000	 0.00014
472.10000	 0.00000	 0.00014
472.15000	 0.00000	 0.00014
472.20000	 0.00000	 0.00013
472.25000	 0.00000	 0.00013
472.30000	 0.00000	 0.00013
472.35000	 0.00000	 0.00013
472.40000	 0.00000	 0.00013
472.45000	 0.00000	 0.00013
472.50000	 0.00000	 0.00013
472.55000	 0.00000	 0.00013
472.60000	 0.00000	 0.00013
472.65000	 0.00000	 0.00013
472.70000	 0.00000	 0.00013
472.75000	 0.00000	 0.00013
472.80000	 0.00000	 0.00013
472.85000	 0.00000	 0.00013
472.90000	 0.00000	 0.00013
472.95000	 0.00000	 0.00012
473.00000	 0.00000	 0.00012
473.05000	 0.00000	 0.00012
473.10000	 0.00000	 0.00012
473.15000	 0.00000	 0.00012
473.20000	 0.00000	 0.00012
473.25000	 0.00000	 0.00012
473.30000	 0.00000	 0.00012
473.35000	 0.00000	 0.00012
473.40000	 0.00000	 0.00012
473.45000	 0.00000	 0.00012
473.50000	 0.00000	 0.00012
473.55000	 0.00000	 0.00012
473.60000	 0.00000	 0.00012
473.65000	 0.00000	 0.00012
473.70000	 0.00000	 0.00012
473.75000	 0.00000	 0.00012
473.80000	 0.00000	 0.00011
473.85000	 0.00000	 0.00011
473.90000	 0.00000	 0.00011
473.95000	 0.00000	 0.00011
474.00000	 0.00000	 0.00011
474.05000	 0.00000	 0.00011
474.10000	 0.00000	 0.00011
474.15000	 0.00000	 0.00011
474.20000	 0.00000	 0.00011
474.25000	 0.00000	 0.00011
474.30000	 0.00000	 0.00011
474.35000	 0.00000	 0.00011
474.40000	 0.00000	 0.00011
474.45000	 0.00000	 0.00011
474.50000	 0.00000	 0.00011
474.55000	 0.00000	 0.00011
474.60000	 0.00000	 0.00011
474.65000	 0.00000	 0.00011
474.70000	 0.00000	 0.00010
474.75000	 0.00000	 0.00010
474.80000	 0.00000	 0.00010
474.85000	 0.00000	 0.00010
474.90000	 0.00000	 0.00010
474.95000	 0.00000	 0.00010
475.00000	 0.00000	 0.00010
475.05000	 0.00000	 0.00010
475.10000	 0.00000	 0.00010
475.15000	 0.00000	 0.00010
475.20000	 0.00000	 0.00010
475.25000	 0.00000	 0.00010
475.30000	 0.00000	 0.00010
475.35000	 0.00000	 0.00010
475.40000	 0.00000	 0.00010
475.45000	 0.00000	 0.00010
475.50000	 0.00000	 0.00010
475.55000	 0.00000	 0.00010
475.60000	 0.00000	 0.00010
475.65000	 0.00000	 0.00010
475.70000	 0.00000	 0.00009
475.75000	 0.00000	 0.00009
475.80000	 0.00000	 0.00009
475.85000	 0.00000	 0.00009
475.90000	 0.00000	 0.00009
475.95000	 0.00000	 0.00009
476.00000	 0.00000	 0.00009
476.05000	 0.00000	 0.00009
476.10000	 0.00000	 0.00009
476.15000	 0.00000	 0.00009
476.20000	 0.00000	 0.00009
476.25000	 0.00000	 0.00009
476.30000	 0.00000	 0.00009
476.35000	 0.00000	 0.00009
476.40000	 0.00000	 0.00009
476.45000	 0.00000	 0.00009
476.50000	 0.00000	 0.00009
476.55000	 0.00000	 0.00009
476.60000	 0.00000	 0.00009
476.65000	 0.00000	 0.00009
476.70000	 0.00000	 0.00009
476.75000	 0.00000	 0.00009
476.80000	 0.00000	 0.00009
476.85000	 0.00000	 0.00008
476.90000	 0.00000	 0.00008
476.95000	 0.00000	 0.00008
477.00000	 0.00000	 0.00008
477.05000	 0.00000	 0.00008
477.10000	 0.00000	 0.00008
477.15000	 0.00000	 0.00008
477.20000	 0.00000	 0.00008
477.25000	 0.00000	 0.00008
477.30000	 0.00000	 0.00008
477.35000	 0.00000	 0.00008
477.40000	 0.00000	 0.00008
477.45000	 0.00000	 0.00008
477.50000	 0.00000	 0.00008
477.55000	 0.00000	 0.00008
477.60000	 0.00000	 0.00008
477.65000	 0.00000	 0.00008
477.70000	 0.00000	 0.00008
477.75000	 0.00000	 0.00008
477.80000	 0.00000	 0.00008
477.85000	 0.00000	 0.00008
477.90000	 0.00000	 0.00008
477.95000	 0.00000	 0.00008
478.00000	 0.00000	 0.00008
478.05000	 0.00000	 0.00008
478.10000	 0.00000	 0.00007
478.15000	 0.00000	 0.00007
478.20000	 0.00000	 0.00007
478.25000	 0.00000	 0.00007
478.30000	 0.00000	 0.00007
478.35000	 0.00000	 0.00007
478.40000	 0.00000	 0.00007
478.45000	 0.00000	 0.00007
478.50000	 0.00000	 0.00007
478.55000	 0.00000	 0.00007
478.60000	 0.00000	 0.00007
478.65000	 0.00000	 0.00007
478.70000	 0.00000	 0.00007
478.75000	 0.00000	 0.00007
478.80000	 0.00000	 0.00007
478.85000	 0.00000	 0.00007
478.90000	 0.00000	 0.00007
478.95000	 0.00000	 0.00007
479.00000	 0.00000	 0.00007
479.05000	 0.00000	 0.00007
479.10000	 0.00000	 0.00007
479.15000	 0.00000	 0.00007
479.20000	 0.00000	 0.00007
479.25000	 0.00000	 0.00007
479.30000	 0.00000	 0.00007
479.35000	 0.00000	 0.00007
479.40000	 0.00000	 0.00007
479.45000	 0.00000	 0.00007
479.50000	 0.00000	 0.00006
479.55000	 0.00000	 0.00006
479.60000	 0.00000	 0.00006
479.65000	 0.00000	 0.00006
479.70000	 0.00000	 0.00006
479.75000	 0.00000	 0.00006
479.80000	 0.00000	 0.00006
479.85000	 0.00000	 0.00006
479.90000	 0.00000	 0.00006
479.95000	 0.00000	 0.00006
480.00000	 0.00000	 0.00006
480.05000	 0.00000	 0.00006
480.10000	 0.00000	 0.00006
480.15000	 0.00000	 0.00006
480.20000	 0.00000	 0.00006
480.25000	 0.00000	 0.00006
480.30000	 0.00000	 0.00006
480.35000	 0.00000	 0.00006
480.40000	 0.00000	 0.00006
480.45000	 0.00000	 0.00006
480.50000	 0.00000	 0.00006
480.55000	 0.00000	 0.00006
480.60000	 0.00000	 0.00006
480.65000	 0.00000	 0.00006
480.70000	 0.00000	 0.00006
480.75000	 0.00000	 0.00006
480.80000	 0.00000	 0.00006
480.85000	 0.00000	 0.00006
480.90000	 0.00000	 0.00006
480.95000	 0.00000	 0.00006
481.00000	 0.00000	 0.00006
481.05000	 0.00000	 0.00006
481.10000	 0.00000	 0.00006
481.15000	 0.00000	 0.00006
481.20000	 0.00000	 0.00005
481.25000	 0.00000	 0.00005
481.30000	 0.00000	 0.00005
481.35000	 0.00000	 0.00005
481.40000	 0.00000	 0.00005
481.45000	 0.00000	 0.00005
481.50000	 0.00000	 0.00005
481.55000	 0.00000	 0.00005
481.60000	 0.00000	 0.00005
481.65000	 0.00000	 0.00005
481.70000	 0.00000	 0.00005
481.75000	 0.00000	 0.00005
481.80000	 0.00000	 0.00005
481.85000	 0.00000	 0.00005
481.90000	 0.00000	 0.00005
481.95000	 0.00000	 0.00005
482.00000	 0.00000	 0.00005
482.05000	 0.00000	 0.00005
482.10000	 0.00000	 0.00005
482.15000	 0.00000	 0.00005
482.20000	 0.00000	 0.00005
482.25000	 0.00000	 0.00005
482.30000	 0.00000	 0.00005
482.35000	 0.00000	 0.00005
482.40000	 0.00000	 0.00005
482.45000	 0.00000	 0.00005
482.50000	 0.00000	 0.00005
482.55000	 0.00000	 0.00005
482.60000	 0.00000	 0.00005
482.65000	 0.00000	 0.00005
482.70000	 0.00000	 0.00005
482.75000	 0.00000	 0.00005
482.80000	 0.00000	 0.00005
482.85000	 0.00000	 0.00005
482.90000	 0.00000	 0.00005
482.95000	 0.00000	 0.00005
483.00000	 0.00000	 0.00005
483.05000	 0.00000	 0.00005
483.10000	 0.00000	 0.00005
483.15000	 0.00000	 0.00005
483.20000	 0.00000	 0.00004
483.25000	 0.00000	 0.00004
483.30000	 0.00000	 0.00004
483.35000	 0.00000	 0.00004
483.40000	 0.00000	 0.00004
483.45000	 0.00000	 0.00004
483.50000	 0.00000	 0.00004
483.55000	 0.00000	 0.00004
483.60000	 0.00000	 0.00004
483.65000	 0.00000	 0.00004
483.70000	 0.00000	 0.00004
483.75000	 0.00000	 0.00004
483.80000	 0.00000	 0.00004
483.85000	 0.00000	 0.00004
483.90000	 0.00000	 0.00004
483.95000	 0.00000	 0.00004
484.00000	 0.00000	 0.00004
484.05000	 0.00000	 0.00004
484.10000	 0.00000	 0.00004
484.15000	 0.00000	 0.00004
484.20000	 0.00000	 0.00004
484.25000	 0.00000	 0.00004
484.30000	 0.00000	 0.00004
484.35000	 0.00000	 0.00004
484.40000	 0.00000	 0.00004
484.45000	 0.00000	 0.00004
484.50000	 0.00000	 0.00004
484.55000	 0.00000	 0.00004
484.60000	 0.00000	 0.00004
484.65000	 0.00000	 0.00004
484.70000	 0.00000	 0.00004
484.75000	 0.00000	 0.00004
484.80000	 0.00000	 0.00004
484.85000	 0.00000	 0.00004
484.90000	 0.00000	 0.00004
484.95000	 0.00000	 0.00004
485.00000	 0.00000	 0.00004
485.05000	 0.00000	 0.00004
485.10000	 0.00000	 0.00004
485.15000	 0.00000	 0.00004
485.20000	 0.00000	 0.00004
485.25000	 0.00000	 0.00004
485.30000	 0.00000	 0.00004
485.35000	 0.00000	 0.00004
485.40000	 0.00000	 0.00004
485.45000	 0.00000	 0.00004
485.50000	 0.00000	 0.00004
485.55000	 0.00000	 0.00004
485.60000	 0.00000	 0.00004
485.65000	 0.00000	 0.00004
485.70000	 0.00000	 0.00003
485.75000	 0.00000	 0.00003
485.80000	 0.00000	 0.00003
485.85000	 0.00000	 0.00003
485.90000	 0.00000	 0.00003
485.95000	 0.00000	 0.00003
486.00000	 0.00000	 0.00003
486.05000	 0.00000	 0.00003
486.10000	 0.00000	 0.00003
486.15000	 0.00000	 0.00003
486.20000	 0.00000	 0.00003
486.25000	 0.00000	 0.00003
486.30000	 0.00000	 0.00003
486.35000	 0.00000	 0.00003
486.40000	 0.00000	 0.00003
486.45000	 0.00000	 0.00003
486.50000	 0.00000	 0.00003
486.55000	 0.00000	 0.00003
486.60000	 0.00000	 0.00003
486.65000	 0.00000	 0.00003
486.70000	 0.00000	 0.00003
486.75000	 0.00000	 0.00003
486.80000	 0.00000	 0.00003
486.85000	 0.00000	 0.00003
486.90000	 0.00000	 0.00003
486.95000	 0.00000	 0.00003
487.00000	 0.00000	 0.00003
487.05000	 0.00000	 0.00003
487.10000	 0.00000	 0.00003
487.15000	 0.00000	 0.00003
487.20000	 0.00000	 0.00003
487.25000	 0.00000	 0.00003
487.30000	 0.00000	 0.00003
487.35000	 0.00000	 0.00003
487.40000	 0.00000	 0.00003
487.45000	 0.00000	 0.00003
487.50000	 0.00000	 0.00003
487.55000	 0.00000	 0.00003
487.60000	 0.00000	 0.00003
487.65000	 0.00000	 0.00003
487.70000	 0.00000	 0.00003
487.75000	 0.00000	 0.00003
487.80000	 0.00000	 0.00003
487.85000	 0.00000	 0.00003
487.90000	 0.00000	 0.00003
487.95000	 0.00000	 0.00003
488.00000	 0.00000	 0.00003
488.05000	 0.00000	 0.00003
488.10000	 0.00000	 0.00003
488.15000	 0.00000	 0.00003
488.20000	 0.00000	 0.00003
488.25000	 0.00000	 0.00003
488.30000	 0.00000	 0.00003
488.35000	 0.00000	 0.00003
488.40000	 0.00000	 0.00003
488.45000	 0.00000	 0.00003
488.50000	 0.00000	 0.00003
488.55000	 0.00000	 0.00003
488.60000	 0.00000	 0.00003
488.65000	 0.00000	 0.00003
488.70000	 0.00000	 0.00003
488.75000	 0.00000	 0.00003
488.80000	 0.00000	 0.00003
488.85000	 0.00000	 0.00003
488.90000	 0.00000	 0.00003
488.95000	 0.00000	 0.00003
489.00000	 0.00000	 0.00003
489.05000	 0.00000	 0.00002
489.10000	 0.00000	 0.00002
489.15000	 0.00000	 0.00002
489.20000	 0.00000	 0.00002
489.25000	 0.00000	 0.00002
489.30000	 0.00000	 0.00002
489.35000	 0.00000	 0.00002
489.40000	 0.00000	 0.00002
489.45000	 0.00000	 0.00002
489.50000	 0.00000	 0.00002
489.55000	 0.00000	 0.00002
489.60000	 0.00000	 0.00002
489.65000	 0.00000	 0.00002
489.70000	 0.00000	 0.00002
489.75000	 0.00000	 0.00002
489.80000	 0.00000	 0.00002
489.85000	 0.00000	 0.00002
489.90000	 0.00000	 0.00002
489.95000	 0.00000	 0.00002
490.00000	 0.00000	 0.00002
490.05000	 0.00000	 0.00002
490.10000	 0.00000	 0.00002
490.15000	 0.00000	 0.00002
490.20000	 0.00000	 0.00002
490.25000	 0.00000	 0.00002
490.30000	 0.00000	 0.00002
490.35000	 0.00000	 0.00002
490.40000	 0.00000	 0.00002
490.45000	 0.00000	 0.00002
490.50000	 0.00000	 0.00002
490.55000	 0.00000	 0.00002
490.60000	 0.00000	 0.00002
490.65000	 0.00000	 0.00002
490.70000	 0.00000	 0.00002
490.75000	 0.00000	 0.00002
490.80000	 0.00000	 0.00002
490.85000	 0.00000	 0.00002
490.90000	 0.00000	 0.00002
490.95000	 0.00000	 0.00002
491.00000	 0.00000	 0.00002
491.05000	 0.00000	 0.00002
491.10000	 0.00000	 0.00002
491.15000	 0.00000	 0.00002
491.20000	 0.00000	 0.00002
491.25000	 0.00000	 0.00002
491.30000	 0.00000	 0.00002
491.35000	 0.00000	 0.00002
491.40000	 0.00000	 0.00002
491.45000	 0.00000	 0.00002
491.50000	 0.00000	 0.00002
491.55000	 0.00000	 0.00002
491.60000	 0.00000	 0.00002
491.65000	 0.00000	 0.00002
491.70000	 0.00000	 0.00002
491.75000	 0.00000	 0.00002
491.80000	 0.00000	 0.00002
491.85000	 0.00000	 0.00002
491.90000	 0.00000	 0.00002
491.95000	 0.00000	 0.00002
492.00000	 0.00000	 0.00002
492.05000	 0.00000	 0.00002
492.10000	 0.00000	 0.00002
492.15000	 0.00000	 0.00002
492.20000	 0.00000	 0.00002
492.25000	 0.00000	 0.00002
492.30000	 0.00000	 0.00002
492.35000	 0.00000	 0.00002
492.40000	 0.00000	 0.00002
492.45000	 0.00000	 0.00002
492.50000	 0.00000	 0.00002
492.55000	 0.00000	 0.00002
492.60000	 0.00000	 0.00002
492.65000	 0.00000	 0.00002
492.70000	 0.00000	 0.00002
492.75000	 0.00000	 0.00002
492.80000	 0.00000	 0.00002
492.85000	 0.00000	 0.00002
492.90000	 0.00000	 0.00002
492.95000	 0.00000	 0.00002
493.00000	 0.00000	 0.00002
493.05000	 0.00000	 0.00002
493.10000	 0.00000	 0.00002
493.15000	 0.00000	 0.00002
493.20000	 0.00000	 0.00002
493.25000	 0.00000	 0.00002
493.30000	 0.00000	 0.00002
493.35000	 0.00000	 0.00002
493.40000	 0.00000	 0.00002
493.45000	 0.00000	 0.00002
493.50000	 0.00000	 0.00002
493.55000	 0.00000	 0.00002
493.60000	 0.00000	 0.00002
493.65000	 0.00000	 0.00002
493.70000	 0.00000	 0.00002
493.75000	 0.00000	 0.00002
493.80000	 0.00000	 0.00002
493.85000	 0.00000	 0.00002
493.90000	 0.00000	 0.00002
493.95000	 0.00000	 0.00002
494.00000	 0.00000	 0.00002
494.05000	 0.00000	 0.00002
494.10000	 0.00000	 0.00002
494.15000	 0.00000	 0.00002
494.20000	 0.00000	 0.00001
494.25000	 0.00000	 0.00001
494.30000	 0.00000	 0.00001
494.35000	 0.00000	 0.00001
494.40000	 0.00000	 0.00001
494.45000	 0.00000	 0.00001
494.50000	 0.00000	 0.00001
494.55000	 0.00000	 0.00001
494.60000	 0.00000	 0.00001
494.65000	 0.00000	 0.00001
494.70000	 0.00000	 0.00001
494.75000	 0.00000	 0.00001
494.80000	 0.00000	 0.00001
494.85000	 0.00000	 0.00001
494.90000	 0.00000	 0.00001
494.95000	 0.00000	 0.00001
495.00000	 0.00000	 0.00001
495.05000	 0.00000	 0.00001
495.10000	 0.00000	 0.00001
495.15000	 0.00000	 0.00001
495.20000	 0.00000	 0.00001
495.25000	 0.00000	 0.00001
495.30000	 0.00000	 0.00001
495.35000	 0.00000	 0.00001
495.40000	 0.00000	 0.00001
495.45000	 0.00000	 0.00001
495.50000	 0.00000	 0.00001
495.55000	 0.00000	 0.00001
495.60000	 0.00000	 0.00001
495.65000	 0.00000	 0.00001
495.70000	 0.00000	 0.00001
495.75000	 0.00000	 0.00001
495.80000	 0.00000	 0.00001
495.85000	 0.00000	 0.00001
495.90000	 0.00000	 0.00001
495.95000	 0.00000	 0.00001
496.00000	 0.00000	 0.00001
496.05000	 0.00000	 0.00001
496.10000	 0.00000	 0.00001
496.15000	 0.00000	 0.00001
496.20000	 0.00000	 0.00001
496.25000	 0.00000	 0.00001
496.30000	 0.00000	 0.00001
496.35000	 0.00000	 0.00001
496.40000	 0.00000	 0.00001
496.45000	 0.00000	 0.00001
496.50000	 0.00000	 0.00001
496.55000	 0.00000	 0.00001
496.60000	 0.00000	 0.00001
496.65000	 0.00000	 0.00001
496.70000	 0.00000	 0.00001
496.75000	 0.00000	 0.00001
496.80000	 0.00000	 0.00001
496.85000	 0.00000	 0.00001
496.90000	 0.00000	 0.00001
496.95000	 0.00000	 0.00001
497.00000	 0.00000	 0.00001
497.05000	 0.00000	 0.00001
497.10000	 0.00000	 0.00001
497.15000	 0.00000	 0.00001
497.20000	 0.00000	 0.00001
497.25000	 0.00000	 0.00001
497.30000	 0.00000	 0.00001
497.35000	 0.00000	 0.00001
497.40000	 0.00000	 0.00001
497.45000	 0.00000	 0.00001
497.50000	 0.00000	 0.00001
497.55000	 0.00000	 0.00001
497.60000	 0.00000	 0.00001
497.65000	 0.00000	 0.00001
497.70000	 0.00000	 0.00001
497.75000	 0.00000	 0.00001
497.80000	 0.00000	 0.00001
497.85000	 0.00000	 0.00001
497.90000	 0.00000	 0.00001
497.95000	 0.00000	 0.00001
498.00000	 0.00000	 0.00001
498.05000	 0.00000	 0.00001
498.10000	 0.00000	 0.00001
498.15000	 0.00000	 0.00001
498.20000	 0.00000	 0.00001
498.25000	 0.00000	 0.00001
498.30000	 0.00000	 0.00001
498.35000	 0.00000	 0.00001
498.40000	 0.00000	 0.00001
498.45000	 0.00000	 0.00001
498.50000	 0.00000	 0.00001
498.55000	 0.00000	 0.00001
498.60000	 0.00000	 0.00001
498.65000	 0.00000	 0.00001
498.70000	 0.00000	 0.00001
498.75000	 0.00000	 0.00001
498.80000	 0.00000	 0.00001
498.85000	 0.00000	 0.00001
498.90000	 0.00000	 0.00001
498.95000	 0.00000	 0.00001
499.00000	 0.00000	 0.00001
499.05000	 0.00000	 0.00001
499.10000	 0.00000	 0.00001
499.15000	 0.00000	 0.00001
499.20000	 0.00000	 0.00001
499.25000	 0.00000	 0.00001
499.30000	 0.00000	 0.00001
499.35000	 0.00000	 0.00001
499.40000	 0.00000	 0.00001
499.45000	 0.00000	 0.00001
499.50000	 0.00000	 0.00001
499.55000	 0.00000	 0.00001
499.60000	 0.00000	 0.00001
499.65000	 0.00000	 0.00001
499.70000	 0.00000	 0.00001
499.75000	 0.00000	 0.00001
499.80000	 0.00000	 0.00001
499.85000	 0.00000	 0.00001
499.90000	 0.00000	 0.00001
499.95000	 0.00000	 0.00001
500.00000	 0.00000	 0.00001
500.05000	 0.00000	 0.00001
500.10000	 0.00000	 0.00001
500.15000	 0.00000	 0.00001
500.20000	 0.00000	 0.00001
500.25000	 0.00000	 0.00001
500.30000	 0.00000	 0.00001
500.35000	 0.00000	 0.00001
500.40000	 0.00000	 0.00001
500.45000	 0.00000	 0.00001
500.50000	 0.00000	 0.00001
500.55000	 0.00000	 0.00001
500.60000	 0.00000	 0.00001
500.65000	 0.00000	 0.00001
500.70000	 0.00000	 0.00001
500.75000	 0.00000	 0.00001
500.80000	 0.00000	 0.00001
500.85000	 0.00000	 0.00001
500.90000	 0.00000	 0.00001
500.95000	 0.00000	 0.00001
501.00000	 0.00000	 0.00001
501.05000	 0.00000	 0.00001
501.10000	 0.00000	 0.00001
501.15000	 0.00000	 0.00001
501.20000	 0.00000	 0.00001
501.25000	 0.00000	 0.00001
501.30000	 0.00000	 0.00001
501.35000	 0.00000	 0.00001
501.40000	 0.00000	 0.00001
501.45000	 0.00000	 0.00001
501.50000	 0.00000	 0.00001
501.55000	 0.00000	 0.00001
501.60000	 0.00000	 0.00001
501.65000	 0.00000	 0.00001
501.70000	 0.00000	 0.00001
501.75000	 0.00000	 0.00001
501.80000	 0.00000	 0.00001
501.85000	 0.00000	 0.00001
501.90000	 0.00000	 0.00001
501.95000	 0.00000	 0.00001
502.00000	 0.00000	 0.00001
502.05000	 0.00000	 0.00001
502.10000	 0.00000	 0.00001
502.15000	 0.00000	 0.00001
502.20000	 0.00000	 0.00001
502.25000	 0.00000	 0.00001
502.30000	 0.00000	 0.00001
502.35000	 0.00000	 0.00001
502.40000	 0.00000	 0.00001
502.45000	 0.00000	 0.00001
502.50000	 0.00000	 0.00001
502.55000	 0.00000	 0.00001
502.60000	 0.00000	 0.00001
502.65000	 0.00000	 0.00001
502.70000	 0.00000	 0.00001
502.75000	 0.00000	 0.00001
502.80000	 0.00000	 0.00001
502.85000	 0.00000	 0.00001
502.90000	 0.00000	 0.00001
502.95000	 0.00000	 0.00001
503.00000	 0.00000	 0.00001
503.05000	 0.00000	 0.00001
503.10000	 0.00000	 0.00001
503.15000	 0.00000	 0.00001
503.20000	 0.00000	 0.00001
503.25000	 0.00000	 0.00001
503.30000	 0.00000	 0.00001
503.35000	 0.00000	 0.00001
503.40000	 0.00000	 0.00001
503.45000	 0.00000	 0.00001
503.50000	 0.00000	 0.00001
503.55000	 0.00000	 0.00001
503.60000	 0.00000	 0.00001
503.65000	 0.00000	 0.00001
503.70000	 0.00000	 0.00001
503.75000	 0.00000	 0.00001
503.80000	 0.00000	 0.00001
503.85000	 0.00000	 0.00001
503.90000	 0.00000	 0.00001
503.95000	 0.00000	 0.00001
504.00000	 0.00000	 0.00001
504.05000	 0.00000	 0.00001
504.10000	 0.00000	 0.00001
504.15000	 0.00000	 0.00001
504.20000	 0.00000	 0.00001
504.25000	 0.00000	 0.00001
504.30000	 0.00000	 0.00001
504.35000	 0.00000	 0.00001
504.40000	 0.00000	 0.00001
504.45000	 0.00000	 0.00001
504.50000	 0.00000	 0.00001
504.55000	 0.00000	 0.00001
504.60000	 0.00000	 0.00001
504.65000	 0.00000	 0.00001
504.70000	 0.00000	 0.00001
504.75000	 0.00000	 0.00001
504.80000	 0.00000	 0.00001
504.85000	 0.00000	 0.00001
504.90000	 0.00000	 0.00001
504.95000	 0.00000	 0.00001
505.00000	 0.00000	 0.00001
505.05000	 0.00000	 0.00001
505.10000	 0.00000	 0.00001
505.15000	 0.00000	 0.00000
505.20000	 0.00000	 0.00000
505.25000	 0.00000	 0.00000
505.30000	 0.00000	 0.00000
505.35000	 0.00000	 0.00000
505.40000	 0.00000	 0.00000
505.45000	 0.00000	 0.00000
505.50000	 0.00000	 0.00000
505.55000	 0.00000	 0.00000
505.60000	 0.00000	 0.00000
505.65000	 0.00000	 0.00000
505.70000	 0.00000	 0.00000
505.75000	 0.00000	 0.00000
505.80000	 0.00000	 0.00000
505.85000	 0.00000	 0.00000
505.90000	 0.00000	 0.00000
505.95000	 0.00000	 0.00000
506.00000	 0.00000	 0.00000
506.05000	 0.00000	 0.00000
506.10000	 0.00000	 0.00000
506.15000	 0.00000	 0.00000
506.20000	 0.00000	 0.00000
506.25000	 0.00000	 0.00000
506.30000	 0.00000	 0.00000
506.35000	 0.00000	 0.00000
506.40000	 0.00000	 0.00000
506.45000	 0.00000	 0.00000
506.50000	 0.00000	 0.00000
506.55000	 0.00000	 0.00000
506.60000	 0.00000	 0.00000
506.65000	 0.00000	 0.00000
506.70000	 0.00000	 0.00000
506.75000	 0.00000	 0.00000
506.80000	 0.00000	 0.00000
506.85000	 0.00000	 0.00000
506.90000	 0.00000	 0.00000
506.95000	 0.00000	 0.00000
507.00000	 0.00000	 0.00000
507.05000	 0.00000	 0.00000
507.10000	 0.00000	 0.00000
507.15000	 0.00000	 0.00000
507.20000	 0.00000	 0.00000
507.25000	 0.00000	 0.00000
507.30000	 0.00000	 0.00000
507.35000	 0.00000	 0.00000
507.40000	 0.00000	 0.00000
507.45000	 0.00000	 0.00000
507.50000	 0.00000	 0.00000
507.55000	 0.00000	 0.00000
507.60000	 0.00000	 0.00000
507.65000	 0.00000	 0.00000
507.70000	 0.00000	 0.00000
507.75000	 0.00000	 0.00000
507.80000	 0.00000	 0.00000
507.85000	 0.00000	 0.00000
507.90000	 0.00000	 0.00000
507.95000	 0.00000	 0.00000
508.00000	 0.00000	 0.00000
508.05000	 0.00000	 0.00000
508.10000	 0.00000	 0.00000
508.15000	 0.00000	 0.00000
508.20000	 0.00000	 0.00000
508.25000	 0.00000	 0.00000
508.30000	 0.00000	 0.00000
508.35000	 0.00000	 0.00000
508.40000	 0.00000	 0.00000
508.45000	 0.00000	 0.00000
508.50000	 0.00000	 0.00000
508.55000	 0.00000	 0.00000
508.60000	 0.00000	 0.00000
508.65000	 0.00000	 0.00000
508.70000	 0.00000	 0.00000
508.75000	 0.00000	 0.00000
508.80000	 0.00000	 0.00000
508.85000	 0.00000	 0.00000
508.90000	 0.00000	 0.00000
508.95000	 0.00000	 0.00000
509.00000	 0.00000	 0.00000
509.05000	 0.00000	 0.00000
509.10000	 0.00000	 0.00000
509.15000	 0.00000	 0.00000
509.20000	 0.00000	 0.00000
509.25000	 0.00000	 0.00000
509.30000	 0.00000	 0.00000
509.35000	 0.00000	 0.00000
509.40000	 0.00000	 0.00000
509.45000	 0.00000	 0.00000
509.50000	 0.00000	 0.00000
509.55000	 0.00000	 0.00000
509.60000	 0.00000	 0.00000
509.65000	 0.00000	 0.00000
509.70000	 0.00000	 0.00000
509.75000	 0.00000	 0.00000
509.80000	 0.00000	 0.00000
509.85000	 0.00000	 0.00000
509.90000	 0.00000	 0.00000
509.95000	 0.00000	 0.00000
510.00000	 0.00000	 0.00000
510.05000	 0.00000	 0.00000
510.10000	 0.00000	 0.00000
510.15000	 0.00000	 0.00000
510.20000	 0.00000	 0.00000
510.25000	 0.00000	 0.00000
510.30000	 0.00000	 0.00000
510.35000	 0.00000	 0.00000
510.40000	 0.00000	 0.00000
510.45000	 0.00000	 0.00000
510.50000	 0.00000	 0.00000
510.55000	 0.00000	 0.00000
510.60000	 0.00000	 0.00000
510.65000	 0.00000	 0.00000
510.70000	 0.00000	 0.00000
510.75000	 0.00000	 0.00000
510.80000	 0.00000	 0.00000
510.85000	 0.00000	 0.00000
510.90000	 0.00000	 0.00000
510.95000	 0.00000	 0.00000
511.00000	 0.00000	 0.00000
511.05000	 0.00000	 0.00000
511.10000	 0.00000	 0.00000
511.15000	 0.00000	 0.00000
511.20000	 0.00000	 0.00000
511.25000	 0.00000	 0.00000
511.30000	 0.00000	 0.00000
511.35000	 0.00000	 0.00000
511.40000	 0.00000	 0.00000
511.45000	 0.00000	 0.00000
511.50000	 0.00000	 0.00000
511.55000	 0.00000	 0.00000
511.60000	 0.00000	 0.00000
511.65000	 0.00000	 0.00000
511.70000	 0.00000	 0.00000
511.75000	 0.00000	 0.00000
511.80000	 0.00000	 0.00000
511.85000	 0.00000	 0.00000
511.90000	 0.00000	 0.00000
511.95000	 0.00000	 0.00000
512.00000	 0.00000	 0.00000
512.05000	 0.00000	 0.00000
512.10000	 0.00000	 0.00000
512.15000	 0.00000	 0.00000
512.20000	 0.00000	 0.00000
512.25000	 0.00000	 0.00000
512.30000	 0.00000	 0.00000
512.35000	 0.00000	 0.00000
512.40000	 0.00000	 0.00000
512.45000	 0.00000	 0.00000
512.50000	 0.00000	 0.00000
512.55000	 0.00000	 0.00000
512.60000	 0.00000	 0.00000
512.65000	 0.00000	 0.00000
512.70000	 0.00000	 0.00000
512.75000	 0.00000	 0.00000
512.80000	 0.00000	 0.00000
512.85000	 0.00000	 0.00000
512.90000	 0.00000	 0.00000
512.95000	 0.00000	 0.00000
513.00000	 0.00000	 0.00000
513.05000	 0.00000	 0.00000
513.10000	 0.00000	 0.00000
513.15000	 0.00000	 0.00000
513.20000	 0.00000	 0.00000
513.25000	 0.00000	 0.00000
513.30000	 0.00000	 0.00000
513.35000	 0.00000	 0.00000
513.40000	 0.00000	 0.00000
513.45000	 0.00000	 0.00000
513.50000	 0.00000	 0.00000
513.55000	 0.00000	 0.00000
513.60000	 0.00000	 0.00000
513.65000	 0.00000	 0.00000
513.70000	 0.00000	 0.00000
513.75000	 0.00000	 0.00000
513.80000	 0.00000	 0.00000
513.85000	 0.00000	 0.00000
513.90000	 0.00000	 0.00000
513.95000	 0.00000	 0.00000
514.00000	 0.00000	 0.00000
514.05000	 0.00000	 0.00000
514.10000	 0.00000	 0.00000
514.15000	 0.00000	 0.00000
514.20000	 0.00000	 0.00000
514.25000	 0.00000	 0.00000
514.30000	 0.00000	 0.00000
514.35000	 0.00000	 0.00000
514.40000	 0.00000	 0.00000
514.45000	 0.00000	 0.00000
514.50000	 0.00000	 0.00000
514.55000	 0.00000	 0.00000
514.60000	 0.00000	 0.00000
514.65000	 0.00000	 0.00000
514.70000	 0.00000	 0.00000
514.75000	 0.00000	 0.00000
514.80000	 0.00000	 0.00000
514.85000	 0.00000	 0.00000
514.90000	 0.00000	 0.00000
514.95000	 0.00000	 0.00000
515.00000	 0.00000	 0.00000
515.05000	 0.00000	 0.00000
515.10000	 0.00000	 0.00000
515.15000	 0.00000	 0.00000
515.20000	 0.00000	 0.00000
515.25000	 0.00000	 0.00000
515.30000	 0.00000	 0.00000
515.35000	 0.00000	 0.00000
515.40000	 0.00000	 0.00000
515.45000	 0.00000	 0.00000
515.50000	 0.00000	 0.00000
515.55000	 0.00000	 0.00000
515.60000	 0.00000	 0.00000
515.65000	 0.00000	 0.00000
515.70000	 0.00000	 0.00000
515.75000	 0.00000	 0.00000
515.80000	 0.00000	 0.00000
515.85000	 0.00000	 0.00000
515.90000	 0.00000	 0.00000
515.95000	 0.00000	 0.00000
516.00000	 0.00000	 0.00000
516.05000	 0.00000	 0.00000
516.10000	 0.00000	 0.00000
516.15000	 0.00000	 0.00000
516.20000	 0.00000	 0.00000
516.25000	 0.00000	 0.00000
516.30000	 0.00000	 0.00000
516.35000	 0.00000	 0.00000
516.40000	 0.00000	 0.00000
516.45000	 0.00000	 0.00000
516.50000	 0.00000	 0.00000
516.55000	 0.00000	 0.00000
516.60000	 0.00000	 0.00000
516.65000	 0.00000	 0.00000
516.70000	 0.00000	 0.00000
516.75000	 0.00000	 0.00000
516.80000	 0.00000	 0.00000
516.85000	 0.00000	 0.00000
516.90000	 0.00000	 0.00000
516.95000	 0.00000	 0.00000
517.00000	 0.00000	 0.00000
517.05000	 0.00000	 0.00000
517.10000	 0.00000	 0.00000
517.15000	 0.00000	 0.00000
517.20000	 0.00000	 0.00000
517.25000	 0.00000	 0.00000
517.30000	 0.00000	 0.00000
517.35000	 0.00000	 0.00000
517.40000	 0.00000	 0.00000
517.45000	 0.00000	 0.00000
517.50000	 0.00000	 0.00000
517.55000	 0.00000	 0.00000
517.60000	 0.00000	 0.00000
517.65000	 0.00000	 0.00000
517.70000	 0.00000	 0.00000
517.75000	 0.00000	 0.00000
517.80000	 0.00000	 0.00000
517.85000	 0.00000	 0.00000
517.90000	 0.00000	 0.00000
517.95000	 0.00000	 0.00000
518.00000	 0.00000	 0.00000
518.05000	 0.00000	 0.00000
518.10000	 0.00000	 0.00000
518.15000	 0.00000	 0.00000
518.20000	 0.00000	 0.00000
518.25000	 0.00000	 0.00000
518.30000	 0.00000	 0.00000
518.35000	 0.00000	 0.00000
518.40000	 0.00000	 0.00000
518.45000	 0.00000	 0.00000
518.50000	 0.00000	 0.00000
518.55000	 0.00000	 0.00000
518.60000	 0.00000	 0.00000
518.65000	 0.00000	 0.00000
518.70000	 0.00000	 0.00000
518.75000	 0.00000	 0.00000
518.80000	 0.00000	 0.00000
518.85000	 0.00000	 0.00000
518.90000	 0.00000	 0.00000
518.95000	 0.00000	 0.00000
519.00000	 0.00000	 0.00000
519.05000	 0.00000	 0.00000
519.10000	 0.00000	 0.00000
519.15000	 0.00000	 0.00000
519.20000	 0.00000	 0.00000
519.25000	 0.00000	 0.00000
519.30000	 0.00000	 0.00000
519.35000	 0.00000	 0.00000
519.40000	 0.00000	 0.00000
519.45000	 0.00000	 0.00000
519.50000	 0.00000	 0.00000
519.55000	 0.00000	 0.00000
519.60000	 0.00000	 0.00000
519.65000	 0.00000	 0.00000
519.70000	 0.00000	 0.00000
519.75000	 0.00000	 0.00000
519.80000	 0.00000	 0.00000
519.85000	 0.00000	 0.00000
519.90000	 0.00000	 0.00000
519.95000	 0.00000	 0.00000
520.00000	 0.00000	 0.00000
520.05000	 0.00000	 0.00000
520.10000	 0.00000	 0.00000
520.15000	 0.00000	 0.00000
520.20000	 0.00000	 0.00000
520.25000	 0.00000	 0.00000
520.30000	 0.00000	 0.00000
520.35000	 0.00000	 0.00000
520.40000	 0.00000	 0.00000
520.45000	 0.00000	 0.00000
520.50000	 0.00000	 0.00000
520.55000	 0.00000	 0.00000
520.60000	 0.00000	 0.00000
520.65000	 0.00000	 0.00000
520.70000	 0.00000	 0.00000
520.75000	 0.00000	 0.00000
520.80000	 0.00000	 0.00000
520.85000	 0.00000	 0.00000
520.90000	 0.00000	 0.00000
520.95000	 0.00000	 0.00000
521.00000	 0.00000	 0.00000
521.05000	 0.00000	 0.00000
521.10000	 0.00000	 0.00000
521.15000	 0.00000	 0.00000
521.20000	 0.00000	 0.00000
521.25000	 0.00000	 0.00000
521.30000	 0.00000	 0.00000
521.35000	 0.00000	 0.00000
521.40000	 0.00000	 0.00000
521.45000	 0.00000	 0.00000
521.50000	 0.00000	 0.00000
521.55000	 0.00000	 0.00000
521.60000	 0.00000	 0.00000
521.65000	 0.00000	 0.00000
521.70000	 0.00000	 0.00000
521.75000	 0.00000	 0.00000
521.80000	 0.00000	 0.00000
521.85000	 0.00000	 0.00000
521.90000	 0.00000	 0.00000
521.95000	 0.00000	 0.00000
522.00000	 0.00000	 0.00000
522.05000	 0.00000	 0.00000
522.10000	 0.00000	 0.00000
522.15000	 0.00000	 0.00000
522.20000	 0.00000	 0.00000
522.25000	 0.00000	 0.00000
522.30000	 0.00000	 0.00000
522.35000	 0.00000	 0.00000
522.40000	 0.00000	 0.00000
522.45000	 0.00000	 0.00000
522.50000	 0.00000	 0.00000
522.55000	 0.00000	 0.00000
522.60000	 0.00000	 0.00000
522.65000	 0.00000	 0.00000
522.70000	 0.00000	 0.00000
522.75000	 0.00000	 0.00000
522.80000	 0.00000	 0.00000
522.85000	 0.00000	 0.00000
522.90000	 0.00000	 0.00000
522.95000	 0.00000	 0.00000
523.00000	 0.00000	 0.00000
523.05000	 0.00000	 0.00000
523.10000	 0.00000	 0.00000
523.15000	 0.00000	 0.00000
523.20000	 0.00000	 0.00000
523.25000	 0.00000	 0.00000
523.30000	 0.00000	 0.00000
523.35000	 0.00000	 0.00000
523.40000	 0.00000	 0.00000
523.45000	 0.00000	 0.00000
523.50000	 0.00000	 0.00000
523.55000	 0.00000	 0.00000
523.60000	 0.00000	 0.00000
523.65000	 0.00000	 0.00000
523.70000	 0.00000	 0.00000
523.75000	 0.00000	 0.00000
523.80000	 0.00000	 0.00000
523.85000	 0.00000	 0.00000
523.90000	 0.00000	 0.00000
523.95000	 0.00000	 0.00000
524.00000	 0.00000	 0.00000
524.05000	 0.00000	 0.00000
524.10000	 0.00000	 0.00000
524.15000	 0.00000	 0.00000
524.20000	 0.00000	 0.00000
524.25000	 0.00000	 0.00000
524.30000	 0.00000	 0.00000
524.35000	 0.00000	 0.00000
524.40000	 0.00000	 0.00000
524.45000	 0.00000	 0.00000
524.50000	 0.00000	 0.00000
524.55000	 0.00000	 0.00000
524.60000	 0.00000	 0.00000
524.65000	 0.00000	 0.00000
524.70000	 0.00000	 0.00000
524.75000	 0.00000	 0.00000
524.80000	 0.00000	 0.00000
524.85000	 0.00000	 0.00000
524.90000	 0.00000	 0.00000
524.95000	 0.00000	 0.00000
525.00000	 0.00000	 0.00000
525.05000	 0.00000	 0.00000
525.10000	 0.00000	 0.00000
525.15000	 0.00000	 0.00000
525.20000	 0.00000	 0.00000
525.25000	 0.00000	 0.00000
525.30000	 0.00000	 0.00000
525.35000	 0.00000	 0.00000
525.40000	 0.00000	 0.00000
525.45000	 0.00000	 0.00000
525.50000	 0.00000	 0.00000
525.55000	 0.00000	 0.00000
525.60000	 0.00000	 0.00000
525.65000	 0.00000	 0.00000
525.70000	 0.00000	 0.00000
525.75000	 0.00000	 0.00000
525.80000	 0.00000	 0.00000
525.85000	 0.00000	 0.00000
525.90000	 0.00000	 0.00000
525.95000	 0.00000	 0.00000
526.00000	 0.00000	 0.00000
526.05000	 0.00000	 0.00000
526.10000	 0.00000	 0.00000
526.15000	 0.00000	 0.00000
526.20000	 0.00000	 0.00000
526.25000	 0.00000	 0.00000
526.30000	 0.00000	 0.00000
526.35000	 0.00000	 0.00000
526.40000	 0.00000	 0.00000
526.45000	 0.00000	 0.00000
526.50000	 0.00000	 0.00000
526.55000	 0.00000	 0.00000
526.60000	 0.00000	 0.00000
526.65000	 0.00000	 0.00000
526.70000	 0.00000	 0.00000
526.75000	 0.00000	 0.00000
526.80000	 0.00000	 0.00000
526.85000	 0.00000	 0.00000
526.90000	 0.00000	 0.00000
526.95000	 0.00000	 0.00000
527.00000	 0.00000	 0.00000
527.05000	 0.00000	 0.00000
527.10000	 0.00000	 0.00000
527.15000	 0.00000	 0.00000
527.20000	 0.00000	 0.00000
527.25000	 0.00000	 0.00000
527.30000	 0.00000	 0.00000
527.35000	 0.00000	 0.00000
527.40000	 0.00000	 0.00000
527.45000	 0.00000	 0.00000
527.50000	 0.00000	 0.00000
527.55000	 0.00000	 0.00000
527.60000	 0.00000	 0.00000
527.65000	 0.00000	 0.00000
527.70000	 0.00000	 0.00000
527.75000	 0.00000	 0.00000
527.80000	 0.00000	 0.00000
527.85000	 0.00000	 0.00000
527.90000	 0.00000	 0.00000
527.95000	 0.00000	 0.00000
528.00000	 0.00000	 0.00000
528.05000	 0.00000	 0.00000
528.10000	 0.00000	 0.00000
528.15000	 0.00000	 0.00000
528.20000	 0.00000	 0.00000
528.25000	 0.00000	 0.00000
528.30000	 0.00000	 0.00000
528.35000	 0.00000	 0.00000
528.40000	 0.00000	 0.00000
528.45000	 0.00000	 0.00000
528.50000	 0.00000	 0.00000
528.55000	 0.00000	 0.00000
528.60000	 0.00000	 0.00000
528.65000	 0.00000	 0.00000
528.70000	 0.00000	 0.00000
528.75000	 0.00000	 0.00000
528.80000	 0.00000	 0.00000
528.85000	 0.00000	 0.00000
528.90000	 0.00000	 0.00000
528.95000	 0.00000	 0.00000
529.00000	 0.00000	 0.00000
529.05000	 0.00000	 0.00000
529.10000	 0.00000	 0.00000
529.15000	 0.00000	 0.00000
529.20000	 0.00000	 0.00000
529.25000	 0.00000	 0.00000
529.30000	 0.00000	 0.00000
529.35000	 0.00000	 0.00000
529.40000	 0.00000	 0.00000
529.45000	 0.00000	 0.00000
529.50000	 0.00000	 0.00000
529.55000	 0.00000	 0.00000
529.60000	 0.00000	 0.00000
529.65000	 0.00000	 0.00000
529.70000	 0.00000	 0.00000
529.75000	 0.00000	 0.00000
529.80000	 0.00000	 0.00000
529.85000	 0.00000	 0.00000
529.90000	 0.00000	 0.00000
529.95000	 0.00000	 0.00000
530.00000	 0.00000	 0.00000
530.05000	 0.00000	 0.00000
530.10000	 0.00000	 0.00000
530.15000	 0.00000	 0.00000
530.20000	 0.00000	 0.00000
530.25000	 0.00000	 0.00000
530.30000	 0.00000	 0.00000
530.35000	 0.00000	 0.00000
530.40000	 0.00000	 0.00000
530.45000	 0.00000	 0.00000
530.50000	 0.00000	 0.00000
530.55000	 0.00000	 0.00000
530.60000	 0.00000	 0.00000
530.65000	 0.00000	 0.00000
530.70000	 0.00000	 0.00000
530.75000	 0.00000	 0.00000
530.80000	 0.00000	 0.00000
530.85000	 0.00000	 0.00000
530.90000	 0.00000	 0.00000
530.95000	 0.00000	 0.00000
531.00000	 0.00000	 0.00000
531.05000	 0.00000	 0.00000
531.10000	 0.00000	 0.00000
531.15000	 0.00000	 0.00000
531.20000	 0.00000	 0.00000
531.25000	 0.00000	 0.00000
531.30000	 0.00000	 0.00000
531.35000	 0.00000	 0.00000
531.40000	 0.00000	 0.00000
531.45000	 0.00000	 0.00000
531.50000	 0.00000	 0.00000
531.55000	 0.00000	 0.00000
531.60000	 0.00000	 0.00000
531.65000	 0.00000	 0.00000
531.70000	 0.00000	 0.00000
531.75000	 0.00000	 0.00000
531.80000	 0.00000	 0.00000
531.85000	 0.00000	 0.00000
531.90000	 0.00000	 0.00000
531.95000	 0.00000	 0.00000
532.00000	 0.00000	 0.00000
532.05000	 0.00000	 0.00000
532.10000	 0.00000	 0.00000
532.15000	 0.00000	 0.00000
532.20000	 0.00000	 0.00000
532.25000	 0.00000	 0.00000
532.30000	 0.00000	 0.00000
532.35000	 0.00000	 0.00000
532.40000	 0.00000	 0.00000
532.45000	 0.00000	 0.00000
532.50000	 0.00000	 0.00000
532.55000	 0.00000	 0.00000
532.60000	 0.00000	 0.00000
532.65000	 0.00000	 0.00000
532.70000	 0.00000	 0.00000
532.75000	 0.00000	 0.00000
532.80000	 0.00000	 0.00000
532.85000	 0.00000	 0.00000
532.90000	 0.00000	 0.00000
532.95000	 0.00000	 0.00000
533.00000	 0.00000	 0.00000
533.05000	 0.00000	 0.00000
533.10000	 0.00000	 0.00000
533.15000	 0.00000	 0.00000
533.20000	 0.00000	 0.00000
533.25000	 0.00000	 0.00000
533.30000	 0.00000	 0.00000
533.35000	 0.00000	 0.00000
533.40000	 0.00000	 0.00000
533.45000	 0.00000	 0.00000
533.50000	 0.00000	 0.00000
533.55000	 0.00000	 0.00000
533.60000	 0.00000	 0.00000
533.65000	 0.00000	 0.00000
533.70000	 0.00000	 0.00000
533.75000	 0.00000	 0.00000
533.80000	 0.00000	 0.00000
533.85000	 0.00000	 0.00000
533.90000	 0.00000	 0.00000
533.95000	 0.00000	 0.00000
534.00000	 0.00000	 0.00000
534.05000	 0.00000	 0.00000
534.10000	 0.00000	 0.00000
534.15000	 0.00000	 0.00000
534.20000	 0.00000	 0.00000
534.25000	 0.00000	 0.00000
534.30000	 0.00000	 0.00000
534.35000	 0.00000	 0.00000
534.40000	 0.00000	 0.00000
534.45000	 0.00000	 0.00000
534.50000	 0.00000	 0.00000
534.55000	 0.00000	 0.00000
534.60000	 0.00000	 0.00000
534.65000	 0.00000	 0.00000
534.70000	 0.00000	 0.00000
534.75000	 0.00000	 0.00000
534.80000	 0.00000	 0.00000
534.85000	 0.00000	 0.00000
534.90000	 0.00000	 0.00000
534.95000	 0.00000	 0.00000
535.00000	 0.00000	 0.00000
535.05000	 0.00000	 0.00000
535.10000	 0.00000	 0.00000
535.15000	 0.00000	 0.00000
535.20000	 0.00000	 0.00000
535.25000	 0.00000	 0.00000
535.30000	 0.00000	 0.00000
535.35000	 0.00000	 0.00000
535.40000	 0.00000	 0.00000
535.45000	 0.00000	 0.00000
535.50000	 0.00000	 0.00000
535.55000	 0.00000	 0.00000
535.60000	 0.00000	 0.00000
535.65000	 0.00000	 0.00000
535.70000	 0.00000	 0.00000
535.75000	 0.00000	 0.00000
535.80000	 0.00000	 0.00000
535.85000	 0.00000	 0.00000
535.90000	 0.00000	 0.00000
535.95000	 0.00000	 0.00000
536.00000	 0.00000	 0.00000
536.05000	 0.00000	 0.00000
536.10000	 0.00000	 0.00000
536.15000	 0.00000	 0.00000
536.20000	 0.00000	 0.00000
536.25000	 0.00000	 0.00000
536.30000	 0.00000	 0.00000
536.35000	 0.00000	 0.00000
536.40000	 0.00000	 0.00000
536.45000	 0.00000	 0.00000
536.50000	 0.00000	 0.00000
536.55000	 0.00000	 0.00000
536.60000	 0.00000	 0.00000
536.65000	 0.00000	 0.00000
536.70000	 0.00000	 0.00000
536.75000	 0.00000	 0.00000
536.80000	 0.00000	 0.00000
536.85000	 0.00000	 0.00000
536.90000	 0.00000	 0.00000
536.95000	 0.00000	 0.00000
537.00000	 0.00000	 0.00000
537.05000	 0.00000	 0.00000
537.10000	 0.00000	 0.00000
537.15000	 0.00000	 0.00000
537.20000	 0.00000	 0.00000
537.25000	 0.00000	 0.00000
537.30000	 0.00000	 0.00000
537.35000	 0.00000	 0.00000
537.40000	 0.00000	 0.00000
537.45000	 0.00000	 0.00000
537.50000	 0.00000	 0.00000
537.55000	 0.00000	 0.00000
537.60000	 0.00000	 0.00000
537.65000	 0.00000	 0.00000
537.70000	 0.00000	 0.00000
537.75000	 0.00000	 0.00000
537.80000	 0.00000	 0.00000
537.85000	 0.00000	 0.00000
537.90000	 0.00000	 0.00000
537.95000	 0.00000	 0.00000
538.00000	 0.00000	 0.00000
538.05000	 0.00000	 0.00000
538.10000	 0.00000	 0.00000
538.15000	 0.00000	 0.00000
538.20000	 0.00000	 0.00000
538.25000	 0.00000	 0.00000
538.30000	 0.00000	 0.00000
538.35000	 0.00000	 0.00000
538.40000	 0.00000	 0.00000
538.45000	 0.00000	 0.00000
538.50000	 0.00000	 0.00000
538.55000	 0.00000	 0.00000
538.60000	 0.00000	 0.00000
538.65000	 0.00000	 0.00000
538.70000	 0.00000	 0.00000
538.75000	 0.00000	 0.00000
538.80000	 0.00000	 0.00000
538.85000	 0.00000	 0.00000
538.90000	 0.00000	 0.00000
538.95000	 0.00000	 0.00000
539.00000	 0.00000	 0.00000
539.05000	 0.00000	 0.00000
539.10000	 0.00000	 0.00000
539.15000	 0.00000	 0.00000
539.20000	 0.00000	 0.00000
539.25000	 0.00000	 0.00000
539.30000	 0.00000	 0.00000
539.35000	 0.00000	 0.00000
539.40000	 0.00000	 0.00000
539.45000	 0.00000	 0.00000
539.50000	 0.00000	 0.00000
539.55000	 0.00000	 0.00000
539.60000	 0.00000	 0.00000
539.65000	 0.00000	 0.00000
539.70000	 0.00000	 0.00000
539.75000	 0.00000	 0.00000
539.80000	 0.00000	 0.00000
539.85000	 0.00000	 0.00000
539.90000	 0.00000	 0.00000
539.95000	 0.00000	 0.00000
540.00000	 0.00000	 0.00000
540.05000	 0.00000	 0.00000
540.10000	 0.00000	 0.00000
540.15000	 0.00000	 0.00000
540.20000	 0.00000	 0.00000
540.25000	 0.00000	 0.00000
540.30000	 0.00000	 0.00000
540.35000	 0.00000	 0.00000
540.40000	 0.00000	 0.00000
540.45000	 0.00000	 0.00000
540.50000	 0.00000	 0.00000
540.55000	 0.00000	 0.00000
540.60000	 0.00000	 0.00000
540.65000	 0.00000	 0.00000
540.70000	 0.00000	 0.00000
540.75000	 0.00000	 0.00000
540.80000	 0.00000	 0.00000
540.85000	 0.00000	 0.00000
540.90000	 0.00000	 0.00000
540.95000	 0.00000	 0.00000
541.00000	 0.00000	 0.00000
541.05000	 0.00000	 0.00000
541.10000	 0.00000	 0.00000
541.15000	 0.00000	 0.00000
541.20000	 0.00000	 0.00000
541.25000	 0.00000	 0.00000
541.30000	 0.00000	 0.00000
541.35000	 0.00000	 0.00000
541.40000	 0.00000	 0.00000
541.45000	 0.00000	 0.00000
541.50000	 0.00000	 0.00000
541.55000	 0.00000	 0.00000
541.60000	 0.00000	 0.00000
541.65000	 0.00000	 0.00000
541.70000	 0.00000	 0.00000
541.75000	 0.00000	 0.00000
541.80000	 0.00000	 0.00000
541.85000	 0.00000	 0.00000
541.90000	 0.00000	 0.00000
541.95000	 0.00000	 0.00000
542.00000	 0.00000	 0.00000
542.05000	 0.00000	 0.00000
542.10000	 0.00000	 0.00000
542.15000	 0.00000	 0.00000
542.20000	 0.00000	 0.00000
542.25000	 0.00000	 0.00000
542.30000	 0.00000	 0.00000
542.35000	 0.00000	 0.00000
542.40000	 0.00000	 0.00000
542.45000	 0.00000	 0.00000
542.50000	 0.00000	 0.00000
542.55000	 0.00000	 0.00000
542.60000	 0.00000	 0.00000
542.65000	 0.00000	 0.00000
542.70000	 0.00000	 0.00000
542.75000	 0.00000	 0.00000
542.80000	 0.00000	 0.00000
542.85000	 0.00000	 0.00000
542.90000	 0.00000	 0.00000
542.95000	 0.00000	 0.00000
543.00000	 0.00000	 0.00000
543.05000	 0.00000	 0.00000
543.10000	 0.00000	 0.00000
543.15000	 0.00000	 0.00000
543.20000	 0.00000	 0.00000
543.25000	 0.00000	 0.00000
543.30000	 0.00000	 0.00000
543.35000	 0.00000	 0.00000
543.40000	 0.00000	 0.00000
543.45000	 0.00000	 0.00000
543.50000	 0.00000	 0.00000
543.55000	 0.00000	 0.00000
543.60000	 0.00000	 0.00000
543.65000	 0.00000	 0.00000
543.70000	 0.00000	 0.00000
543.75000	 0.00000	 0.00000
543.80000	 0.00000	 0.00000
543.85000	 0.00000	 0.00000
543.90000	 0.00000	 0.00000
543.95000	 0.00000	 0.00000
544.00000	 0.00000	 0.00000
544.05000	 0.00000	 0.00000
544.10000	 0.00000	 0.00000
544.15000	 0.00000	 0.00000
544.20000	 0.00000	 0.00000
544.25000	 0.00000	 0.00000
544.30000	 0.00000	 0.00000
544.35000	 0.00000	 0.00000
544.40000	 0.00000	 0.00000
544.45000	 0.00000	 0.00000
544.50000	 0.00000	 0.00000
544.55000	 0.00000	 0.00000
544.60000	 0.00000	 0.00000
544.65000	 0.00000	 0.00000
544.70000	 0.00000	 0.00000
544.75000	 0.00000	 0.00000
544.80000	 0.00000	 0.00000
544.85000	 0.00000	 0.00000
544.90000	 0.00000	 0.00000
544.95000	 0.00000	 0.00000
545.00000	 0.00000	 0.00000
545.05000	 0.00000	 0.00000
545.10000	 0.00000	 0.00000
545.15000	 0.00000	 0.00000
545.20000	 0.00000	 0.00000
545.25000	 0.00000	 0.00000
545.30000	 0.00000	 0.00000
545.35000	 0.00000	 0.00000
545.40000	 0.00000	 0.00000
545.45000	 0.00000	 0.00000
545.50000	 0.00000	 0.00000
545.55000	 0.00000	 0.00000
545.60000	 0.00000	 0.00000
545.65000	 0.00000	 0.00000
545.70000	 0.00000	 0.00000
545.75000	 0.00000	 0.00000
545.80000	 0.00000	 0.00000
545.85000	 0.00000	 0.00000
545.90000	 0.00000	 0.00000
545.95000	 0.00000	 0.00000
546.00000	 0.00000	 0.00000
546.05000	 0.00000	 0.00000
546.10000	 0.00000	 0.00000
546.15000	 0.00000	 0.00000
546.20000	 0.00000	 0.00000
546.25000	 0.00000	 0.00000
546.30000	 0.00000	 0.00000
546.35000	 0.00000	 0.00000
546.40000	 0.00000	 0.00000
546.45000	 0.00000	 0.00000
546.50000	 0.00000	 0.00000
546.55000	 0.00000	 0.00000
546.60000	 0.00000	 0.00000
546.65000	 0.00000	 0.00000
546.70000	 0.00000	 0.00000
546.75000	 0.00000	 0.00000
546.80000	 0.00000	 0.00000
546.85000	 0.00000	 0.00000
546.90000	 0.00000	 0.00000
546.95000	 0.00000	 0.00000
547.00000	 0.00000	 0.00000
547.05000	 0.00000	 0.00000
547.10000	 0.00000	 0.00000
547.15000	 0.00000	 0.00000
547.20000	 0.00000	 0.00000
547.25000	 0.00000	 0.00000
547.30000	 0.00000	 0.00000
547.35000	 0.00000	 0.00000
547.40000	 0.00000	 0.00000
547.45000	 0.00000	 0.00000
547.50000	 0.00000	 0.00000
547.55000	 0.00000	 0.00000
547.60000	 0.00000	 0.00000
547.65000	 0.00000	 0.00000
547.70000	 0.00000	 0.00000
547.75000	 0.00000	 0.00000
547.80000	 0.00000	 0.00000
547.85000	 0.00000	 0.00000
547.90000	 0.00000	 0.00000
547.95000	 0.00000	 0.00000
548.00000	 0.00000	 0.00000
548.05000	 0.00000	 0.00000
548.10000	 0.00000	 0.00000
548.15000	 0.00000	 0.00000
548.20000	 0.00000	 0.00000
548.25000	 0.00000	 0.00000
548.30000	 0.00000	 0.00000
548.35000	 0.00000	 0.00000
548.40000	 0.00000	 0.00000
548.45000	 0.00000	 0.00000
548.50000	 0.00000	 0.00000
548.55000	 0.00000	 0.00000
548.60000	 0.00000	 0.00000
548.65000	 0.00000	 0.00000
548.70000	 0.00000	 0.00000
548.75000	 0.00000	 0.00000
548.80000	 0.00000	 0.00000
548.85000	 0.00000	 0.00000
548.90000	 0.00000	 0.00000
548.95000	 0.00000	 0.00000
549.00000	 0.00000	 0.00000
549.05000	 0.00000	 0.00000
549.10000	 0.00000	 0.00000
549.15000	 0.00000	 0.00000
549.20000	 0.00000	 0.00000
549.25000	 0.00000	 0.00000
549.30000	 0.00000	 0.00000
549.35000	 0.00000	 0.00000
549.40000	 0.00000	 0.00000
549.45000	 0.00000	 0.00000
549.50000	 0.00000	 0.00000
549.55000	 0.00000	 0.00000
549.60000	 0.00000	 0.00000
549.65000	 0.00000	 0.00000
549.70000	 0.00000	 0.00000
549.75000	 0.00000	 0.00000
549.80000	 0.00000	 0.00000
549.85000	 0.00000	 0.00000
549.90000	 0.00000	 0.00000
549.95000	 0.00000	 0.00000
550.00000	 0.00000	 0.00000
550.05000	 0.00000	 0.00000
550.10000	 0.00000	 0.00000
550.15000	 0.00000	 0.00000
550.20000	 0.00000	 0.00000
550.25000	 0.00000	 0.00000
550.30000	 0.00000	 0.00000
550.35000	 0.00000	 0.00000
550.40000	 0.00000	 0.00000
550.45000	 0.00000	 0.00000
550.50000	 0.00000	 0.00000
550.55000	 0.00000	 0.00000
550.60000	 0.00000	 0.00000
550.65000	 0.00000	 0.00000
550.70000	 0.00000	 0.00000
550.75000	 0.00000	 0.00000
550.80000	 0.00000	 0.00000
550.85000	 0.00000	 0.00000
550.90000	 0.00000	 0.00000
550.95000	 0.00000	 0.00000
551.00000	 0.00000	 0.00000
551.05000	 0.00000	 0.00000
551.10000	 0.00000	 0.00000
551.15000	 0.00000	 0.00000
551.20000	 0.00000	 0.00000
551.25000	 0.00000	 0.00000
551.30000	 0.00000	 0.00000
551.35000	 0.00000	 0.00000
551.40000	 0.00000	 0.00000
551.45000	 0.00000	 0.00000
551.50000	 0.00000	 0.00000
551.55000	 0.00000	 0.00000
551.60000	 0.00000	 0.00000
551.65000	 0.00000	 0.00000
551.70000	 0.00000	 0.00000
551.75000	 0.00000	 0.00000
551.80000	 0.00000	 0.00000
551.85000	 0.00000	 0.00000
551.90000	 0.00000	 0.00000
551.95000	 0.00000	 0.00000
552.00000	 0.00000	 0.00000
552.05000	 0.00000	 0.00000
552.10000	 0.00000	 0.00000
552.15000	 0.00000	 0.00000
552.20000	 0.00000	 0.00000
552.25000	 0.00000	 0.00000
552.30000	 0.00000	 0.00000
552.35000	 0.00000	 0.00000
552.40000	 0.00000	 0.00000
552.45000	 0.00000	 0.00000
552.50000	 0.00000	 0.00000
552.55000	 0.00000	 0.00000
552.60000	 0.00000	 0.00000
552.65000	 0.00000	 0.00000
552.70000	 0.00000	 0.00000
552.75000	 0.00000	 0.00000
552.80000	 0.00000	 0.00000
552.85000	 0.00000	 0.00000
552.90000	 0.00000	 0.00000
552.95000	 0.00000	 0.00000
553.00000	 0.00000	 0.00000
553.05000	 0.00000	 0.00000
553.10000	 0.00000	 0.00000
553.15000	 0.00000	 0.00000
553.20000	 0.00000	 0.00000
553.25000	 0.00000	 0.00000
553.30000	 0.00000	 0.00000
553.35000	 0.00000	 0.00000
553.40000	 0.00000	 0.00000
553.45000	 0.00000	 0.00000
553.50000	 0.00000	 0.00000
553.55000	 0.00000	 0.00000
553.60000	 0.00000	 0.00000
553.65000	 0.00000	 0.00000
553.70000	 0.00000	 0.00000
553.75000	 0.00000	 0.00000
553.80000	 0.00000	 0.00000
553.85000	 0.00000	 0.00000
553.90000	 0.00000	 0.00000
553.95000	 0.00000	 0.00000
554.00000	 0.00000	 0.00000
554.05000	 0.00000	 0.00000
554.10000	 0.00000	 0.00000
554.15000	 0.00000	 0.00000
554.20000	 0.00000	 0.00000
554.25000	 0.00000	 0.00000
554.30000	 0.00000	 0.00000
554.35000	 0.00000	 0.00000
554.40000	 0.00000	 0.00000
554.45000	 0.00000	 0.00000
554.50000	 0.00000	 0.00000
554.55000	 0.00000	 0.00000
554.60000	 0.00000	 0.00000
554.65000	 0.00000	 0.00000
554.70000	 0.00000	 0.00000
554.75000	 0.00000	 0.00000
554.80000	 0.00000	 0.00000
554.85000	 0.00000	 0.00000
554.90000	 0.00000	 0.00000
554.95000	 0.00000	 0.00000
555.00000	 0.00000	 0.00000
555.05000	 0.00000	 0.00000
555.10000	 0.00000	 0.00000
555.15000	 0.00000	 0.00000
555.20000	 0.00000	 0.00000
555.25000	 0.00000	 0.00000
555.30000	 0.00000	 0.00000
555.35000	 0.00000	 0.00000
555.40000	 0.00000	 0.00000
555.45000	 0.00000	 0.00000
555.50000	 0.00000	 0.00000
555.55000	 0.00000	 0.00000
555.60000	 0.00000	 0.00000
555.65000	 0.00000	 0.00000
555.70000	 0.00000	 0.00000
555.75000	 0.00000	 0.00000
555.80000	 0.00000	 0.00000
555.85000	 0.00000	 0.00000
555.90000	 0.00000	 0.00000
555.95000	 0.00000	 0.00000
556.00000	 0.00000	 0.00000
556.05000	 0.00000	 0.00000
556.10000	 0.00000	 0.00000
556.15000	 0.00000	 0.00000
556.20000	 0.00000	 0.00000
556.25000	 0.00000	 0.00000
556.30000	 0.00000	 0.00000
556.35000	 0.00000	 0.00000
556.40000	 0.00000	 0.00000
556.45000	 0.00000	 0.00000
556.50000	 0.00000	 0.00000
556.55000	 0.00000	 0.00000
556.60000	 0.00000	 0.00000
556.65000	 0.00000	 0.00000
556.70000	 0.00000	 0.00000
556.75000	 0.00000	 0.00000
556.80000	 0.00000	 0.00000
556.85000	 0.00000	 0.00000
556.90000	 0.00000	 0.00000
556.95000	 0.00000	 0.00000
557.00000	 0.00000	 0.00000
557.05000	 0.00000	 0.00000
557.10000	 0.00000	 0.00000
557.15000	 0.00000	 0.00000
557.20000	 0.00000	 0.00000
557.25000	 0.00000	 0.00000
557.30000	 0.00000	 0.00000
557.35000	 0.00000	 0.00000
557.40000	 0.00000	 0.00000
557.45000	 0.00000	 0.00000
557.50000	 0.00000	 0.00000
557.55000	 0.00000	 0.00000
557.60000	 0.00000	 0.00000
557.65000	 0.00000	 0.00000
557.70000	 0.00000	 0.00000
557.75000	 0.00000	 0.00000
557.80000	 0.00000	 0.00000
557.85000	 0.00000	 0.00000
557.90000	 0.00000	 0.00000
557.95000	 0.00000	 0.00000
558.00000	 0.00000	 0.00000
558.05000	 0.00000	 0.00000
558.10000	 0.00000	 0.00000
558.15000	 0.00000	 0.00000
558.20000	 0.00000	 0.00000
558.25000	 0.00000	 0.00000
558.30000	 0.00000	 0.00000
558.35000	 0.00000	 0.00000
558.40000	 0.00000	 0.00000
558.45000	 0.00000	 0.00000
558.50000	 0.00000	 0.00000
558.55000	 0.00000	 0.00000
558.60000	 0.00000	 0.00000
558.65000	 0.00000	 0.00000
558.70000	 0.00000	 0.00000
558.75000	 0.00000	 0.00000
558.80000	 0.00000	 0.00000
558.85000	 0.00000	 0.00000
558.90000	 0.00000	 0.00000
558.95000	 0.00000	 0.00000
559.00000	 0.00000	 0.00000
559.05000	 0.00000	 0.00000
559.10000	 0.00000	 0.00000
559.15000	 0.00000	 0.00000
559.20000	 0.00000	 0.00000
559.25000	 0.00000	 0.00000
559.30000	 0.00000	 0.00000
559.35000	 0.00000	 0.00000
559.40000	 0.00000	 0.00000
559.45000	 0.00000	 0.00000
559.50000	 0.00000	 0.00000
559.55000	 0.00000	 0.00000
559.60000	 0.00000	 0.00000
559.65000	 0.00000	 0.00000
559.70000	 0.00000	 0.00000
559.75000	 0.00000	 0.00000
559.80000	 0.00000	 0.00000
559.85000	 0.00000	 0.00000
559.90000	 0.00000	 0.00000
559.95000	 0.00000	 0.00000
560.00000	 0.00000	 0.00000
560.05000	 0.00000	 0.00000
560.10000	 0.00000	 0.00000
560.15000	 0.00000	 0.00000
560.20000	 0.00000	 0.00000
560.25000	 0.00000	 0.00000
560.30000	 0.00000	 0.00000
560.35000	 0.00000	 0.00000
560.40000	 0.00000	 0.00000
560.45000	 0.00000	 0.00000
560.50000	 0.00000	 0.00000
560.55000	 0.00000	 0.00000
560.60000	 0.00000	 0.00000
560.65000	 0.00000	 0.00000
560.70000	 0.00000	 0.00000
560.75000	 0.00000	 0.00000
560.80000	 0.00000	 0.00000
560.85000	 0.00000	 0.00000
560.90000	 0.00000	 0.00000
560.95000	 0.00000	 0.00000
561.00000	 0.00000	 0.00000
561.05000	 0.00000	 0.00000
561.10000	 0.00000	 0.00000
561.15000	 0.00000	 0.00000
561.20000	 0.00000	 0.00000
561.25000	 0.00000	 0.00000
561.30000	 0.00000	 0.00000
561.35000	 0.00000	 0.00000
561.40000	 0.00000	 0.00000
561.45000	 0.00000	 0.00000
561.50000	 0.00000	 0.00000
561.55000	 0.00000	 0.00000
561.60000	 0.00000	 0.00000
561.65000	 0.00000	 0.00000
561.70000	 0.00000	 0.00000
561.75000	 0.00000	 0.00000
561.80000	 0.00000	 0.00000
561.85000	 0.00000	 0.00000
561.90000	 0.00000	 0.00000
561.95000	 0.00000	 0.00000
562.00000	 0.00000	 0.00000
562.05000	 0.00000	 0.00000
562.10000	 0.00000	 0.00000
562.15000	 0.00000	 0.00000
562.20000	 0.00000	 0.00000
562.25000	 0.00000	 0.00000
562.30000	 0.00000	 0.00000
562.35000	 0.00000	 0.00000
562.40000	 0.00000	 0.00000
562.45000	 0.00000	 0.00000
562.50000	 0.00000	 0.00000
562.55000	 0.00000	 0.00000
562.60000	 0.00000	 0.00000
562.65000	 0.00000	 0.00000
562.70000	 0.00000	 0.00000
562.75000	 0.00000	 0.00000
562.80000	 0.00000	 0.00000
562.85000	 0.00000	 0.00000
562.90000	 0.00000	 0.00000
562.95000	 0.00000	 0.00000
563.00000	 0.00000	 0.00000
563.05000	 0.00000	 0.00000
563.10000	 0.00000	 0.00000
563.15000	 0.00000	 0.00000
563.20000	 0.00000	 0.00000
563.25000	 0.00000	 0.00000
563.30000	 0.00000	 0.00000
563.35000	 0.00000	 0.00000
563.40000	 0.00000	 0.00000
563.45000	 0.00000	 0.00000
563.50000	 0.00000	 0.00000
563.55000	 0.00000	 0.00000
563.60000	 0.00000	 0.00000
563.65000	 0.00000	 0.00000
563.70000	 0.00000	 0.00000
563.75000	 0.00000	 0.00000
563.80000	 0.00000	 0.00000
563.85000	 0.00000	 0.00000
563.90000	 0.00000	 0.00000
563.95000	 0.00000	 0.00000
564.00000	 0.00000	 0.00000
564.05000	 0.00000	 0.00000
564.10000	 0.00000	 0.00000
564.15000	 0.00000	 0.00000
564.20000	 0.00000	 0.00000
564.25000	 0.00000	 0.00000
564.30000	 0.00000	 0.00000
564.35000	 0.00000	 0.00000
564.40000	 0.00000	 0.00000
564.45000	 0.00000	 0.00000
564.50000	 0.00000	 0.00000
564.55000	 0.00000	 0.00000
564.60000	 0.00000	 0.00000
564.65000	 0.00000	 0.00000
564.70000	 0.00000	 0.00000
564.75000	 0.00000	 0.00000
564.80000	 0.00000	 0.00000
564.85000	 0.00000	 0.00000
564.90000	 0.00000	 0.00000
564.95000	 0.00000	 0.00000
565.00000	 0.00000	 0.00000
565.05000	 0.00000	 0.00000
565.10000	 0.00000	 0.00000
565.15000	 0.00000	 0.00000
565.20000	 0.00000	 0.00000
565.25000	 0.00000	 0.00000
565.30000	 0.00000	 0.00000
565.35000	 0.00000	 0.00000
565.40000	 0.00000	 0.00000
565.45000	 0.00000	 0.00000
565.50000	 0.00000	 0.00000
565.55000	 0.00000	 0.00000
565.60000	 0.00000	 0.00000
565.65000	 0.00000	 0.00000
565.70000	 0.00000	 0.00000
565.75000	 0.00000	 0.00000
565.80000	 0.00000	 0.00000
565.85000	 0.00000	 0.00000
565.90000	 0.00000	 0.00000
565.95000	 0.00000	 0.00000
566.00000	 0.00000	 0.00000
566.05000	 0.00000	 0.00000
566.10000	 0.00000	 0.00000
566.15000	 0.00000	 0.00000
566.20000	 0.00000	 0.00000
566.25000	 0.00000	 0.00000
566.30000	 0.00000	 0.00000
566.35000	 0.00000	 0.00000
566.40000	 0.00000	 0.00000
566.45000	 0.00000	 0.00000
566.50000	 0.00000	 0.00000
566.55000	 0.00000	 0.00000
566.60000	 0.00000	 0.00000
566.65000	 0.00000	 0.00000
566.70000	 0.00000	 0.00000
566.75000	 0.00000	 0.00000
566.80000	 0.00000	 0.00000
566.85000	 0.00000	 0.00000
566.90000	 0.00000	 0.00000
566.95000	 0.00000	 0.00000
567.00000	 0.00000	 0.00000
567.05000	 0.00000	 0.00000
567.10000	 0.00000	 0.00000
567.15000	 0.00000	 0.00000
567.20000	 0.00000	 0.00000
567.25000	 0.00000	 0.00000
567.30000	 0.00000	 0.00000
567.35000	 0.00000	 0.00000
567.40000	 0.00000	 0.00000
567.45000	 0.00000	 0.00000
567.50000	 0.00000	 0.00000
567.55000	 0.00000	 0.00000
567.60000	 0.00000	 0.00000
567.65000	 0.00000	 0.00000
567.70000	 0.00000	 0.00000
567.75000	 0.00000	 0.00000
567.80000	 0.00000	 0.00000
567.85000	 0.00000	 0.00000
567.90000	 0.00000	 0.00000
567.95000	 0.00000	 0.00000
568.00000	 0.00000	 0.00000
568.05000	 0.00000	 0.00000
568.10000	 0.00000	 0.00000
568.15000	 0.00000	 0.00000
568.20000	 0.00000	 0.00000
568.25000	 0.00000	 0.00000
568.30000	 0.00000	 0.00000
568.35000	 0.00000	 0.00000
568.40000	 0.00000	 0.00000
568.45000	 0.00000	 0.00000
568.50000	 0.00000	 0.00000
568.55000	 0.00000	 0.00000
568.60000	 0.00000	 0.00000
568.65000	 0.00000	 0.00000
568.70000	 0.00000	 0.00000
568.75000	 0.00000	 0.00000
568.80000	 0.00000	 0.00000
568.85000	 0.00000	 0.00000
568.90000	 0.00000	 0.00000
568.95000	 0.00000	 0.00000
569.00000	 0.00000	 0.00000
569.05000	 0.00000	 0.00000
569.10000	 0.00000	 0.00000
569.15000	 0.00000	 0.00000
569.20000	 0.00000	 0.00000
569.25000	 0.00000	 0.00000
569.30000	 0.00000	 0.00000
569.35000	 0.00000	 0.00000
569.40000	 0.00000	 0.00000
569.45000	 0.00000	 0.00000
569.50000	 0.00000	 0.00000
569.55000	 0.00000	 0.00000
569.60000	 0.00000	 0.00000
569.65000	 0.00000	 0.00000
569.70000	 0.00000	 0.00000
569.75000	 0.00000	 0.00000
569.80000	 0.00000	 0.00000
569.85000	 0.00000	 0.00000
569.90000	 0.00000	 0.00000
569.95000	 0.00000	 0.00000
570.00000	 0.00000	 0.00000
570.05000	 0.00000	 0.00000
570.10000	 0.00000	 0.00000
570.15000	 0.00000	 0.00000
570.20000	 0.00000	 0.00000
570.25000	 0.00000	 0.00000
570.30000	 0.00000	 0.00000
570.35000	 0.00000	 0.00000
570.40000	 0.00000	 0.00000
570.45000	 0.00000	 0.00000
570.50000	 0.00000	 0.00000
570.55000	 0.00000	 0.00000
570.60000	 0.00000	 0.00000
570.65000	 0.00000	 0.00000
570.70000	 0.00000	 0.00000
570.75000	 0.00000	 0.00000
570.80000	 0.00000	 0.00000
570.85000	 0.00000	 0.00000
570.90000	 0.00000	 0.00000
570.95000	 0.00000	 0.00000
571.00000	 0.00000	 0.00000
571.05000	 0.00000	 0.00000
571.10000	 0.00000	 0.00000
571.15000	 0.00000	 0.00000
571.20000	 0.00000	 0.00000
571.25000	 0.00000	 0.00000
571.30000	 0.00000	 0.00000
571.35000	 0.00000	 0.00000
571.40000	 0.00000	 0.00000
571.45000	 0.00000	 0.00000
571.50000	 0.00000	 0.00000
571.55000	 0.00000	 0.00000
571.60000	 0.00000	 0.00000
571.65000	 0.00000	 0.00000
571.70000	 0.00000	 0.00000
571.75000	 0.00000	 0.00000
571.80000	 0.00000	 0.00000
571.85000	 0.00000	 0.00000
571.90000	 0.00000	 0.00000
571.95000	 0.00000	 0.00000
572.00000	 0.00000	 0.00000
572.05000	 0.00000	 0.00000
572.10000	 0.00000	 0.00000
572.15000	 0.00000	 0.00000
572.20000	 0.00000	 0.00000
572.25000	 0.00000	 0.00000
572.30000	 0.00000	 0.00000
572.35000	 0.00000	 0.00000
572.40000	 0.00000	 0.00000
572.45000	 0.00000	 0.00000
572.50000	 0.00000	 0.00000
572.55000	 0.00000	 0.00000
572.60000	 0.00000	 0.00000
572.65000	 0.00000	 0.00000
572.70000	 0.00000	 0.00000
572.75000	 0.00000	 0.00000
572.80000	 0.00000	 0.00000
572.85000	 0.00000	 0.00000
572.90000	 0.00000	 0.00000
572.95000	 0.00000	 0.00000
573.00000	 0.00000	 0.00000
573.05000	 0.00000	 0.00000
573.10000	 0.00000	 0.00000
573.15000	 0.00000	 0.00000
573.20000	 0.00000	 0.00000
573.25000	 0.00000	 0.00000
573.30000	 0.00000	 0.00000
573.35000	 0.00000	 0.00000
573.40000	 0.00000	 0.00000
573.45000	 0.00000	 0.00000
573.50000	 0.00000	 0.00000
573.55000	 0.00000	 0.00000
573.60000	 0.00000	 0.00000
573.65000	 0.00000	 0.00000
573.70000	 0.00000	 0.00000
573.75000	 0.00000	 0.00000
573.80000	 0.00000	 0.00000
573.85000	 0.00000	 0.00000
573.90000	 0.00000	 0.00000
573.95000	 0.00000	 0.00000
574.00000	 0.00000	 0.00000
574.05000	 0.00000	 0.00000
574.10000	 0.00000	 0.00000
574.15000	 0.00000	 0.00000
574.20000	 0.00000	 0.00000
574.25000	 0.00000	 0.00000
574.30000	 0.00000	 0.00000
574.35000	 0.00000	 0.00000
574.40000	 0.00000	 0.00000
574.45000	 0.00000	 0.00000
574.50000	 0.00000	 0.00000
574.55000	 0.00000	 0.00000
574.60000	 0.00000	 0.00000
574.65000	 0.00000	 0.00000
574.70000	 0.00000	 0.00000
574.75000	 0.00000	 0.00000
574.80000	 0.00000	 0.00000
574.85000	 0.00000	 0.00000
574.90000	 0.00000	 0.00000
574.95000	 0.00000	 0.00000
575.00000	 0.00000	 0.00000
575.05000	 0.00000	 0.00000
575.10000	 0.00000	 0.00000
575.15000	 0.00000	 0.00000
575.20000	 0.00000	 0.00000
575.25000	 0.00000	 0.00000
575.30000	 0.00000	 0.00000
575.35000	 0.00000	 0.00000
575.40000	 0.00000	 0.00000
575.45000	 0.00000	 0.00000
575.50000	 0.00000	 0.00000
575.55000	 0.00000	 0.00000
575.60000	 0.00000	 0.00000
575.65000	 0.00000	 0.00000
575.70000	 0.00000	 0.00000
575.75000	 0.00000	 0.00000
575.80000	 0.00000	 0.00000
575.85000	 0.00000	 0.00000
575.90000	 0.00000	 0.00000
575.95000	 0.00000	 0.00000
576.00000	 0.00000	 0.00000
576.05000	 0.00000	 0.00000
576.10000	 0.00000	 0.00000
576.15000	 0.00000	 0.00000
576.20000	 0.00000	 0.00000
576.25000	 0.00000	 0.00000
576.30000	 0.00000	 0.00000
576.35000	 0.00000	 0.00000
576.40000	 0.00000	 0.00000
576.45000	 0.00000	 0.00000
576.50000	 0.00000	 0.00000
576.55000	 0.00000	 0.00000
576.60000	 0.00000	 0.00000
576.65000	 0.00000	 0.00000
576.70000	 0.00000	 0.00000
576.75000	 0.00000	 0.00000
576.80000	 0.00000	 0.00000
576.85000	 0.00000	 0.00000
576.90000	 0.00000	 0.00000
576.95000	 0.00000	 0.00000
577.00000	 0.00000	 0.00000
577.05000	 0.00000	 0.00000
577.10000	 0.00000	 0.00000
577.15000	 0.00000	 0.00000
577.20000	 0.00000	 0.00000
577.25000	 0.00000	 0.00000
577.30000	 0.00000	 0.00000
577.35000	 0.00000	 0.00000
577.40000	 0.00000	 0.00000
577.45000	 0.00000	 0.00000
577.50000	 0.00000	 0.00000
577.55000	 0.00000	 0.00000
577.60000	 0.00000	 0.00000
577.65000	 0.00000	 0.00000
577.70000	 0.00000	 0.00000
577.75000	 0.00000	 0.00000
577.80000	 0.00000	 0.00000
577.85000	 0.00000	 0.00000
577.90000	 0.00000	 0.00000
577.95000	 0.00000	 0.00000
578.00000	 0.00000	 0.00000
578.05000	 0.00000	 0.00000
578.10000	 0.00000	 0.00000
578.15000	 0.00000	 0.00000
578.20000	 0.00000	 0.00000
578.25000	 0.00000	 0.00000
578.30000	 0.00000	 0.00000
578.35000	 0.00000	 0.00000
578.40000	 0.00000	 0.00000
578.45000	 0.00000	 0.00000
578.50000	 0.00000	 0.00000
578.55000	 0.00000	 0.00000
578.60000	 0.00000	 0.00000
578.65000	 0.00000	 0.00000
578.70000	 0.00000	 0.00000
578.75000	 0.00000	 0.00000
578.80000	 0.00000	 0.00000
578.85000	 0.00000	 0.00000
578.90000	 0.00000	 0.00000
578.95000	 0.00000	 0.00000
579.00000	 0.00000	 0.00000
579.05000	 0.00000	 0.00000
579.10000	 0.00000	 0.00000
579.15000	 0.00000	 0.00000
579.20000	 0.00000	 0.00000
579.25000	 0.00000	 0.00000
579.30000	 0.00000	 0.00000
579.35000	 0.00000	 0.00000
579.40000	 0.00000	 0.00000
579.45000	 0.00000	 0.00000
579.50000	 0.00000	 0.00000
579.55000	 0.00000	 0.00000
579.60000	 0.00000	 0.00000
579.65000	 0.00000	 0.00000
579.70000	 0.00000	 0.00000
579.75000	 0.00000	 0.00000
579.80000	 0.00000	 0.00000
579.85000	 0.00000	 0.00000
579.90000	 0.00000	 0.00000
579.95000	 0.00000	 0.00000
580.00000	 0.00000	 0.00000
580.05000	 0.00000	 0.00000
580.10000	 0.00000	 0.00000
580.15000	 0.00000	 0.00000
580.20000	 0.00000	 0.00000
580.25000	 0.00000	 0.00000
580.30000	 0.00000	 0.00000
580.35000	 0.00000	 0.00000
580.40000	 0.00000	 0.00000
580.45000	 0.00000	 0.00000
580.50000	 0.00000	 0.00000
580.55000	 0.00000	 0.00000
580.60000	 0.00000	 0.00000
580.65000	 0.00000	 0.00000
580.70000	 0.00000	 0.00000
580.75000	 0.00000	 0.00000
580.80000	 0.00000	 0.00000
580.85000	 0.00000	 0.00000
580.90000	 0.00000	 0.00000
580.95000	 0.00000	 0.00000
581.00000	 0.00000	 0.00000
581.05000	 0.00000	 0.00000
581.10000	 0.00000	 0.00000
581.15000	 0.00000	 0.00000
581.20000	 0.00000	 0.00000
581.25000	 0.00000	 0.00000
581.30000	 0.00000	 0.00000
581.35000	 0.00000	 0.00000
581.40000	 0.00000	 0.00000
581.45000	 0.00000	 0.00000
581.50000	 0.00000	 0.00000
581.55000	 0.00000	 0.00000
581.60000	 0.00000	 0.00000
581.65000	 0.00000	 0.00000
581.70000	 0.00000	 0.00000
581.75000	 0.00000	 0.00000
581.80000	 0.00000	 0.00000
581.85000	 0.00000	 0.00000
581.90000	 0.00000	 0.00000
581.95000	 0.00000	 0.00000
582.00000	 0.00000	 0.00000
582.05000	 0.00000	 0.00000
582.10000	 0.00000	 0.00000
582.15000	 0.00000	 0.00000
582.20000	 0.00000	 0.00000
582.25000	 0.00000	 0.00000
582.30000	 0.00000	 0.00000
582.35000	 0.00000	 0.00000
582.40000	 0.00000	 0.00000
582.45000	 0.00000	 0.00000
582.50000	 0.00000	 0.00000
582.55000	 0.00000	 0.00000
582.60000	 0.00000	 0.00000
582.65000	 0.00000	 0.00000
582.70000	 0.00000	 0.00000
582.75000	 0.00000	 0.00000
582.80000	 0.00000	 0.00000
582.85000	 0.00000	 0.00000
582.90000	 0.00000	 0.00000
582.95000	 0.00000	 0.00000
583.00000	 0.00000	 0.00000
583.05000	 0.00000	 0.00000
583.10000	 0.00000	 0.00000
583.15000	 0.00000	 0.00000
583.20000	 0.00000	 0.00000
583.25000	 0.00000	 0.00000
583.30000	 0.00000	 0.00000
583.35000	 0.00000	 0.00000
583.40000	 0.00000	 0.00000
583.45000	 0.00000	 0.00000
583.50000	 0.00000	 0.00000
583.55000	 0.00000	 0.00000
583.60000	 0.00000	 0.00000
583.65000	 0.00000	 0.00000
583.70000	 0.00000	 0.00000
583.75000	 0.00000	 0.00000
583.80000	 0.00000	 0.00000
583.85000	 0.00000	 0.00000
583.90000	 0.00000	 0.00000
583.95000	 0.00000	 0.00000
584.00000	 0.00000	 0.00000
584.05000	 0.00000	 0.00000
584.10000	 0.00000	 0.00000
584.15000	 0.00000	 0.00000
584.20000	 0.00000	 0.00000
584.25000	 0.00000	 0.00000
584.30000	 0.00000	 0.00000
584.35000	 0.00000	 0.00000
584.40000	 0.00000	 0.00000
584.45000	 0.00000	 0.00000
584.50000	 0.00000	 0.00000
584.55000	 0.00000	 0.00000
584.60000	 0.00000	 0.00000
584.65000	 0.00000	 0.00000
584.70000	 0.00000	 0.00000
584.75000	 0.00000	 0.00000
584.80000	 0.00000	 0.00000
584.85000	 0.00000	 0.00000
584.90000	 0.00000	 0.00000
584.95000	 0.00000	 0.00000
585.00000	 0.00000	 0.00000
585.05000	 0.00000	 0.00000
585.10000	 0.00000	 0.00000
585.15000	 0.00000	 0.00000
585.20000	 0.00000	 0.00000
585.25000	 0.00000	 0.00000
585.30000	 0.00000	 0.00000
585.35000	 0.00000	 0.00000
585.40000	 0.00000	 0.00000
585.45000	 0.00000	 0.00000
585.50000	 0.00000	 0.00000
585.55000	 0.00000	 0.00000
585.60000	 0.00000	 0.00000
585.65000	 0.00000	 0.00000
585.70000	 0.00000	 0.00000
585.75000	 0.00000	 0.00000
585.80000	 0.00000	 0.00000
585.85000	 0.00000	 0.00000
585.90000	 0.00000	 0.00000
585.95000	 0.00000	 0.00000
586.00000	 0.00000	 0.00000
586.05000	 0.00000	 0.00000
586.10000	 0.00000	 0.00000
586.15000	 0.00000	 0.00000
586.20000	 0.00000	 0.00000
586.25000	 0.00000	 0.00000
586.30000	 0.00000	 0.00000
586.35000	 0.00000	 0.00000
586.40000	 0.00000	 0.00000
586.45000	 0.00000	 0.00000
586.50000	 0.00000	 0.00000
586.55000	 0.00000	 0.00000
586.60000	 0.00000	 0.00000
586.65000	 0.00000	 0.00000
586.70000	 0.00000	 0.00000
586.75000	 0.00000	 0.00000
586.80000	 0.00000	 0.00000
586.85000	 0.00000	 0.00000
586.90000	 0.00000	 0.00000
586.95000	 0.00000	 0.00000
587.00000	 0.00000	 0.00000
587.05000	 0.00000	 0.00000
587.10000	 0.00000	 0.00000
587.15000	 0.00000	 0.00000
587.20000	 0.00000	 0.00000
587.25000	 0.00000	 0.00000
587.30000	 0.00000	 0.00000
587.35000	 0.00000	 0.00000
587.40000	 0.00000	 0.00000
587.45000	 0.00000	 0.00000
587.50000	 0.00000	 0.00000
587.55000	 0.00000	 0.00000
587.60000	 0.00000	 0.00000
587.65000	 0.00000	 0.00000
587.70000	 0.00000	 0.00000
587.75000	 0.00000	 0.00000
587.80000	 0.00000	 0.00000
587.85000	 0.00000	 0.00000
587.90000	 0.00000	 0.00000
587.95000	 0.00000	 0.00000
588.00000	 0.00000	 0.00000
588.05000	 0.00000	 0.00000
588.10000	 0.00000	 0.00000
588.15000	 0.00000	 0.00000
588.20000	 0.00000	 0.00000
588.25000	 0.00000	 0.00000
588.30000	 0.00000	 0.00000
588.35000	 0.00000	 0.00000
588.40000	 0.00000	 0.00000
588.45000	 0.00000	 0.00000
588.50000	 0.00000	 0.00000
588.55000	 0.00000	 0.00000
588.60000	 0.00000	 0.00000
588.65000	 0.00000	 0.00000
588.70000	 0.00000	 0.00000
588.75000	 0.00000	 0.00000
588.80000	 0.00000	 0.00000
588.85000	 0.00000	 0.00000
588.90000	 0.00000	 0.00000
588.95000	 0.00000	 0.00000
589.00000	 0.00000	 0.00000
589.05000	 0.00000	 0.00000
589.10000	 0.00000	 0.00000
589.15000	 0.00000	 0.00000
589.20000	 0.00000	 0.00000
589.25000	 0.00000	 0.00000
589.30000	 0.00000	 0.00000
589.35000	 0.00000	 0.00000
589.40000	 0.00000	 0.00000
589.45000	 0.00000	 0.00000
589.50000	 0.00000	 0.00000
589.55000	 0.00000	 0.00000
589.60000	 0.00000	 0.00000
589.65000	 0.00000	 0.00000
589.70000	 0.00000	 0.00000
589.75000	 0.00000	 0.00000
589.80000	 0.00000	 0.00000
589.85000	 0.00000	 0.00000
589.90000	 0.00000	 0.00000
589.95000	 0.00000	 0.00000
590.00000	 0.00000	 0.00000
590.05000	 0.00000	 0.00000
590.10000	 0.00000	 0.00000
590.15000	 0.00000	 0.00000
590.20000	 0.00000	 0.00000
590.25000	 0.00000	 0.00000
590.30000	 0.00000	 0.00000
590.35000	 0.00000	 0.00000
590.40000	 0.00000	 0.00000
590.45000	 0.00000	 0.00000
590.50000	 0.00000	 0.00000
590.55000	 0.00000	 0.00000
590.60000	 0.00000	 0.00000
590.65000	 0.00000	 0.00000
590.70000	 0.00000	 0.00000
590.75000	 0.00000	 0.00000
590.80000	 0.00000	 0.00000
590.85000	 0.00000	 0.00000
590.90000	 0.00000	 0.00000
590.95000	 0.00000	 0.00000
591.00000	 0.00000	 0.00000
591.05000	 0.00000	 0.00000
591.10000	 0.00000	 0.00000
591.15000	 0.00000	 0.00000
591.20000	 0.00000	 0.00000
591.25000	 0.00000	 0.00000
591.30000	 0.00000	 0.00000
591.35000	 0.00000	 0.00000
591.40000	 0.00000	 0.00000
591.45000	 0.00000	 0.00000
591.50000	 0.00000	 0.00000
591.55000	 0.00000	 0.00000
591.60000	 0.00000	 0.00000
591.65000	 0.00000	 0.00000
591.70000	 0.00000	 0.00000
591.75000	 0.00000	 0.00000
591.80000	 0.00000	 0.00000
591.85000	 0.00000	 0.00000
591.90000	 0.00000	 0.00000
591.95000	 0.00000	 0.00000
592.00000	 0.00000	 0.00000
592.05000	 0.00000	 0.00000
592.10000	 0.00000	 0.00000
592.15000	 0.00000	 0.00000
592.20000	 0.00000	 0.00000
592.25000	 0.00000	 0.00000
592.30000	 0.00000	 0.00000
592.35000	 0.00000	 0.00000
592.40000	 0.00000	 0.00000
592.45000	 0.00000	 0.00000
592.50000	 0.00000	 0.00000
592.55000	 0.00000	 0.00000
592.60000	 0.00000	 0.00000
592.65000	 0.00000	 0.00000
592.70000	 0.00000	 0.00000
592.75000	 0.00000	 0.00000
592.80000	 0.00000	 0.00000
592.85000	 0.00000	 0.00000
592.90000	 0.00000	 0.00000
592.95000	 0.00000	 0.00000
593.00000	 0.00000	 0.00000
593.05000	 0.00000	 0.00000
593.10000	 0.00000	 0.00000
593.15000	 0.00000	 0.00000
593.20000	 0.00000	 0.00000
593.25000	 0.00000	 0.00000
593.30000	 0.00000	 0.00000
593.35000	 0.00000	 0.00000
593.40000	 0.00000	 0.00000
593.45000	 0.00000	 0.00000
593.50000	 0.00000	 0.00000
593.55000	 0.00000	 0.00000
593.60000	 0.00000	 0.00000
593.65000	 0.00000	 0.00000
593.70000	 0.00000	 0.00000
593.75000	 0.00000	 0.00000
593.80000	 0.00000	 0.00000
593.85000	 0.00000	 0.00000
593.90000	 0.00000	 0.00000
593.95000	 0.00000	 0.00000
594.00000	 0.00000	 0.00000
594.05000	 0.00000	 0.00000
594.10000	 0.00000	 0.00000
594.15000	 0.00000	 0.00000
594.20000	 0.00000	 0.00000
594.25000	 0.00000	 0.00000
594.30000	 0.00000	 0.00000
594.35000	 0.00000	 0.00000
594.40000	 0.00000	 0.00000
594.45000	 0.00000	 0.00000
594.50000	 0.00000	 0.00000
594.55000	 0.00000	 0.00000
594.60000	 0.00000	 0.00000
594.65000	 0.00000	 0.00000
594.70000	 0.00000	 0.00000
594.75000	 0.00000	 0.00000
594.80000	 0.00000	 0.00000
594.85000	 0.00000	 0.00000
594.90000	 0.00000	 0.00000
594.95000	 0.00000	 0.00000
595.00000	 0.00000	 0.00000
595.05000	 0.00000	 0.00000
595.10000	 0.00000	 0.00000
595.15000	 0.00000	 0.00000
595.20000	 0.00000	 0.00000
595.25000	 0.00000	 0.00000
595.30000	 0.00000	 0.00000
595.35000	 0.00000	 0.00000
595.40000	 0.00000	 0.00000
595.45000	 0.00000	 0.00000
595.50000	 0.00000	 0.00000
595.55000	 0.00000	 0.00000
595.60000	 0.00000	 0.00000
595.65000	 0.00000	 0.00000
595.70000	 0.00000	 0.00000
595.75000	 0.00000	 0.00000
595.80000	 0.00000	 0.00000
595.85000	 0.00000	 0.00000
595.90000	 0.00000	 0.00000
595.95000	 0.00000	 0.00000
596.00000	 0.00000	 0.00000
596.05000	 0.00000	 0.00000
596.10000	 0.00000	 0.00000
596.15000	 0.00000	 0.00000
596.20000	 0.00000	 0.00000
596.25000	 0.00000	 0.00000
596.30000	 0.00000	 0.00000
596.35000	 0.00000	 0.00000
596.40000	 0.00000	 0.00000
596.45000	 0.00000	 0.00000
596.50000	 0.00000	 0.00000
596.55000	 0.00000	 0.00000
596.60000	 0.00000	 0.00000
596.65000	 0.00000	 0.00000
596.70000	 0.00000	 0.00000
596.75000	 0.00000	 0.00000
596.80000	 0.00000	 0.00000
596.85000	 0.00000	 0.00000
596.90000	 0.00000	 0.00000
596.95000	 0.00000	 0.00000
597.00000	 0.00000	 0.00000
597.05000	 0.00000	 0.00000
597.10000	 0.00000	 0.00000
597.15000	 0.00000	 0.00000
597.20000	 0.00000	 0.00000
597.25000	 0.00000	 0.00000
597.30000	 0.00000	 0.00000
597.35000	 0.00000	 0.00000
597.40000	 0.00000	 0.00000
597.45000	 0.00000	 0.00000
597.50000	 0.00000	 0.00000
597.55000	 0.00000	 0.00000
597.60000	 0.00000	 0.00000
597.65000	 0.00000	 0.00000
597.70000	 0.00000	 0.00000
597.75000	 0.00000	 0.00000
597.80000	 0.00000	 0.00000
597.85000	 0.00000	 0.00000
597.90000	 0.00000	 0.00000
597.95000	 0.00000	 0.00000
598.00000	 0.00000	 0.00000
598.05000	 0.00000	 0.00000
598.10000	 0.00000	 0.00000
598.15000	 0.00000	 0.00000
598.20000	 0.00000	 0.00000
598.25000	 0.00000	 0.00000
598.30000	 0.00000	 0.00000
598.35000	 0.00000	 0.00000
598.40000	 0.00000	 0.00000
598.45000	 0.00000	 0.00000
598.50000	 0.00000	 0.00000
598.55000	 0.00000	 0.00000
598.60000	 0.00000	 0.00000
598.65000	 0.00000	 0.00000
598.70000	 0.00000	 0.00000
598.75000	 0.00000	 0.00000
598.80000	 0.00000	 0.00000
598.85000	 0.00000	 0.00000
598.90000	 0.00000	 0.00000
598.95000	 0.00000	 0.00000
599.00000	 0.00000	 0.00000
599.05000	 0.00000	 0.00000
599.10000	 0.00000	 0.00000
599.15000	 0.00000	 0.00000
599.20000	 0.00000	 0.00000
599.25000	 0.00000	 0.00000
599.30000	 0.00000	 0.00000
599.35000	 0.00000	 0.00000
599.40000	 0.00000	 0.00000
599.45000	 0.00000	 0.00000
599.50000	 0.00000	 0.00000
599.55000	 0.00000	 0.00000
599.60000	 0.00000	 0.00000
599.65000	 0.00000	 0.00000
599.70000	 0.00000	 0.00000
599.75000	 0.00000	 0.00000
599.80000	 0.00000	 0.00000
599.85000	 0.00000	 0.00000
599.90000	 0.00000	 0.00000
599.95000	 0.00000	 0.00000
600.00000	 0.00000	 0.00000
600.05000	 0.00000	 0.00000
600.10000	 0.00000	 0.00000
600.15000	 0.00000	 0.00000
600.20000	 0.00000	 0.00000
600.25000	 0.00000	 0.00000
600.30000	 0.00000	 0.00000
600.35000	 0.00000	 0.00000
600.40000	 0.00000	 0.00000
600.45000	 0.00000	 0.00000
600.50000	 0.00000	 0.00000
600.55000	 0.00000	 0.00000
600.60000	 0.00000	 0.00000
600.65000	 0.00000	 0.00000
600.70000	 0.00000	 0.00000
600.75000	 0.00000	 0.00000
600.80000	 0.00000	 0.00000
600.85000	 0.00000	 0.00000
600.90000	 0.00000	 0.00000
600.95000	 0.00000	 0.00000
601.00000	 0.00000	 0.00000
601.05000	 0.00000	 0.00000
601.10000	 0.00000	 0.00000
601.15000	 0.00000	 0.00000
601.20000	 0.00000	 0.00000
601.25000	 0.00000	 0.00000
601.30000	 0.00000	 0.00000
601.35000	 0.00000	 0.00000
601.40000	 0.00000	 0.00000
601.45000	 0.00000	 0.00000
601.50000	 0.00000	 0.00000
601.55000	 0.00000	 0.00000
601.60000	 0.00000	 0.00000
601.65000	 0.00000	 0.00000
601.70000	 0.00000	 0.00000
601.75000	 0.00000	 0.00000
601.80000	 0.00000	 0.00000
601.85000	 0.00000	 0.00000
601.90000	 0.00000	 0.00000
601.95000	 0.00000	 0.00000
602.00000	 0.00000	 0.00000
602.05000	 0.00000	 0.00000
602.10000	 0.00000	 0.00000
602.15000	 0.00000	 0.00000
602.20000	 0.00000	 0.00000
602.25000	 0.00000	 0.00000
602.30000	 0.00000	 0.00000
602.35000	 0.00000	 0.00000
602.40000	 0.00000	 0.00000
602.45000	 0.00000	 0.00000
602.50000	 0.00000	 0.00000
602.55000	 0.00000	 0.00000
602.60000	 0.00000	 0.00000
602.65000	 0.00000	 0.00000
602.70000	 0.00000	 0.00000
602.75000	 0.00000	 0.00000
602.80000	 0.00000	 0.00000
602.85000	 0.00000	 0.00000
602.90000	 0.00000	 0.00000
602.95000	 0.00000	 0.00000
603.00000	 0.00000	 0.00000
603.05000	 0.00000	 0.00000
603.10000	 0.00000	 0.00000
603.15000	 0.00000	 0.00000
603.20000	 0.00000	 0.00000
603.25000	 0.00000	 0.00000
603.30000	 0.00000	 0.00000
603.35000	 0.00000	 0.00000
603.40000	 0.00000	 0.00000
603.45000	 0.00000	 0.00000
603.50000	 0.00000	 0.00000
603.55000	 0.00000	 0.00000
603.60000	 0.00000	 0.00000
603.65000	 0.00000	 0.00000
603.70000	 0.00000	 0.00000
603.75000	 0.00000	 0.00000
603.80000	 0.00000	 0.00000
603.85000	 0.00000	 0.00000
603.90000	 0.00000	 0.00000
603.95000	 0.00000	 0.00000
604.00000	 0.00000	 0.00000
604.05000	 0.00000	 0.00000
604.10000	 0.00000	 0.00000
604.15000	 0.00000	 0.00000
604.20000	 0.00000	 0.00000
604.25000	 0.00000	 0.00000
604.30000	 0.00000	 0.00000
604.35000	 0.00000	 0.00000
604.40000	 0.00000	 0.00000
604.45000	 0.00000	 0.00000
604.50000	 0.00000	 0.00000
604.55000	 0.00000	 0.00000
604.60000	 0.00000	 0.00000
604.65000	 0.00000	 0.00000
604.70000	 0.00000	 0.00000
604.75000	 0.00000	 0.00000
604.80000	 0.00000	 0.00000
604.85000	 0.00000	 0.00000
604.90000	 0.00000	 0.00000
604.95000	 0.00000	 0.00000
605.00000	 0.00000	 0.00000
605.05000	 0.00000	 0.00000
605.10000	 0.00000	 0.00000
605.15000	 0.00000	 0.00000
605.20000	 0.00000	 0.00000
605.25000	 0.00000	 0.00000
605.30000	 0.00000	 0.00000
605.35000	 0.00000	 0.00000
605.40000	 0.00000	 0.00000
605.45000	 0.00000	 0.00000
605.50000	 0.00000	 0.00000
605.55000	 0.00000	 0.00000
605.60000	 0.00000	 0.00000
605.65000	 0.00000	 0.00000
605.70000	 0.00000	 0.00000
605.75000	 0.00000	 0.00000
605.80000	 0.00000	 0.00000
605.85000	 0.00000	 0.00000
605.90000	 0.00000	 0.00000
605.95000	 0.00000	 0.00000
606.00000	 0.00000	 0.00000
606.05000	 0.00000	 0.00000
606.10000	 0.00000	 0.00000
606.15000	 0.00000	 0.00000
606.20000	 0.00000	 0.00000
606.25000	 0.00000	 0.00000
606.30000	 0.00000	 0.00000
606.35000	 0.00000	 0.00000
606.40000	 0.00000	 0.00000
606.45000	 0.00000	 0.00000
606.50000	 0.00000	 0.00000
606.55000	 0.00000	 0.00000
606.60000	 0.00000	 0.00000
606.65000	 0.00000	 0.00000
606.70000	 0.00000	 0.00000
606.75000	 0.00000	 0.00000
606.80000	 0.00000	 0.00000
606.85000	 0.00000	 0.00000
606.90000	 0.00000	 0.00000
606.95000	 0.00000	 0.00000
607.00000	 0.00000	 0.00000
607.05000	 0.00000	 0.00000
607.10000	 0.00000	 0.00000
607.15000	 0.00000	 0.00000
607.20000	 0.00000	 0.00000
607.25000	 0.00000	 0.00000
607.30000	 0.00000	 0.00000
607.35000	 0.00000	 0.00000
607.40000	 0.00000	 0.00000
607.45000	 0.00000	 0.00000
607.50000	 0.00000	 0.00000
607.55000	 0.00000	 0.00000
607.60000	 0.00000	 0.00000
607.65000	 0.00000	 0.00000
607.70000	 0.00000	 0.00000
607.75000	 0.00000	 0.00000
607.80000	 0.00000	 0.00000
607.85000	 0.00000	 0.00000
607.90000	 0.00000	 0.00000
607.95000	 0.00000	 0.00000
608.00000	 0.00000	 0.00000
608.05000	 0.00000	 0.00000
608.10000	 0.00000	 0.00000
608.15000	 0.00000	 0.00000
608.20000	 0.00000	 0.00000
608.25000	 0.00000	 0.00000
608.30000	 0.00000	 0.00000
608.35000	 0.00000	 0.00000
608.40000	 0.00000	 0.00000
608.45000	 0.00000	 0.00000
608.50000	 0.00000	 0.00000
608.55000	 0.00000	 0.00000
608.60000	 0.00000	 0.00000
608.65000	 0.00000	 0.00000
608.70000	 0.00000	 0.00000
608.75000	 0.00000	 0.00000
608.80000	 0.00000	 0.00000
608.85000	 0.00000	 0.00000
608.90000	 0.00000	 0.00000
608.95000	 0.00000	 0.00000
609.00000	 0.00000	 0.00000
609.05000	 0.00000	 0.00000
609.10000	 0.00000	 0.00000
609.15000	 0.00000	 0.00000
609.20000	 0.00000	 0.00000
609.25000	 0.00000	 0.00000
609.30000	 0.00000	 0.00000
609.35000	 0.00000	 0.00000
609.40000	 0.00000	 0.00000
609.45000	 0.00000	 0.00000
609.50000	 0.00000	 0.00000
609.55000	 0.00000	 0.00000
609.60000	 0.00000	 0.00000
609.65000	 0.00000	 0.00000
609.70000	 0.00000	 0.00000
609.75000	 0.00000	 0.00000
609.80000	 0.00000	 0.00000
609.85000	 0.00000	 0.00000
609.90000	 0.00000	 0.00000
609.95000	 0.00000	 0.00000
610.00000	 0.00000	 0.00000
610.05000	 0.00000	 0.00000
610.10000	 0.00000	 0.00000
610.15000	 0.00000	 0.00000
610.20000	 0.00000	 0.00000
610.25000	 0.00000	 0.00000
610.30000	 0.00000	 0.00000
610.35000	 0.00000	 0.00000
610.40000	 0.00000	 0.00000
610.45000	 0.00000	 0.00000
610.50000	 0.00000	 0.00000
610.55000	 0.00000	 0.00000
610.60000	 0.00000	 0.00000
610.65000	 0.00000	 0.00000
610.70000	 0.00000	 0.00000
610.75000	 0.00000	 0.00000
610.80000	 0.00000	 0.00000
610.85000	 0.00000	 0.00000
610.90000	 0.00000	 0.00000
610.95000	 0.00000	 0.00000
611.00000	 0.00000	 0.00000
611.05000	 0.00000	 0.00000
611.10000	 0.00000	 0.00000
611.15000	 0.00000	 0.00000
611.20000	 0.00000	 0.00000
611.25000	 0.00000	 0.00000
611.30000	 0.00000	 0.00000
611.35000	 0.00000	 0.00000
611.40000	 0.00000	 0.00000
611.45000	 0.00000	 0.00000
611.50000	 0.00000	 0.00000
611.55000	 0.00000	 0.00000
611.60000	 0.00000	 0.00000
611.65000	 0.00000	 0.00000
611.70000	 0.00000	 0.00000
611.75000	 0.00000	 0.00000
611.80000	 0.00000	 0.00000
611.85000	 0.00000	 0.00000
611.90000	 0.00000	 0.00000
611.95000	 0.00000	 0.00000
612.00000	 0.00000	 0.00000
612.05000	 0.00000	 0.00000
612.10000	 0.00000	 0.00000
612.15000	 0.00000	 0.00000
612.20000	 0.00000	 0.00000
612.25000	 0.00000	 0.00000
612.30000	 0.00000	 0.00000
612.35000	 0.00000	 0.00000
612.40000	 0.00000	 0.00000
612.45000	 0.00000	 0.00000
612.50000	 0.00000	 0.00000
612.55000	 0.00000	 0.00000
612.60000	 0.00000	 0.00000
612.65000	 0.00000	 0.00000
612.70000	 0.00000	 0.00000
612.75000	 0.00000	 0.00000
612.80000	 0.00000	 0.00000
612.85000	 0.00000	 0.00000
612.90000	 0.00000	 0.00000
612.95000	 0.00000	 0.00000
613.00000	 0.00000	 0.00000
613.05000	 0.00000	 0.00000
613.10000	 0.00000	 0.00000
613.15000	 0.00000	 0.00000
613.20000	 0.00000	 0.00000
613.25000	 0.00000	 0.00000
613.30000	 0.00000	 0.00000
613.35000	 0.00000	 0.00000
613.40000	 0.00000	 0.00000
613.45000	 0.00000	 0.00000
613.50000	 0.00000	 0.00000
613.55000	 0.00000	 0.00000
613.60000	 0.00000	 0.00000
613.65000	 0.00000	 0.00000
613.70000	 0.00000	 0.00000
613.75000	 0.00000	 0.00000
613.80000	 0.00000	 0.00000
613.85000	 0.00000	 0.00000
613.90000	 0.00000	 0.00000
613.95000	 0.00000	 0.00000
614.00000	 0.00000	 0.00000
614.05000	 0.00000	 0.00000
614.10000	 0.00000	 0.00000
614.15000	 0.00000	 0.00000
614.20000	 0.00000	 0.00000
614.25000	 0.00000	 0.00000
614.30000	 0.00000	 0.00000
614.35000	 0.00000	 0.00000
614.40000	 0.00000	 0.00000
614.45000	 0.00000	 0.00000
614.50000	 0.00000	 0.00000
614.55000	 0.00000	 0.00000
614.60000	 0.00000	 0.00000
614.65000	 0.00000	 0.00000
614.70000	 0.00000	 0.00000
614.75000	 0.00000	 0.00000
614.80000	 0.00000	 0.00000
614.85000	 0.00000	 0.00000
614.90000	 0.00000	 0.00000
614.95000	 0.00000	 0.00000
615.00000	 0.00000	 0.00000
615.05000	 0.00000	 0.00000
615.10000	 0.00000	 0.00000
615.15000	 0.00000	 0.00000
615.20000	 0.00000	 0.00000
615.25000	 0.00000	 0.00000
615.30000	 0.00000	 0.00000
615.35000	 0.00000	 0.00000
615.40000	 0.00000	 0.00000
615.45000	 0.00000	 0.00000
615.50000	 0.00000	 0.00000
615.55000	 0.00000	 0.00000
615.60000	 0.00000	 0.00000
615.65000	 0.00000	 0.00000
615.70000	 0.00000	 0.00000
615.75000	 0.00000	 0.00000
615.80000	 0.00000	 0.00000
615.85000	 0.00000	 0.00000
615.90000	 0.00000	 0.00000
615.95000	 0.00000	 0.00000
616.00000	 0.00000	 0.00000
616.05000	 0.00000	 0.00000
616.10000	 0.00000	 0.00000
616.15000	 0.00000	 0.00000
616.20000	 0.00000	 0.00000
616.25000	 0.00000	 0.00000
616.30000	 0.00000	 0.00000
616.35000	 0.00000	 0.00000
616.40000	 0.00000	 0.00000
616.45000	 0.00000	 0.00000
616.50000	 0.00000	 0.00000
616.55000	 0.00000	 0.00000
616.60000	 0.00000	 0.00000
616.65000	 0.00000	 0.00000
616.70000	 0.00000	 0.00000
616.75000	 0.00000	 0.00000
616.80000	 0.00000	 0.00000
616.85000	 0.00000	 0.00000
616.90000	 0.00000	 0.00000
616.95000	 0.00000	 0.00000
617.00000	 0.00000	 0.00000
617.05000	 0.00000	 0.00000
617.10000	 0.00000	 0.00000
617.15000	 0.00000	 0.00000
617.20000	 0.00000	 0.00000
617.25000	 0.00000	 0.00000
617.30000	 0.00000	 0.00000
617.35000	 0.00000	 0.00000
617.40000	 0.00000	 0.00000
617.45000	 0.00000	 0.00000
617.50000	 0.00000	 0.00000
617.55000	 0.00000	 0.00000
617.60000	 0.00000	 0.00000
617.65000	 0.00000	 0.00000
617.70000	 0.00000	 0.00000
617.75000	 0.00000	 0.00000
617.80000	 0.00000	 0.00000
617.85000	 0.00000	 0.00000
617.90000	 0.00000	 0.00000
617.95000	 0.00000	 0.00000
618.00000	 0.00000	 0.00000
618.05000	 0.00000	 0.00000
618.10000	 0.00000	 0.00000
618.15000	 0.00000	 0.00000
618.20000	 0.00000	 0.00000
618.25000	 0.00000	 0.00000
618.30000	 0.00000	 0.00000
618.35000	 0.00000	 0.00000
618.40000	 0.00000	 0.00000
618.45000	 0.00000	 0.00000
618.50000	 0.00000	 0.00000
618.55000	 0.00000	 0.00000
618.60000	 0.00000	 0.00000
618.65000	 0.00000	 0.00000
618.70000	 0.00000	 0.00000
618.75000	 0.00000	 0.00000
618.80000	 0.00000	 0.00000
618.85000	 0.00000	 0.00000
618.90000	 0.00000	 0.00000
618.95000	 0.00000	 0.00000
619.00000	 0.00000	 0.00000
619.05000	 0.00000	 0.00000
619.10000	 0.00000	 0.00000
619.15000	 0.00000	 0.00000
619.20000	 0.00000	 0.00000
619.25000	 0.00000	 0.00000
619.30000	 0.00000	 0.00000
619.35000	 0.00000	 0.00000
619.40000	 0.00000	 0.00000
619.45000	 0.00000	 0.00000
619.50000	 0.00000	 0.00000
619.55000	 0.00000	 0.00000
619.60000	 0.00000	 0.00000
619.65000	 0.00000	 0.00000
619.70000	 0.00000	 0.00000
619.75000	 0.00000	 0.00000
619.80000	 0.00000	 0.00000
619.85000	 0.00000	 0.00000
619.90000	 0.00000	 0.00000
619.95000	 0.00000	 0.00000
620.00000	 0.00000	 0.00000
620.05000	 0.00000	 0.00000
620.10000	 0.00000	 0.00000
620.15000	 0.00000	 0.00000
620.20000	 0.00000	 0.00000
620.25000	 0.00000	 0.00000
620.30000	 0.00000	 0.00000
620.35000	 0.00000	 0.00000
620.40000	 0.00000	 0.00000
620.45000	 0.00000	 0.00000
620.50000	 0.00000	 0.00000
620.55000	 0.00000	 0.00000
620.60000	 0.00000	 0.00000
620.65000	 0.00000	 0.00000
620.70000	 0.00000	 0.00000
620.75000	 0.00000	 0.00000
620.80000	 0.00000	 0.00000
620.85000	 0.00000	 0.00000
620.90000	 0.00000	 0.00000
620.95000	 0.00000	 0.00000
621.00000	 0.00000	 0.00000
621.05000	 0.00000	 0.00000
621.10000	 0.00000	 0.00000
621.15000	 0.00000	 0.00000
621.20000	 0.00000	 0.00000
621.25000	 0.00000	 0.00000
621.30000	 0.00000	 0.00000
621.35000	 0.00000	 0.00000
621.40000	 0.00000	 0.00000
621.45000	 0.00000	 0.00000
621.50000	 0.00000	 0.00000
621.55000	 0.00000	 0.00000
621.60000	 0.00000	 0.00000
621.65000	 0.00000	 0.00000
621.70000	 0.00000	 0.00000
621.75000	 0.00000	 0.00000
621.80000	 0.00000	 0.00000
621.85000	 0.00000	 0.00000
621.90000	 0.00000	 0.00000
621.95000	 0.00000	 0.00000
622.00000	 0.00000	 0.00000
622.05000	 0.00000	 0.00000
622.10000	 0.00000	 0.00000
622.15000	 0.00000	 0.00000
622.20000	 0.00000	 0.00000
622.25000	 0.00000	 0.00000
622.30000	 0.00000	 0.00000
622.35000	 0.00000	 0.00000
622.40000	 0.00000	 0.00000
622.45000	 0.00000	 0.00000
622.50000	 0.00000	 0.00000
622.55000	 0.00000	 0.00000
622.60000	 0.00000	 0.00000
622.65000	 0.00000	 0.00000
622.70000	 0.00000	 0.00000
622.75000	 0.00000	 0.00000
622.80000	 0.00000	 0.00000
622.85000	 0.00000	 0.00000
622.90000	 0.00000	 0.00000
622.95000	 0.00000	 0.00000
623.00000	 0.00000	 0.00000
623.05000	 0.00000	 0.00000
623.10000	 0.00000	 0.00000
623.15000	 0.00000	 0.00000
623.20000	 0.00000	 0.00000
623.25000	 0.00000	 0.00000
623.30000	 0.00000	 0.00000
623.35000	 0.00000	 0.00000
623.40000	 0.00000	 0.00000
623.45000	 0.00000	 0.00000
623.50000	 0.00000	 0.00000
623.55000	 0.00000	 0.00000
623.60000	 0.00000	 0.00000
623.65000	 0.00000	 0.00000
623.70000	 0.00000	 0.00000
623.75000	 0.00000	 0.00000
623.80000	 0.00000	 0.00000
623.85000	 0.00000	 0.00000
623.90000	 0.00000	 0.00000
623.95000	 0.00000	 0.00000
624.00000	 0.00000	 0.00000
624.05000	 0.00000	 0.00000
624.10000	 0.00000	 0.00000
624.15000	 0.00000	 0.00000
624.20000	 0.00000	 0.00000
624.25000	 0.00000	 0.00000
624.30000	 0.00000	 0.00000
624.35000	 0.00000	 0.00000
624.40000	 0.00000	 0.00000
624.45000	 0.00000	 0.00000
624.50000	 0.00000	 0.00000
624.55000	 0.00000	 0.00000
624.60000	 0.00000	 0.00000
624.65000	 0.00000	 0.00000
624.70000	 0.00000	 0.00000
624.75000	 0.00000	 0.00000
624.80000	 0.00000	 0.00000
624.85000	 0.00000	 0.00000
624.90000	 0.00000	 0.00000
624.95000	 0.00000	 0.00000
625.00000	 0.00000	 0.00000
625.05000	 0.00000	 0.00000
625.10000	 0.00000	 0.00000
625.15000	 0.00000	 0.00000
625.20000	 0.00000	 0.00000
625.25000	 0.00000	 0.00000
625.30000	 0.00000	 0.00000
625.35000	 0.00000	 0.00000
625.40000	 0.00000	 0.00000
625.45000	 0.00000	 0.00000
625.50000	 0.00000	 0.00000
625.55000	 0.00000	 0.00000
625.60000	 0.00000	 0.00000
625.65000	 0.00000	 0.00000
625.70000	 0.00000	 0.00000
625.75000	 0.00000	 0.00000
625.80000	 0.00000	 0.00000
625.85000	 0.00000	 0.00000
625.90000	 0.00000	 0.00000
625.95000	 0.00000	 0.00000
626.00000	 0.00000	 0.00000
626.05000	 0.00000	 0.00000
626.10000	 0.00000	 0.00000
626.15000	 0.00000	 0.00000
626.20000	 0.00000	 0.00000
626.25000	 0.00000	 0.00000
626.30000	 0.00000	 0.00000
626.35000	 0.00000	 0.00000
626.40000	 0.00000	 0.00000
626.45000	 0.00000	 0.00000
626.50000	 0.00000	 0.00000
626.55000	 0.00000	 0.00000
626.60000	 0.00000	 0.00000
626.65000	 0.00000	 0.00000
626.70000	 0.00000	 0.00000
626.75000	 0.00000	 0.00000
626.80000	 0.00000	 0.00000
626.85000	 0.00000	 0.00000
626.90000	 0.00000	 0.00000
626.95000	 0.00000	 0.00000
627.00000	 0.00000	 0.00000
627.05000	 0.00000	 0.00000
627.10000	 0.00000	 0.00000
627.15000	 0.00000	 0.00000
627.20000	 0.00000	 0.00000
627.25000	 0.00000	 0.00000
627.30000	 0.00000	 0.00000
627.35000	 0.00000	 0.00000
627.40000	 0.00000	 0.00000
627.45000	 0.00000	 0.00000
627.50000	 0.00000	 0.00000
627.55000	 0.00000	 0.00000
627.60000	 0.00000	 0.00000
627.65000	 0.00000	 0.00000
627.70000	 0.00000	 0.00000
627.75000	 0.00000	 0.00000
627.80000	 0.00000	 0.00000
627.85000	 0.00000	 0.00000
627.90000	 0.00000	 0.00000
627.95000	 0.00000	 0.00000
628.00000	 0.00000	 0.00000
628.05000	 0.00000	 0.00000
628.10000	 0.00000	 0.00000
628.15000	 0.00000	 0.00000
628.20000	 0.00000	 0.00000
628.25000	 0.00000	 0.00000
628.30000	 0.00000	 0.00000
628.35000	 0.00000	 0.00000
628.40000	 0.00000	 0.00000
628.45000	 0.00000	 0.00000
628.50000	 0.00000	 0.00000
628.55000	 0.00000	 0.00000
628.60000	 0.00000	 0.00000
628.65000	 0.00000	 0.00000
628.70000	 0.00000	 0.00000
628.75000	 0.00000	 0.00000
628.80000	 0.00000	 0.00000
628.85000	 0.00000	 0.00000
628.90000	 0.00000	 0.00000
628.95000	 0.00000	 0.00000
629.00000	 0.00000	 0.00000
629.05000	 0.00000	 0.00000
629.10000	 0.00000	 0.00000
629.15000	 0.00000	 0.00000
629.20000	 0.00000	 0.00000
629.25000	 0.00000	 0.00000
629.30000	 0.00000	 0.00000
629.35000	 0.00000	 0.00000
629.40000	 0.00000	 0.00000
629.45000	 0.00000	 0.00000
629.50000	 0.00000	 0.00000
629.55000	 0.00000	 0.00000
629.60000	 0.00000	 0.00000
629.65000	 0.00000	 0.00000
629.70000	 0.00000	 0.00000
629.75000	 0.00000	 0.00000
629.80000	 0.00000	 0.00000
629.85000	 0.00000	 0.00000
629.90000	 0.00000	 0.00000
629.95000	 0.00000	 0.00000
630.00000	 0.00000	 0.00000
630.05000	 0.00000	 0.00000
630.10000	 0.00000	 0.00000
630.15000	 0.00000	 0.00000
630.20000	 0.00000	 0.00000
630.25000	 0.00000	 0.00000
630.30000	 0.00000	 0.00000
630.35000	 0.00000	 0.00000
630.40000	 0.00000	 0.00000
630.45000	 0.00000	 0.00000
630.50000	 0.00000	 0.00000
630.55000	 0.00000	 0.00000
630.60000	 0.00000	 0.00000
630.65000	 0.00000	 0.00000
630.70000	 0.00000	 0.00000
630.75000	 0.00000	 0.00000
630.80000	 0.00000	 0.00000
630.85000	 0.00000	 0.00000
630.90000	 0.00000	 0.00000
630.95000	 0.00000	 0.00000
631.00000	 0.00000	 0.00000
631.05000	 0.00000	 0.00000
631.10000	 0.00000	 0.00000
631.15000	 0.00000	 0.00000
631.20000	 0.00000	 0.00000
631.25000	 0.00000	 0.00000
631.30000	 0.00000	 0.00000
631.35000	 0.00000	 0.00000
631.40000	 0.00000	 0.00000
631.45000	 0.00000	 0.00000
631.50000	 0.00000	 0.00000
631.55000	 0.00000	 0.00000
631.60000	 0.00000	 0.00000
631.65000	 0.00000	 0.00000
631.70000	 0.00000	 0.00000
631.75000	 0.00000	 0.00000
631.80000	 0.00000	 0.00000
631.85000	 0.00000	 0.00000
631.90000	 0.00000	 0.00000
631.95000	 0.00000	 0.00000
632.00000	 0.00000	 0.00000
632.05000	 0.00000	 0.00000
632.10000	 0.00000	 0.00000
632.15000	 0.00000	 0.00000
632.20000	 0.00000	 0.00000
632.25000	 0.00000	 0.00000
632.30000	 0.00000	 0.00000
632.35000	 0.00000	 0.00000
632.40000	 0.00000	 0.00000
632.45000	 0.00000	 0.00000
632.50000	 0.00000	 0.00000
632.55000	 0.00000	 0.00000
632.60000	 0.00000	 0.00000
632.65000	 0.00000	 0.00000
632.70000	 0.00000	 0.00000
632.75000	 0.00000	 0.00000
632.80000	 0.00000	 0.00000
632.85000	 0.00000	 0.00000
632.90000	 0.00000	 0.00000
632.95000	 0.00000	 0.00000
633.00000	 0.00000	 0.00000
633.05000	 0.00000	 0.00000
633.10000	 0.00000	 0.00000
633.15000	 0.00000	 0.00000
633.20000	 0.00000	 0.00000
633.25000	 0.00000	 0.00000
633.30000	 0.00000	 0.00000
633.35000	 0.00000	 0.00000
633.40000	 0.00000	 0.00000
633.45000	 0.00000	 0.00000
633.50000	 0.00000	 0.00000
633.55000	 0.00000	 0.00000
633.60000	 0.00000	 0.00000
633.65000	 0.00000	 0.00000
633.70000	 0.00000	 0.00000
633.75000	 0.00000	 0.00000
633.80000	 0.00000	 0.00000
633.85000	 0.00000	 0.00000
633.90000	 0.00000	 0.00000
633.95000	 0.00000	 0.00000
634.00000	 0.00000	 0.00000
634.05000	 0.00000	 0.00000
634.10000	 0.00000	 0.00000
634.15000	 0.00000	 0.00000
634.20000	 0.00000	 0.00000
634.25000	 0.00000	 0.00000
634.30000	 0.00000	 0.00000
634.35000	 0.00000	 0.00000
634.40000	 0.00000	 0.00000
634.45000	 0.00000	 0.00000
634.50000	 0.00000	 0.00000
634.55000	 0.00000	 0.00000
634.60000	 0.00000	 0.00000
634.65000	 0.00000	 0.00000
634.70000	 0.00000	 0.00000
634.75000	 0.00000	 0.00000
634.80000	 0.00000	 0.00000
634.85000	 0.00000	 0.00000
634.90000	 0.00000	 0.00000
634.95000	 0.00000	 0.00000
635.00000	 0.00000	 0.00000
635.05000	 0.00000	 0.00000
635.10000	 0.00000	 0.00000
635.15000	 0.00000	 0.00000
635.20000	 0.00000	 0.00000
635.25000	 0.00000	 0.00000
635.30000	 0.00000	 0.00000
635.35000	 0.00000	 0.00000
635.40000	 0.00000	 0.00000
635.45000	 0.00000	 0.00000
635.50000	 0.00000	 0.00000
635.55000	 0.00000	 0.00000
635.60000	 0.00000	 0.00000
635.65000	 0.00000	 0.00000
635.70000	 0.00000	 0.00000
635.75000	 0.00000	 0.00000
635.80000	 0.00000	 0.00000
635.85000	 0.00000	 0.00000
635.90000	 0.00000	 0.00000
635.95000	 0.00000	 0.00000
636.00000	 0.00000	 0.00000
636.05000	 0.00000	 0.00000
636.10000	 0.00000	 0.00000
636.15000	 0.00000	 0.00000
636.20000	 0.00000	 0.00000
636.25000	 0.00000	 0.00000
636.30000	 0.00000	 0.00000
636.35000	 0.00000	 0.00000
636.40000	 0.00000	 0.00000
636.45000	 0.00000	 0.00000
636.50000	 0.00000	 0.00000
636.55000	 0.00000	 0.00000
636.60000	 0.00000	 0.00000
636.65000	 0.00000	 0.00000
636.70000	 0.00000	 0.00000
636.75000	 0.00000	 0.00000
636.80000	 0.00000	 0.00000
636.85000	 0.00000	 0.00000
636.90000	 0.00000	 0.00000
636.95000	 0.00000	 0.00000
637.00000	 0.00000	 0.00000
637.05000	 0.00000	 0.00000
637.10000	 0.00000	 0.00000
637.15000	 0.00000	 0.00000
637.20000	 0.00000	 0.00000
637.25000	 0.00000	 0.00000
637.30000	 0.00000	 0.00000
637.35000	 0.00000	 0.00000
637.40000	 0.00000	 0.00000
637.45000	 0.00000	 0.00000
637.50000	 0.00000	 0.00000
637.55000	 0.00000	 0.00000
637.60000	 0.00000	 0.00000
637.65000	 0.00000	 0.00000
637.70000	 0.00000	 0.00000
637.75000	 0.00000	 0.00000
637.80000	 0.00000	 0.00000
637.85000	 0.00000	 0.00000
637.90000	 0.00000	 0.00000
637.95000	 0.00000	 0.00000
638.00000	 0.00000	 0.00000
638.05000	 0.00000	 0.00000
638.10000	 0.00000	 0.00000
638.15000	 0.00000	 0.00000
638.20000	 0.00000	 0.00000
638.25000	 0.00000	 0.00000
638.30000	 0.00000	 0.00000
638.35000	 0.00000	 0.00000
638.40000	 0.00000	 0.00000
638.45000	 0.00000	 0.00000
638.50000	 0.00000	 0.00000
638.55000	 0.00000	 0.00000
638.60000	 0.00000	 0.00000
638.65000	 0.00000	 0.00000
638.70000	 0.00000	 0.00000
638.75000	 0.00000	 0.00000
638.80000	 0.00000	 0.00000
638.85000	 0.00000	 0.00000
638.90000	 0.00000	 0.00000
638.95000	 0.00000	 0.00000
639.00000	 0.00000	 0.00000
639.05000	 0.00000	 0.00000
639.10000	 0.00000	 0.00000
639.15000	 0.00000	 0.00000
639.20000	 0.00000	 0.00000
639.25000	 0.00000	 0.00000
639.30000	 0.00000	 0.00000
639.35000	 0.00000	 0.00000
639.40000	 0.00000	 0.00000
639.45000	 0.00000	 0.00000
639.50000	 0.00000	 0.00000
639.55000	 0.00000	 0.00000
639.60000	 0.00000	 0.00000
639.65000	 0.00000	 0.00000
639.70000	 0.00000	 0.00000
639.75000	 0.00000	 0.00000
639.80000	 0.00000	 0.00000
639.85000	 0.00000	 0.00000
639.90000	 0.00000	 0.00000
639.95000	 0.00000	 0.00000
640.00000	 0.00000	 0.00000
640.05000	 0.00000	 0.00000
640.10000	 0.00000	 0.00000
640.15000	 0.00000	 0.00000
640.20000	 0.00000	 0.00000
640.25000	 0.00000	 0.00000
640.30000	 0.00000	 0.00000
640.35000	 0.00000	 0.00000
640.40000	 0.00000	 0.00000
640.45000	 0.00000	 0.00000
640.50000	 0.00000	 0.00000
640.55000	 0.00000	 0.00000
640.60000	 0.00000	 0.00000
640.65000	 0.00000	 0.00000
640.70000	 0.00000	 0.00000
640.75000	 0.00000	 0.00000
640.80000	 0.00000	 0.00000
640.85000	 0.00000	 0.00000
640.90000	 0.00000	 0.00000
640.95000	 0.00000	 0.00000
641.00000	 0.00000	 0.00000
641.05000	 0.00000	 0.00000
641.10000	 0.00000	 0.00000
641.15000	 0.00000	 0.00000
641.20000	 0.00000	 0.00000
641.25000	 0.00000	 0.00000
641.30000	 0.00000	 0.00000
641.35000	 0.00000	 0.00000
641.40000	 0.00000	 0.00000
641.45000	 0.00000	 0.00000
641.50000	 0.00000	 0.00000
641.55000	 0.00000	 0.00000
641.60000	 0.00000	 0.00000
641.65000	 0.00000	 0.00000
641.70000	 0.00000	 0.00000
641.75000	 0.00000	 0.00000
641.80000	 0.00000	 0.00000
641.85000	 0.00000	 0.00000
641.90000	 0.00000	 0.00000
641.95000	 0.00000	 0.00000
642.00000	 0.00000	 0.00000
642.05000	 0.00000	 0.00000
642.10000	 0.00000	 0.00000
642.15000	 0.00000	 0.00000
642.20000	 0.00000	 0.00000
642.25000	 0.00000	 0.00000
642.30000	 0.00000	 0.00000
642.35000	 0.00000	 0.00000
642.40000	 0.00000	 0.00000
642.45000	 0.00000	 0.00000
642.50000	 0.00000	 0.00000
642.55000	 0.00000	 0.00000
642.60000	 0.00000	 0.00000
642.65000	 0.00000	 0.00000
642.70000	 0.00000	 0.00000
642.75000	 0.00000	 0.00000
642.80000	 0.00000	 0.00000
642.85000	 0.00000	 0.00000
642.90000	 0.00000	 0.00000
642.95000	 0.00000	 0.00000
643.00000	 0.00000	 0.00000
643.05000	 0.00000	 0.00000
643.10000	 0.00000	 0.00000
643.15000	 0.00000	 0.00000
643.20000	 0.00000	 0.00000
643.25000	 0.00000	 0.00000
643.30000	 0.00000	 0.00000
643.35000	 0.00000	 0.00000
643.40000	 0.00000	 0.00000
643.45000	 0.00000	 0.00000
643.50000	 0.00000	 0.00000
643.55000	 0.00000	 0.00000
643.60000	 0.00000	 0.00000
643.65000	 0.00000	 0.00000
643.70000	 0.00000	 0.00000
643.75000	 0.00000	 0.00000
643.80000	 0.00000	 0.00000
643.85000	 0.00000	 0.00000
643.90000	 0.00000	 0.00000
643.95000	 0.00000	 0.00000
644.00000	 0.00000	 0.00000
644.05000	 0.00000	 0.00000
644.10000	 0.00000	 0.00000
644.15000	 0.00000	 0.00000
644.20000	 0.00000	 0.00000
644.25000	 0.00000	 0.00000
644.30000	 0.00000	 0.00000
644.35000	 0.00000	 0.00000
644.40000	 0.00000	 0.00000
644.45000	 0.00000	 0.00000
644.50000	 0.00000	 0.00000
644.55000	 0.00000	 0.00000
644.60000	 0.00000	 0.00000
644.65000	 0.00000	 0.00000
644.70000	 0.00000	 0.00000
644.75000	 0.00000	 0.00000
644.80000	 0.00000	 0.00000
644.85000	 0.00000	 0.00000
644.90000	 0.00000	 0.00000
644.95000	 0.00000	 0.00000
645.00000	 0.00000	 0.00000
645.05000	 0.00000	 0.00000
645.10000	 0.00000	 0.00000
645.15000	 0.00000	 0.00000
645.20000	 0.00000	 0.00000
645.25000	 0.00000	 0.00000
645.30000	 0.00000	 0.00000
645.35000	 0.00000	 0.00000
645.40000	 0.00000	 0.00000
645.45000	 0.00000	 0.00000
645.50000	 0.00000	 0.00000
645.55000	 0.00000	 0.00000
645.60000	 0.00000	 0.00000
645.65000	 0.00000	 0.00000
645.70000	 0.00000	 0.00000
645.75000	 0.00000	 0.00000
645.80000	 0.00000	 0.00000
645.85000	 0.00000	 0.00000
645.90000	 0.00000	 0.00000
645.95000	 0.00000	 0.00000
646.00000	 0.00000	 0.00000
646.05000	 0.00000	 0.00000
646.10000	 0.00000	 0.00000
646.15000	 0.00000	 0.00000
646.20000	 0.00000	 0.00000
646.25000	 0.00000	 0.00000
646.30000	 0.00000	 0.00000
646.35000	 0.00000	 0.00000
646.40000	 0.00000	 0.00000
646.45000	 0.00000	 0.00000
646.50000	 0.00000	 0.00000
646.55000	 0.00000	 0.00000
646.60000	 0.00000	 0.00000
646.65000	 0.00000	 0.00000
646.70000	 0.00000	 0.00000
646.75000	 0.00000	 0.00000
646.80000	 0.00000	 0.00000
646.85000	 0.00000	 0.00000
646.90000	 0.00000	 0.00000
646.95000	 0.00000	 0.00000
647.00000	 0.00000	 0.00000
647.05000	 0.00000	 0.00000
647.10000	 0.00000	 0.00000
647.15000	 0.00000	 0.00000
647.20000	 0.00000	 0.00000
647.25000	 0.00000	 0.00000
647.30000	 0.00000	 0.00000
647.35000	 0.00000	 0.00000
647.40000	 0.00000	 0.00000
647.45000	 0.00000	 0.00000
647.50000	 0.00000	 0.00000
647.55000	 0.00000	 0.00000
647.60000	 0.00000	 0.00000
647.65000	 0.00000	 0.00000
647.70000	 0.00000	 0.00000
647.75000	 0.00000	 0.00000
647.80000	 0.00000	 0.00000
647.85000	 0.00000	 0.00000
647.90000	 0.00000	 0.00000
647.95000	 0.00000	 0.00000
648.00000	 0.00000	 0.00000
648.05000	 0.00000	 0.00000
648.10000	 0.00000	 0.00000
648.15000	 0.00000	 0.00000
648.20000	 0.00000	 0.00000
648.25000	 0.00000	 0.00000
648.30000	 0.00000	 0.00000
648.35000	 0.00000	 0.00000
648.40000	 0.00000	 0.00000
648.45000	 0.00000	 0.00000
648.50000	 0.00000	 0.00000
648.55000	 0.00000	 0.00000
648.60000	 0.00000	 0.00000
648.65000	 0.00000	 0.00000
648.70000	 0.00000	 0.00000
648.75000	 0.00000	 0.00000
648.80000	 0.00000	 0.00000
648.85000	 0.00000	 0.00000
648.90000	 0.00000	 0.00000
648.95000	 0.00000	 0.00000
649.00000	 0.00000	 0.00000
649.05000	 0.00000	 0.00000
649.10000	 0.00000	 0.00000
649.15000	 0.00000	 0.00000
649.20000	 0.00000	 0.00000
649.25000	 0.00000	 0.00000
649.30000	 0.00000	 0.00000
649.35000	 0.00000	 0.00000
649.40000	 0.00000	 0.00000
649.45000	 0.00000	 0.00000
649.50000	 0.00000	 0.00000
649.55000	 0.00000	 0.00000
649.60000	 0.00000	 0.00000
649.65000	 0.00000	 0.00000
649.70000	 0.00000	 0.00000
649.75000	 0.00000	 0.00000
649.80000	 0.00000	 0.00000
649.85000	 0.00000	 0.00000
649.90000	 0.00000	 0.00000
649.95000	 0.00000	 0.00000
650.00000	 0.00000	 0.00000
650.05000	 0.00000	 0.00000
650.10000	 0.00000	 0.00000
650.15000	 0.00000	 0.00000
650.20000	 0.00000	 0.00000
650.25000	 0.00000	 0.00000
650.30000	 0.00000	 0.00000
650.35000	 0.00000	 0.00000
650.40000	 0.00000	 0.00000
650.45000	 0.00000	 0.00000
650.50000	 0.00000	 0.00000
650.55000	 0.00000	 0.00000
650.60000	 0.00000	 0.00000
650.65000	 0.00000	 0.00000
650.70000	 0.00000	 0.00000
650.75000	 0.00000	 0.00000
650.80000	 0.00000	 0.00000
650.85000	 0.00000	 0.00000
650.90000	 0.00000	 0.00000
650.95000	 0.00000	 0.00000
651.00000	 0.00000	 0.00000
651.05000	 0.00000	 0.00000
651.10000	 0.00000	 0.00000
651.15000	 0.00000	 0.00000
651.20000	 0.00000	 0.00000
651.25000	 0.00000	 0.00000
651.30000	 0.00000	 0.00000
651.35000	 0.00000	 0.00000
651.40000	 0.00000	 0.00000
651.45000	 0.00000	 0.00000
651.50000	 0.00000	 0.00000
651.55000	 0.00000	 0.00000
651.60000	 0.00000	 0.00000
651.65000	 0.00000	 0.00000
651.70000	 0.00000	 0.00000
651.75000	 0.00000	 0.00000
651.80000	 0.00000	 0.00000
651.85000	 0.00000	 0.00000
651.90000	 0.00000	 0.00000
651.95000	 0.00000	 0.00000
652.00000	 0.00000	 0.00000
652.05000	 0.00000	 0.00000
652.10000	 0.00000	 0.00000
652.15000	 0.00000	 0.00000
652.20000	 0.00000	 0.00000
652.25000	 0.00000	 0.00000
652.30000	 0.00000	 0.00000
652.35000	 0.00000	 0.00000
652.40000	 0.00000	 0.00000
652.45000	 0.00000	 0.00000
652.50000	 0.00000	 0.00000
652.55000	 0.00000	 0.00000
652.60000	 0.00000	 0.00000
652.65000	 0.00000	 0.00000
652.70000	 0.00000	 0.00000
652.75000	 0.00000	 0.00000
652.80000	 0.00000	 0.00000
652.85000	 0.00000	 0.00000
652.90000	 0.00000	 0.00000
652.95000	 0.00000	 0.00000
653.00000	 0.00000	 0.00000
653.05000	 0.00000	 0.00000
653.10000	 0.00000	 0.00000
653.15000	 0.00000	 0.00000
653.20000	 0.00000	 0.00000
653.25000	 0.00000	 0.00000
653.30000	 0.00000	 0.00000
653.35000	 0.00000	 0.00000
653.40000	 0.00000	 0.00000
653.45000	 0.00000	 0.00000
653.50000	 0.00000	 0.00000
653.55000	 0.00000	 0.00000
653.60000	 0.00000	 0.00000
653.65000	 0.00000	 0.00000
653.70000	 0.00000	 0.00000
653.75000	 0.00000	 0.00000
653.80000	 0.00000	 0.00000
653.85000	 0.00000	 0.00000
653.90000	 0.00000	 0.00000
653.95000	 0.00000	 0.00000
654.00000	 0.00000	 0.00000
654.05000	 0.00000	 0.00000
654.10000	 0.00000	 0.00000
654.15000	 0.00000	 0.00000
654.20000	 0.00000	 0.00000
654.25000	 0.00000	 0.00000
654.30000	 0.00000	 0.00000
654.35000	 0.00000	 0.00000
654.40000	 0.00000	 0.00000
654.45000	 0.00000	 0.00000
654.50000	 0.00000	 0.00000
654.55000	 0.00000	 0.00000
654.60000	 0.00000	 0.00000
654.65000	 0.00000	 0.00000
654.70000	 0.00000	 0.00000
654.75000	 0.00000	 0.00000
654.80000	 0.00000	 0.00000
654.85000	 0.00000	 0.00000
654.90000	 0.00000	 0.00000
654.95000	 0.00000	 0.00000
655.00000	 0.00000	 0.00000
655.05000	 0.00000	 0.00000
655.10000	 0.00000	 0.00000
655.15000	 0.00000	 0.00000
655.20000	 0.00000	 0.00000
655.25000	 0.00000	 0.00000
655.30000	 0.00000	 0.00000
655.35000	 0.00000	 0.00000
655.40000	 0.00000	 0.00000
655.45000	 0.00000	 0.00000
655.50000	 0.00000	 0.00000
655.55000	 0.00000	 0.00000
655.60000	 0.00000	 0.00000
655.65000	 0.00000	 0.00000
655.70000	 0.00000	 0.00000
655.75000	 0.00000	 0.00000
655.80000	 0.00000	 0.00000
655.85000	 0.00000	 0.00000
655.90000	 0.00000	 0.00000
655.95000	 0.00000	 0.00000
656.00000	 0.00000	 0.00000
656.05000	 0.00000	 0.00000
656.10000	 0.00000	 0.00000
656.15000	 0.00000	 0.00000
656.20000	 0.00000	 0.00000
656.25000	 0.00000	 0.00000
656.30000	 0.00000	 0.00000
656.35000	 0.00000	 0.00000
656.40000	 0.00000	 0.00000
656.45000	 0.00000	 0.00000
656.50000	 0.00000	 0.00000
656.55000	 0.00000	 0.00000
656.60000	 0.00000	 0.00000
656.65000	 0.00000	 0.00000
656.70000	 0.00000	 0.00000
656.75000	 0.00000	 0.00000
656.80000	 0.00000	 0.00000
656.85000	 0.00000	 0.00000
656.90000	 0.00000	 0.00000
656.95000	 0.00000	 0.00000
657.00000	 0.00000	 0.00000
657.05000	 0.00000	 0.00000
657.10000	 0.00000	 0.00000
657.15000	 0.00000	 0.00000
657.20000	 0.00000	 0.00000
657.25000	 0.00000	 0.00000
657.30000	 0.00000	 0.00000
657.35000	 0.00000	 0.00000
657.40000	 0.00000	 0.00000
657.45000	 0.00000	 0.00000
657.50000	 0.00000	 0.00000
657.55000	 0.00000	 0.00000
657.60000	 0.00000	 0.00000
657.65000	 0.00000	 0.00000
657.70000	 0.00000	 0.00000
657.75000	 0.00000	 0.00000
657.80000	 0.00000	 0.00000
657.85000	 0.00000	 0.00000
657.90000	 0.00000	 0.00000
657.95000	 0.00000	 0.00000
658.00000	 0.00000	 0.00000
658.05000	 0.00000	 0.00000
658.10000	 0.00000	 0.00000
658.15000	 0.00000	 0.00000
658.20000	 0.00000	 0.00000
658.25000	 0.00000	 0.00000
658.30000	 0.00000	 0.00000
658.35000	 0.00000	 0.00000
658.40000	 0.00000	 0.00000
658.45000	 0.00000	 0.00000
658.50000	 0.00000	 0.00000
658.55000	 0.00000	 0.00000
658.60000	 0.00000	 0.00000
658.65000	 0.00000	 0.00000
658.70000	 0.00000	 0.00000
658.75000	 0.00000	 0.00000
658.80000	 0.00000	 0.00000
658.85000	 0.00000	 0.00000
658.90000	 0.00000	 0.00000
658.95000	 0.00000	 0.00000
659.00000	 0.00000	 0.00000
659.05000	 0.00000	 0.00000
659.10000	 0.00000	 0.00000
659.15000	 0.00000	 0.00000
659.20000	 0.00000	 0.00000
659.25000	 0.00000	 0.00000
659.30000	 0.00000	 0.00000
659.35000	 0.00000	 0.00000
659.40000	 0.00000	 0.00000
659.45000	 0.00000	 0.00000
659.50000	 0.00000	 0.00000
659.55000	 0.00000	 0.00000
659.60000	 0.00000	 0.00000
659.65000	 0.00000	 0.00000
659.70000	 0.00000	 0.00000
659.75000	 0.00000	 0.00000
659.80000	 0.00000	 0.00000
659.85000	 0.00000	 0.00000
659.90000	 0.00000	 0.00000
659.95000	 0.00000	 0.00000
660.00000	 0.00000	 0.00000
660.05000	 0.00000	 0.00000
660.10000	 0.00000	 0.00000
660.15000	 0.00000	 0.00000
660.20000	 0.00000	 0.00000
660.25000	 0.00000	 0.00000
660.30000	 0.00000	 0.00000
660.35000	 0.00000	 0.00000
660.40000	 0.00001	 0.00000
660.45000	 0.00001	 0.00000
660.50000	 0.00001	 0.00000
660.55000	 0.00001	 0.00000
660.60000	 0.00001	 0.00000
660.65000	 0.00001	 0.00000
660.70000	 0.00001	 0.00000
660.75000	 0.00001	 0.00000
660.80000	 0.00001	 0.00000
660.85000	 0.00001	 0.00000
660.90000	 0.00001	 0.00000
660.95000	 0.00001	 0.00000
661.00000	 0.00001	 0.00000
661.05000	 0.00001	 0.00000
661.10000	 0.00001	 0.00000
661.15000	 0.00001	 0.00000
661.20000	 0.00001	 0.00000
661.25000	 0.00001	 0.00000
661.30000	 0.00001	 0.00000
661.35000	 0.00001	 0.00000
661.40000	 0.00002	 0.00000
661.45000	 0.00002	 0.00000
661.50000	 0.00002	 0.00000
661.55000	 0.00002	 0.00000
661.60000	 0.00002	 0.00000
661.65000	 0.00002	 0.00000
661.70000	 0.00002	 0.00000
661.75000	 0.00002	 0.00000
661.80000	 0.00002	 0.00000
661.85000	 0.00003	 0.00000
661.90000	 0.00003	 0.00000
661.95000	 0.00003	 0.00000
662.00000	 0.00003	 0.00000
662.05000	 0.00003	 0.00000
662.10000	 0.00003	 0.00000
662.15000	 0.00004	 0.00000
662.20000	 0.00004	 0.00000
662.25000	 0.00004	 0.00000
662.30000	 0.00004	 0.00000
662.35000	 0.00004	 0.00000
662.40000	 0.00005	 0.00000
662.45000	 0.00005	 0.00000
662.50000	 0.00005	 0.00000
662.55000	 0.00006	 0.00000
662.60000	 0.00006	 0.00000
662.65000	 0.00006	 0.00000
662.70000	 0.00006	 0.00000
662.75000	 0.00007	 0.00000
662.80000	 0.00007	 0.00000
662.85000	 0.00008	 0.00000
662.90000	 0.00008	 0.00000
662.95000	 0.00009	 0.00000
663.00000	 0.00009	 0.00000
663.05000	 0.00010	 0.00000
663.10000	 0.00010	 0.00000
663.15000	 0.00011	 0.00000
663.20000	 0.00011	 0.00000
663.25000	 0.00012	 0.00000
663.30000	 0.00013	 0.00000
663.35000	 0.00013	 0.00000
663.40000	 0.00014	 0.00000
663.45000	 0.00015	 0.00000
663.50000	 0.00016	 0.00000
663.55000	 0.00017	 0.00000
663.60000	 0.00017	 0.00000
663.65000	 0.00018	 0.00000
663.70000	 0.00019	 0.00000
663.75000	 0.00021	 0.00000
663.80000	 0.00022	 0.00000
663.85000	 0.00023	 0.00000
663.90000	 0.00024	 0.00000
663.95000	 0.00026	 0.00000
664.00000	 0.00027	 0.00000
664.05000	 0.00029	 0.00000
664.10000	 0.00030	 0.00000
664.15000	 0.00032	 0.00000
664.20000	 0.00034	 0.00000
664.25000	 0.00036	 0.00000
664.30000	 0.00038	 0.00000
664.35000	 0.00040	 0.00000
664.40000	 0.00042	 0.00000
664.45000	 0.00044	 0.00000
664.50000	 0.00047	 0.00000
664.55000	 0.00050	 0.00000
664.60000	 0.00052	 0.00000
664.65000	 0.00055	 0.00000
664.70000	 0.00059	 0.00000
664.75000	 0.00062	 0.00000
664.80000	 0.00065	 0.00000
664.85000	 0.00069	 0.00000
664.90000	 0.00073	 0.00000
664.95000	 0.00077	 0.00000
665.00000	 0.00081	 0.00000
665.05000	 0.00086	 0.00000
665.10000	 0.00091	 0.00000
665.15000	 0.00096	 0.00000
665.20000	 0.00102	 0.00000
665.25000	 0.00107	 0.00000
665.30000	 0.00113	 0.00000
665.35000	 0.00120	 0.00000
665.40000	 0.00127	 0.00000
665.45000	 0.00134	 0.00000
665.50000	 0.00141	 0.00000
665.55000	 0.00149	 0.00000
665.60000	 0.00158	 0.00000
665.65000	 0.00167	 0.00000
665.70000	 0.00176	 0.00000
665.75000	 0.00186	 0.00000
665.80000	 0.00196	 0.00000
665.85000	 0.00208	 0.00000
665.90000	 0.00219	 0.00000
665.95000	 0.00232	 0.00000
666.00000	 0.00245	 0.00000
666.05000	 0.00259	 0.00000
666.10000	 0.00273	 0.00000
666.15000	 0.00289	 0.00000
666.20000	 0.00305	 0.00000
666.25000	 0.00322	 0.00000
666.30000	 0.00340	 0.00000
666.35000	 0.00360	 0.00000
666.40000	 0.00380	 0.00000
666.45000	 0.00402	 0.00000
666.50000	 0.00424	 0.00000
666.55000	 0.00448	 0.00000
666.60000	 0.00474	 0.00000
666.65000	 0.00500	 0.00000
666.70000	 0.00529	 0.00000
666.75000	 0.00559	 0.00000
666.80000	 0.00590	 0.00000
666.85000	 0.00624	 0.00000
666.90000	 0.00659	 0.00000
666.95000	 0.00696	 0.00000
667.00000	 0.00735	 0.00000
667.05000	 0.00777	 0.00000
667.10000	 0.00821	 0.00000
667.15000	 0.00867	 0.00000
667.20000	 0.00916	 0.00000
667.25000	 0.00968	 0.00000
667.30000	 0.01023	 0.00000
667.35000	 0.01081	 0.00000
667.40000	 0.01142	 0.00000
667.45000	 0.01206	 0.00000
667.50000	 0.01275	 0.00000
667.55000	 0.01347	 0.00000
667.60000	 0.01423	 0.00000
667.65000	 0.01503	 0.00000
667.70000	 0.01588	 0.00000
667.75000	 0.01678	 0.00000
667.80000	 0.01773	 0.00000
667.85000	 0.01873	 0.00000
667.90000	 0.01979	 0.00000
667.95000	 0.02091	 0.00000
668.00000	 0.02209	 0.00000
668.05000	 0.02334	 0.00000
668.10000	 0.02466	 0.00000
668.15000	 0.02605	 0.00000
668.20000	 0.02753	 0.00000
668.25000	 0.02908	 0.00000
668.30000	 0.03073	 0.00000
668.35000	 0.03247	 0.00000
668.40000	 0.03430	 0.00000
668.45000	 0.03624	 0.00000
668.50000	 0.03829	 0.00000
668.55000	 0.04046	 0.00000
668.60000	 0.04274	 0.00000
668.65000	 0.04516	 0.00000
668.70000	 0.04771	 0.00000
668.75000	 0.05041	 0.00000
668.80000	 0.05326	 0.00000
668.85000	 0.05627	 0.00000
668.90000	 0.05945	 0.00000
668.95000	 0.06281	 0.00000
669.00000	 0.06637	 0.00000
669.05000	 0.07012	 0.00000
669.10000	 0.07408	 0.00000
669.15000	 0.07827	 0.00000
669.20000	 0.08270	 0.00000
669.25000	 0.08737	 0.00000
669.30000	 0.09231	 0.00000
669.35000	 0.09753	 0.00000
669.40000	 0.10305	 0.00000
669.45000	 0.10887	 0.00000
669.50000	 0.11503	 0.00000
669.55000	 0.12153	 0.00000
669.60000	 0.12841	 0.00000
669.65000	 0.13567	 0.00000
669.70000	 0.14334	 0.00000
669.75000	 0.15144	 0.00000
669.80000	 0.16000	 0.00000
669.85000	 0.16905	 0.00000
669.90000	 0.17861	 0.00000
669.95000	 0.18871	 0.00000
670.00000	 0.19938	 0.00000
670.05000	 0.21065	 0.00000
670.10000	 0.22256	 0.00000
670.15000	 0.23514	 0.00000
670.20000	 0.24844	 0.00000
670.25000	 0.26248	 0.00000
670.30000	 0.27733	 0.00000
670.35000	 0.29301	 0.00000
670.40000	 0.30957	 0.00000
670.45000	 0.32708	 0.00000
670.50000	 0.34557	 0.00000
670.55000	 0.36511	 0.00000
670.60000	 0.38575	 0.00000
670.65000	 0.40756	 0.00000
670.70000	 0.43060	 0.00000
670.75000	 0.45495	 0.00000
670.80000	 0.48067	 0.00000
670.85000	 0.50785	 0.00000
670.90000	 0.53657	 0.00000
670.95000	 0.56690	 0.00000
671.00000	 0.59896	 0.00000
671.05000	 0.63282	 0.00000
671.10000	 0.66860	 0.00000
671.15000	 0.70641	 0.00000
671.20000	 0.74635	 0.00000
671.25000	 0.78855	 0.00000
671.30000	 0.83313	 0.00000
671.35000	 0.88024	 0.00000
671.40000	 0.93001	 0.00000
671.45000	 0.98259	 0.00000
671.50000	 1.03815	 0.00000
671.55000	 1.09684	 0.00000
671.60000	 1.15886	 0.00000
671.65000	 1.22438	 0.00000
671.70000	 1.29361	 0.00000
671.75000	 1.36675	 0.00000
671.80000	 1.44403	 0.00000
671.85000	 1.52567	 0.00000
671.90000	 1.61194	 0.00000
671.95000	 1.70308	 0.00000
672.00000	 1.79937	 0.00000
672.05000	 1.90111	 0.00000
672.10000	 2.00860	 0.00000
672.15000	 2.12216	 0.00000
672.20000	 2.24215	 0.00000
672.25000	 2.36892	 0.00000
672.30000	 2.50286	 0.00000
672.35000	 2.64438	 0.00000
672.40000	 2.79389	 0.00000
672.45000	 2.95186	 0.00000
672.50000	 3.11876	 0.00000
672.55000	 3.29510	 0.00000
672.60000	 3.48140	 0.00000
672.65000	 3.67824	 0.00000
672.70000	 3.88622	 0.00000
672.75000	 4.10594	 0.00000
672.80000	 4.33810	 0.00000
672.85000	 4.58338	 0.00000
672.90000	 4.84252	 0.00000
672.95000	 5.11632	 0.00000
673.00000	 5.40560	 0.00000
673.05000	 5.71124	 0.00000
673.10000	 6.03415	 0.00000
673.15000	 6.37533	 0.00000
673.20000	 6.73579	 0.00000
673.25000	 7.11664	 0.00000
673.30000	 7.51902	 0.00000
673.35000	 7.94415	 0.00000
673.40000	 8.39332	 0.00000
673.45000	 8.86788	 0.00000
673.50000	 9.36927	 0.00000
673.55000	 9.89902	 0.00000
673.60000	 10.45872	 0.00000
673.65000	 11.05006	 0.00000
673.70000	 11.67484	 0.00000
673.75000	 12.33494	 0.00000
673.80000	 13.03236	 0.00000
673.85000	 13.76922	 0.00000
673.90000	 14.54774	 0.00000
673.95000	 15.37028	 0.00000
674.00000	 16.23932	 0.00000
674.05000	 17.15750	 0.00000
674.10000	 18.12760	 0.00000
674.15000	 19.15255	 0.00000
674.20000	 20.23544	 0.00000
674.25000	 21.37957	 0.00000
674.30000	 22.58838	 0.00000
674.35000	 23.86554	 0.00000
674.40000	 25.21492	 0.00000
674.45000	 26.64058	 0.00000
674.50000	 28.14686	 0.00000
674.55000	 29.73830	 0.00000
674.60000	 31.41972	 0.00000
674.65000	 33.19621	 0.00000
674.70000	 35.07314	 0.00000
674.75000	 37.05620	 0.00000
674.80000	 39.15138	 0.00000
674.85000	 41.36502	 0.00000
674.90000	 43.70383	 0.00000
674.95000	 46.17486	 0.00000
675.00000	 48.78561	 0.00001
675.05000	 51.54396	 0.00003
675.10000	 54.45823	 0.00008
675.15000	 57.53716	 0.00025
675.20000	 60.78977	 0.00082
675.25000	 64.22478	 0.00284
675.30000	 67.84813	 0.01061
675.35000	 71.65146	 0.04265
675.40000	 75.55648	 0.18533
675.45000	 79.12746	 0.86982
675.50000	 80.08497	 4.30379
675.55000	 68.85834	 19.67050
675.60000	 34.72467	 56.53980
675.65000	 8.66364	 83.31982
675.70000	 1.58775	 90.18877
675.75000	 0.27367	 91.08979
675.80000	 0.04701	 90.86845
675.85000	 0.00813	 90.45521
675.90000	 0.00142	 90.01096
675.95000	 0.00025	 89.56323
676.00000	 0.00004	 89.11675
676.05000	 0.00001	 88.67231
676.10000	 0.00000	 88.23006
676.15000	 0.00000	 87.79002
676.20000	 0.00000	 87.35216
676.25000	 0.00000	 86.91649
676.30000	 0.00000	 86.48299
676.35000	 0.00000	 86.05166
676.40000	 0.00000	 85.62247
676.45000	 0.00000	 85.19543
676.50000	 0.00000	 84.77052
676.55000	 0.00000	 84.34772
676.60000	 0.00000	 83.92703
676.65000	 0.00000	 83.50845
676.70000	 0.00000	 83.09195
676.75000	 0.00000	 82.67752
676.80000	 0.00000	 82.26517
676.85000	 0.00000	 81.85487
676.90000	 0.00000	 81.44662
676.95000	 0.00000	 81.04040
677.00000	 0.00000	 80.63621
677.05000	 0.00000	 80.23403
677.10000	 0.00000	 79.83386
677.15000	 0.00000	 79.43569
677.20000	 0.00000	 79.03950
677.25000	 0.00000	 78.64529
677.30000	 0.00000	 78.25305
677.35000	 0.00000	 77.86276
677.40000	 0.00000	 77.47442
677.45000	 0.00000	 77.08801
677.50000	 0.00000	 76.70353
677.55000	 0.00000	 76.32097
677.60000	 0.00000	 75.94032
677.65000	 0.00000	 75.56157
677.70000	 0.00000	 75.18470
677.75000	 0.00000	 74.80972
677.80000	 0.00000	 74.43660
677.85000	 0.00000	 74.06535
677.90000	 0.00000	 73.69595
677.95000	 0.00000	 73.32839
678.00000	 0.00000	 72.96266
678.05000	 0.00000	 72.59876
678.10000	 0.00000	 72.23667
678.15000	 0.00000	 71.87639
678.20000	 0.00000	 71.51790
678.25000	 0.00000	 71.16120
678.30000	 0.00000	 70.80629
678.35000	 0.00000	 70.45314
678.40000	 0.00000	 70.10175
678.45000	 0.00000	 69.75212
678.50000	 0.00000	 69.40423
678.55000	 0.00000	 69.05807
678.60000	 0.00000	 68.71364
678.65000	 0.00000	 68.37093
678.70000	 0.00000	 68.02993
678.75000	 0.00000	 67.69063
678.80000	 0.00000	 67.35302
678.85000	 0.00000	 67.01710
678.90000	 0.00000	 66.68285
678.95000	 0.00000	 66.35027
679.00000	 0.00000	 66.01934
679.05000	 0.00000	 65.69007
679.10000	 0.00000	 65.36244
679.15000	 0.00000	 65.03644
679.20000	 0.00000	 64.71207
679.25000	 0.00000	 64.38932
679.30000	 0.00000	 64.06818
679.35000	 0.00000	 63.74864
679.40000	 0.00000	 63.43069
679.45000	 0.00000	 63.11433
679.50000	 0.00000	 62.79954
679.55000	 0.00000	 62.48633
679.60000	 0.00000	 62.17468
679.65000	 0.00000	 61.86458
679.70000	 0.00000	 61.55603
679.75000	 0.00000	 61.24902
679.80000	 0.00000	 60.94354
679.85000	 0.00000	 60.63958
679.90000	 0.00000	 60.33714
679.95000	 0.00000	 60.03620
680.00000	 0.00000	 59.73677
680.05000	 0.00000	 59.43883
680.10000	 0.00000	 59.14238
680.15000	 0.00000	 58.84741
680.20000	 0.00000	 58.55391
680.25000	 0.00000	 58.26187
680.30000	 0.00000	 57.97128
680.35000	 0.00000	 57.68215
680.40000	 0.00000	 57.39446
680.45000	 0.00000	 57.10820
680.50000	 0.00000	 56.82338
680.55000	 0.00000	 56.53997
680.60000	 0.00000	 56.25797
680.65000	 0.00000	 55.97739
680.70000	 0.00000	 55.69820
680.75000	 0.00000	 55.42040
680.80000	 0.00000	 55.14399
680.85000	 0.00000	 54.86896
680.90000	 0.00000	 54.59530
680.95000	 0.00000	 54.32300
681.00000	 0.00000	 54.05207
681.05000	 0.00000	 53.78248
681.10000	 0.00000	 53.51424
681.15000	 0.00000	 53.24734
681.20000	 0.00000	 52.98176
681.25000	 0.00000	 52.71752
681.30000	 0.00000	 52.45459
681.35000	 0.00000	 52.19297
681.40000	 0.00000	 51.93266
681.45000	 0.00000	 51.67364
681.50000	 0.00000	 51.41592
681.55000	 0.00000	 51.15948
681.60000	 0.00000	 50.90432
681.65000	 0.00000	 50.65043
681.70000	 0.00000	 50.39781
681.75000	 0.00000	 50.14645
681.80000	 0.00000	 49.89635
681.85000	 0.00000	 49.64749
681.90000	 0.00000	 49.39987
681.95000	 0.00000	 49.15349
682.00000	 0.00000	 48.90833
682.05000	 0.00000	 48.66440
682.10000	 0.00000	 48.42169
682.15000	 0.00000	 48.18018
682.20000	 0.00000	 47.93988
682.25000	 0.00000	 47.70078
682.30000	 0.00000	 47.46287
682.35000	 0.00000	 47.22615
682.40000	 0.00000	 46.99061
682.45000	 0.00000	 46.75624
682.50000	 0.00000	 46.52305
682.55000	 0.00000	 46.29101
682.60000	 0.00000	 46.06013
682.65000	 0.00000	 45.83041
682.70000	 0.00000	 45.60183
682.75000	 0.00000	 45.37439
682.80000	 0.00000	 45.14808
682.85000	 0.00000	 44.92290
682.90000	 0.00000	 44.69885
682.95000	 0.00000	 44.47591
683.00000	 0.00000	 44.25409
683.05000	 0.00000	 44.03337
683.10000	 0.00000	 43.81375
683.15000	 0.00000	 43.59523
683.20000	 0.00000	 43.37780
683.25000	 0.00000	 43.16145
683.30000	 0.00000	 42.94618
683.35000	 0.00000	 42.73199
683.40000	 0.00000	 42.51886
683.45000	 0.00000	 42.30680
683.50000	 0.00000	 42.09579
683.55000	 0.00000	 41.88584
683.60000	 0.00000	 41.67693
683.65000	 0.00000	 41.46907
683.70000	 0.00000	 41.26224
683.75000	 0.00000	 41.05644
683.80000	 0.00000	 40.85167
683.85000	 0.00000	 40.64792
683.90000	 0.00000	 40.44519
683.95000	 0.00000	 40.24347
684.00000	 0.00000	 40.04276
684.05000	 0.00000	 39.84304
684.10000	 0.00000	 39.64432
684.15000	 0.00000	 39.44660
684.20000	 0.00000	 39.24986
684.25000	 0.00000	 39.05410
684.30000	 0.00000	 38.85931
684.35000	 0.00000	 38.66550
684.40000	 0.00000	 38.47266
684.45000	 0.00000	 38.28077
684.50000	 0.00000	 38.08985
684.55000	 0.00000	 37.89987
684.60000	 0.00000	 37.71085
684.65000	 0.00000	 37.52276
684.70000	 0.00000	 37.33562
684.75000	 0.00000	 37.14941
684.80000	 0.00000	 36.96412
684.85000	 0.00000	 36.77976
684.90000	 0.00000	 36.59632
684.95000	 0.00000	 36.41380
685.00000	 0.00000	 36.23218
685.05000	 0.00000	 36.05148
685.10000	 0.00000	 35.87167
685.15000	 0.00000	 35.69276
685.20000	 0.00000	 35.51474
685.25000	 0.00000	 35.33761
685.30000	 0.00000	 35.16136
685.35000	 0.00000	 34.98599
685.40000	 0.00000	 34.81150
685.45000	 0.00000	 34.63788
685.50000	 0.00000	 34.46512
685.55000	 0.00000	 34.29322
685.60000	 0.00000	 34.12219
685.65000	 0.00000	 33.95200
685.70000	 0.00000	 33.78266
685.75000	 0.00000	 33.61417
685.80000	 0.00000	 33.44652
685.85000	 0.00000	 33.27971
685.90000	 0.00000	 33.11372
685.95000	 0.00000	 32.94857
686.00000	 0.00000	 32.78424
686.05000	 0.00000	 32.62072
686.10000	 0.00000	 32.45803
686.15000	 0.00000	 32.29614
686.20000	 0.00000	 32.13506
686.25000	 0.00000	 31.97479
686.30000	 0.00000	 31.81532
686.35000	 0.00000	 31.65664
686.40000	 0.00000	 31.49875
686.45000	 0.00000	 31.34165
686.50000	 0.00000	 31.18533
686.55000	 0.00000	 31.02979
686.60000	 0.00000	 30.87503
686.65000	 0.00000	 30.72104
686.70000	 0.00000	 30.56782
686.75000	 0.00000	 30.41536
686.80000	 0.00000	 30.26366
686.85000	 0.00000	 30.11272
686.90000	 0.00000	 29.96254
686.95000	 0.00000	 29.81310
687.00000	 0.00000	 29.66440
687.05000	 0.00000	 29.51645
687.10000	 0.00000	 29.36924
687.15000	 0.00000	 29.22276
687.20000	 0.00000	 29.07701
687.25000	 0.00000	 28.93199
687.30000	 0.00000	 28.78769
687.35000	 0.00000	 28.64411
687.40000	 0.00000	 28.50125
687.45000	 0.00000	 28.35909
687.50000	 0.00000	 28.21765
687.55000	 0.00000	 28.07692
687.60000	 0.00000	 27.93688
687.65000	 0.00000	 27.79755
687.70000	 0.00000	 27.65891
687.75000	 0.00000	 27.52096
687.80000	 0.00000	 27.38370
687.85000	 0.00000	 27.24712
687.90000	 0.00000	 27.11122
687.95000	 0.00000	 26.97601
688.00000	 0.00000	 26.84146
688.05000	 0.00000	 26.70759
688.10000	 0.00000	 26.57439
688.15000	 0.00000	 26.44184
688.20000	 0.00000	 26.30997
688.25000	 0.00000	 26.17874
688.30000	 0.00000	 26.04818
688.35000	 0.00000	 25.91826
688.40000	 0.00000	 25.78899
688.45000	 0.00000	 25.66037
688.50000	 0.00000	 25.53239
688.55000	 0.00000	 25.40505
688.60000	 0.00000	 25.27834
688.65000	 0.00000	 25.15226
688.70000	 0.00000	 25.02681
688.75000	 0.00000	 24.90199
688.80000	 0.00000	 24.77779
688.85000	 0.00000	 24.65421
688.90000	 0.00000	 24.53125
688.95000	 0.00000	 24.40890
689.00000	 0.00000	 24.28716
689.05000	 0.00000	 24.16603
689.10000	 0.00000	 24.04550
689.15000	 0.00000	 23.92557
689.20000	 0.00000	 23.80624
689.25000	 0.00000	 23.68751
689.30000	 0.00000	 23.56937
689.35000	 0.00000	 23.45181
689.40000	 0.00000	 23.33485
689.45000	 0.00000	 23.21846
689.50000	 0.00000	 23.10266
689.55000	 0.00000	 22.98744
689.60000	 0.00000	 22.87279
689.65000	 0.00000	 22.75871
689.70000	 0.00000	 22.64520
689.75000	 0.00000	 22.53225
689.80000	 0.00000	 22.41987
689.85000	 0.00000	 22.30805
689.90000	 0.00000	 22.19679
689.95000	 0.00000	 22.08609
690.00000	 0.00000	 21.97593
690.05000	 0.00000	 21.86633
690.10000	 0.00000	 21.75727
690.15000	 0.00000	 21.64875
690.20000	 0.00000	 21.54078
690.25000	 0.00000	 21.43334
690.30000	 0.00000	 21.32644
690.35000	 0.00000	 21.22008
690.40000	 0.00000	 21.11424
690.45000	 0.00000	 21.00893
690.50000	 0.00000	 20.90415
690.55000	 0.00000	 20.79989
690.60000	 0.00000	 20.69615
690.65000	 0.00000	 20.59293
690.70000	 0.00000	 20.49022
690.75000	 0.00000	 20.38803
690.80000	 0.00000	 20.28634
690.85000	 0.00000	 20.18516
690.90000	 0.00000	 20.08449
690.95000	 0.00000	 19.98432
691.00000	 0.00000	 19.88464
691.05000	 0.00000	 19.78547
691.10000	 0.00000	 19.68679
691.15000	 0.00000	 19.58860
691.20000	 0.00000	 19.49090
691.25000	 0.00000	 19.39369
691.30000	 0.00000	 19.29696
691.35000	 0.00000	 19.20072
691.40000	 0.00000	 19.10496
691.45000	 0.00000	 19.00967
691.50000	 0.00000	 18.91486
691.55000	 0.00000	 18.82052
691.60000	 0.00000	 18.72665
691.65000	 0.00000	 18.63325
691.70000	 0.00000	 18.54032
691.75000	 0.00000	 18.44785
691.80000	 0.00000	 18.35584
691.85000	 0.00000	 18.26429
691.90000	 0.00000	 18.17320
691.95000	 0.00000	 18.08256
692.00000	 0.00000	 17.99237
692.05000	 0.00000	 17.90263
692.10000	 0.00000	 17.81334
692.15000	 0.00000	 17.72450
692.20000	 0.00000	 17.63610
692.25000	 0.00000	 17.54814
692.30000	 0.00000	 17.46062
692.35000	 0.00000	 17.37353
692.40000	 0.00000	 17.28688
692.45000	 0.00000	 17.20066
692.50000	 0.00000	 17.11487
692.55000	 0.00000	 17.02951
692.60000	 0.00000	 16.94458
692.65000	 0.00000	 16.86006
692.70000	 0.00000	 16.77597
692.75000	 0.00000	 16.69230
692.80000	 0.00000	 16.60905
692.85000	 0.00000	 16.52621
692.90000	 0.00000	 16.44379
692.95000	 0.00000	 16.36177
693.00000	 0.00000	 16.28017
693.05000	 0.00000	 16.19897
693.10000	 0.00000	 16.11818
693.15000	 0.00000	 16.03779
693.20000	 0.00000	 15.95780
693.25000	 0.00000	 15.87821
693.30000	 0.00000	 15.79902
693.35000	 0.00000	 15.72022
693.40000	 0.00000	 15.64182
693.45000	 0.00000	 15.56380
693.50000	 0.00000	 15.48618
693.55000	 0.00000	 15.40894
693.60000	 0.00000	 15.33209
693.65000	 0.00000	 15.25562
693.70000	 0.00000	 15.17953
693.75000	 0.00000	 15.10382
693.80000	 0.00000	 15.02849
693.85000	 0.00000	 14.95354
693.90000	 0.00000	 14.87895
693.95000	 0.00000	 14.80475
694.00000	 0.00000	 14.73091
694.05000	 0.00000	 14.65744
694.10000	 0.00000	 14.58433
694.15000	 0.00000	 14.51159
694.20000	 0.00000	 14.43922
694.25000	 0.00000	 14.36720
694.30000	 0.00000	 14.29554
694.35000	 0.00000	 14.22424
694.40000	 0.00000	 14.15330
694.45000	 0.00000	 14.08271
694.50000	 0.00000	 14.01247
694.55000	 0.00000	 13.94258
694.60000	 0.00000	 13.87305
694.65000	 0.00000	 13.80385
694.70000	 0.00000	 13.73501
694.75000	 0.00000	 13.66650
694.80000	 0.00000	 13.59834
694.85000	 0.00000	 13.53052
694.90000	 0.00000	 13.46304
694.95000	 0.00000	 13.39589
695.00000	 0.00000	 13.32908
695.05000	 0.00000	 13.26260
695.10000	 0.00000	 13.19645
695.15000	 0.00000	 13.13063
695.20000	 0.00000	 13.06514
695.25000	 0.00000	 12.99998
695.30000	 0.00000	 12.93514
695.35000	 0.00000	 12.87063
695.40000	 0.00000	 12.80644
695.45000	 0.00000	 12.74256
695.50000	 0.00000	 12.67901
695.55000	 0.00000	 12.61577
695.60000	 0.00000	 12.55285
695.65000	 0.00000	 12.49024
695.70000	 0.00000	 12.42795
695.75000	 0.00000	 12.36596
695.80000	 0.00000	 12.30429
695.85000	 0.00000	 12.24292
695.90000	 0.00000	 12.18186
695.95000	 0.00000	 12.12110
696.00000	 0.00000	 12.06065
696.05000	 0.00000	 12.00049
696.10000	 0.00000	 11.94064
696.15000	 0.00000	 11.88109
696.20000	 0.00000	 11.82183
696.25000	 0.00000	 11.76287
696.30000	 0.00000	 11.70420
696.35000	 0.00000	 11.64583
696.40000	 0.00000	 11.58774
696.45000	 0.00000	 11.52995
696.50000	 0.00000	 11.47244
696.55000	 0.00000	 11.41522
696.60000	 0.00000	 11.35829
696.65000	 0.00000	 11.30164
696.70000	 0.00000	 11.24527
696.75000	 0.00000	 11.18919
696.80000	 0.00000	 11.13338
696.85000	 0.00000	 11.07785
696.90000	 0.00000	 11.02260
696.95000	 0.00000	 10.96763
697.00000	 0.00000	 10.91292
697.05000	 0.00000	 10.85850
697.10000	 0.00000	 10.80434
697.15000	 0.00000	 10.75045
697.20000	 0.00000	 10.69683
697.25000	 0.00000	 10.64348
697.30000	 0.00000	 10.59040
697.35000	 0.00000	 10.53758
697.40000	 0.00000	 10.48502
697.45000	 0.00000	 10.43273
697.50000	 0.00000	 10.38069
697.55000	 0.00000	 10.32892
697.60000	 0.00000	 10.27740
697.65000	 0.00000	 10.22615
697.70000	 0.00000	 10.17514
697.75000	 0.00000	 10.12439
697.80000	 0.00000	 10.07390
697.85000	 0.00000	 10.02365
697.90000	 0.00000	 9.97366
697.95000	 0.00000	 9.92392
698.00000	 0.00000	 9.87442
698.05000	 0.00000	 9.82517
698.10000	 0.00000	 9.77617
698.15000	 0.00000	 9.72741
698.20000	 0.00000	 9.67890
698.25000	 0.00000	 9.63062
698.30000	 0.00000	 9.58259
698.35000	 0.00000	 9.53480
698.40000	 0.00000	 9.48724
698.45000	 0.00000	 9.43992
698.50000	 0.00000	 9.39284
698.55000	 0.00000	 9.34599
698.60000	 0.00000	 9.29938
698.65000	 0.00000	 9.25300
698.70000	 0.00000	 9.20685
698.75000	 0.00000	 9.16093
698.80000	 0.00000	 9.11524
698.85000	 0.00000	 9.06978
698.90000	 0.00000	 9.02454
698.95000	 0.00000	 8.97953
699.00000	 0.00000	 8.93475
699.05000	 0.00000	 8.89018
699.10000	 0.00000	 8.84584
699.15000	 0.00000	 8.80173
699.20000	 0.00000	 8.75783
699.25000	 0.00000	 8.71415
699.30000	 0.00000	 8.67068
699.35000	 0.00000	 8.62744
699.40000	 0.00000	 8.58441
699.45000	 0.00000	 8.54160
699.50000	 0.00000	 8.49899
699.55000	 0.00000	 8.45660
699.60000	 0.00000	 8.41443
699.65000	 0.00000	 8.37246
699.70000	 0.00000	 8.33070
699.75000	 0.00000	 8.28915
699.80000	 0.00000	 8.24781
699.85000	 0.00000	 8.20667
699.90000	 0.00000	 8.16574
699.95000	 0.00000	 8.12502
700.00000	 0.00000	 8.08449
700.05000	 0.00000	 8.04417
700.10000	 0.00000	 8.00405
700.15000	 0.00000	 7.96413
700.20000	 0.00000	 7.92441
700.25000	 0.00000	 7.88489
700.30000	 0.00000	 7.84556
700.35000	 0.00000	 7.80643
700.40000	 0.00000	 7.76750
700.45000	 0.00000	 7.72875
700.50000	 0.00000	 7.69021
700.55000	 0.00000	 7.65185
700.60000	 0.00000	 7.61369
700.65000	 0.00000	 7.57572
700.70000	 0.00000	 7.53793
700.75000	 0.00000	 7.50034
700.80000	 0.00000	 7.46293
700.85000	 0.00000	 7.42571
700.90000	 0.00000	 7.38867
700.95000	 0.00000	 7.35182
701.00000	 0.00000	 7.31515
701.05000	 0.00000	 7.27867
701.10000	 0.00000	 7.24236
701.15000	 0.00000	 7.20624
701.20000	 0.00000	 7.17030
701.25000	 0.00000	 7.13454
701.30000	 0.00000	 7.09896
701.35000	 0.00000	 7.06355
701.40000	 0.00000	 7.02832
701.45000	 0.00000	 6.99327
701.50000	 0.00000	 6.95839
701.55000	 0.00000	 6.92368
701.60000	 0.00000	 6.88915
701.65000	 0.00000	 6.85479
701.70000	 0.00000	 6.82060
701.75000	 0.00000	 6.78658
701.80000	 0.00000	 6.75274
701.85000	 0.00000	 6.71906
701.90000	 0.00000	 6.68555
701.95000	 0.00000	 6.65220
702.00000	 0.00000	 6.61902
702.05000	 0.00000	 6.58601
702.10000	 0.00000	 6.55316
702.15000	 0.00000	 6.52048
702.20000	 0.00000	 6.48796
702.25000	 0.00000	 6.45560
702.30000	 0.00000	 6.42340
702.35000	 0.00000	 6.39136
702.40000	 0.00000	 6.35949
702.45000	 0.00000	 6.32777
702.50000	 0.00000	 6.29621
702.55000	 0.00000	 6.26481
702.60000	 0.00000	 6.23356
702.65000	 0.00000	 6.20247
702.70000	 0.00000	 6.17154
702.75000	 0.00000	 6.14076
702.80000	 0.00000	 6.11013
702.85000	 0.00000	 6.07965
702.90000	 0.00000	 6.04933
702.95000	 0.00000	 6.01916
703.00000	 0.00000	 5.98914
703.05000	 0.00000	 5.95927
703.10000	 0.00000	 5.92955
703.15000	 0.00000	 5.89997
703.20000	 0.00000	 5.87055
703.25000	 0.00000	 5.84127
703.30000	 0.00000	 5.81213
703.35000	 0.00000	 5.78315
703.40000	 0.00000	 5.75430
703.45000	 0.00000	 5.72560
703.50000	 0.00000	 5.69705
703.55000	 0.00000	 5.66863
703.60000	 0.00000	 5.64036
703.65000	 0.00000	 5.61223
703.70000	 0.00000	 5.58424
703.75000	 0.00000	 5.55639
703.80000	 0.00000	 5.52867
703.85000	 0.00000	 5.50110
703.90000	 0.00000	 5.47366
703.95000	 0.00000	 5.44636
704.00000	 0.00000	 5.41920
704.05000	 0.00000	 5.39217
704.10000	 0.00000	 5.36528
704.15000	 0.00000	 5.33852
704.20000	 0.00000	 5.31189
704.25000	 0.00000	 5.28540
704.30000	 0.00000	 5.25904
704.35000	 0.00000	 5.23281
704.40000	 0.00000	 5.20671
704.45000	 0.00000	 5.18074
704.50000	 0.00000	 5.15490
704.55000	 0.00000	 5.12919
704.60000	 0.00000	 5.10361
704.65000	 0.00000	 5.07815
704.70000	 0.00000	 5.05283
704.75000	 0.00000	 5.02763
704.80000	 0.00000	 5.00255
704.85000	 0.00000	 4.97760
704.90000	 0.00000	 4.95277
704.95000	 0.00000	 4.92807
705.00000	 0.00000	 4.90349
705.05000	 0.00000	 4.87904
705.10000	 0.00000	 4.85470
705.15000	 0.00000	 4.83049
705.20000	 0.00000	 4.80640
705.25000	 0.00000	 4.78243
705.30000	 0.00000	 4.75857
705.35000	 0.00000	 4.73484
705.40000	 0.00000	 4.71122
705.45000	 0.00000	 4.68773
705.50000	 0.00000	 4.66435
705.55000	 0.00000	 4.64108
705.60000	 0.00000	 4.61794
705.65000	 0.00000	 4.59490
705.70000	 0.00000	 4.57199
705.75000	 0.00000	 4.54918
705.80000	 0.00000	 4.52649
705.85000	 0.00000	 4.50392
705.90000	 0.00000	 4.48146
705.95000	 0.00000	 4.45910
706.00000	 0.00000	 4.43686
706.05000	 0.00000	 4.41473
706.10000	 0.00000	 4.39272
706.15000	 0.00000	 4.37081
706.20000	 0.00000	 4.34901
706.25000	 0.00000	 4.32732
706.30000	 0.00000	 4.30573
706.35000	 0.00000	 4.28426
706.40000	 0.00000	 4.26289
706.45000	 0.00000	 4.24163
706.50000	 0.00000	 4.22048
706.55000	 0.00000	 4.19943
706.60000	 0.00000	 4.17848
706.65000	 0.00000	 4.15764
706.70000	 0.00000	 4.13690
706.75000	 0.00000	 4.11627
706.80000	 0.00000	 4.09574
706.85000	 0.00000	 4.07531
706.90000	 0.00000	 4.05499
706.95000	 0.00000	 4.03476
707.00000	 0.00000	 4.01464
707.05000	 0.00000	 3.99462
707.10000	 0.00000	 3.97469
707.15000	 0.00000	 3.95487
707.20000	 0.00000	 3.93515
707.25000	 0.00000	 3.91552
707.30000	 0.00000	 3.89599
707.35000	 0.00000	 3.87656
707.40000	 0.00000	 3.85722
707.45000	 0.00000	 3.83799
707.50000	 0.00000	 3.81884
707.55000	 0.00000	 3.79980
707.60000	 0.00000	 3.78085
707.65000	 0.00000	 3.76199
707.70000	 0.00000	 3.74323
707.75000	 0.00000	 3.72456
707.80000	 0.00000	 3.70598
707.85000	 0.00000	 3.68750
707.90000	 0.00000	 3.66911
707.95000	 0.00000	 3.65081
708.00000	 0.00000	 3.63260
708.05000	 0.00000	 3.61448
708.10000	 0.00000	 3.59645
708.15000	 0.00000	 3.57851
708.20000	 0.00000	 3.56067
708.25000	 0.00000	 3.54291
708.30000	 0.00000	 3.52524
708.35000	 0.00000	 3.50766
708.40000	 0.00000	 3.49016
708.45000	 0.00000	 3.47275
708.50000	 0.00000	 3.45543
708.55000	 0.00000	 3.43820
708.60000	 0.00000	 3.42105
708.65000	 0.00000	 3.40399
708.70000	 0.00000	 3.38701
708.75000	 0.00000	 3.37012
708.80000	 0.00000	 3.35331
708.85000	 0.00000	 3.33658
708.90000	 0.00000	 3.31994
708.95000	 0.00000	 3.30339
709.00000	 0.00000	 3.28691
709.05000	 0.00000	 3.27052
709.10000	 0.00000	 3.25420
709.15000	 0.00000	 3.23797
709.20000	 0.00000	 3.22182
709.25000	 0.00000	 3.20576
709.30000	 0.00000	 3.18977
709.35000	 0.00000	 3.17386
709.40000	 0.00000	 3.15803
709.45000	 0.00000	 3.14228
709.50000	 0.00000	 3.12661
709.55000	 0.00000	 3.11101
709.60000	 0.00000	 3.09549
709.65000	 0.00000	 3.08006
709.70000	 0.00000	 3.06469
709.75000	 0.00000	 3.04941
709.80000	 0.00000	 3.03420
709.85000	 0.00000	 3.01907
709.90000	 0.00000	 3.00401
709.95000	 0.00000	 2.98903
710.00000	 0.00000	 2.97412
710.05000	 0.00000	 2.95929
710.10000	 0.00000	 2.94453
710.15000	 0.00000	 2.92984
710.20000	 0.00000	 2.91523
710.25000	 0.00000	 2.90069
710.30000	 0.00000	 2.88622
710.35000	 0.00000	 2.87183
710.40000	 0.00000	 2.85750
710.45000	 0.00000	 2.84325
710.50000	 0.00000	 2.82907
710.55000	 0.00000	 2.81496
710.60000	 0.00000	 2.80092
710.65000	 0.00000	 2.78695
710.70000	 0.00000	 2.77305
710.75000	 0.00000	 2.75922
710.80000	 0.00000	 2.74546
710.85000	 0.00000	 2.73176
710.90000	 0.00000	 2.71814
710.95000	 0.00000	 2.70458
711.00000	 0.00000	 2.69109
711.05000	 0.00000	 2.67767
711.10000	 0.00000	 2.66432
711.15000	 0.00000	 2.65103
711.20000	 0.00000	 2.63781
711.25000	 0.00000	 2.62465
711.30000	 0.00000	 2.61156
711.35000	 0.00000	 2.59853
711.40000	 0.00000	 2.58557
711.45000	 0.00000	 2.57268
711.50000	 0.00000	 2.55985
711.55000	 0.00000	 2.54708
711.60000	 0.00000	 2.53438
711.65000	 0.00000	 2.52174
711.70000	 0.00000	 2.50916
711.75000	 0.00000	 2.49664
711.80000	 0.00000	 2.48419
711.85000	 0.00000	 2.47180
711.90000	 0.00000	 2.45947
711.95000	 0.00000	 2.44721
712.00000	 0.00000	 2.43500
712.05000	 0.00000	 2.42286
712.10000	 0.00000	 2.41077
712.15000	 0.00000	 2.39875
712.20000	 0.00000	 2.38679
712.25000	 0.00000	 2.37488
712.30000	 0.00000	 2.36304
712.35000	 0.00000	 2.35125
712.40000	 0.00000	 2.33952
712.45000	 0.00000	 2.32786
712.50000	 0.00000	 2.31625
712.55000	 0.00000	 2.30469
712.60000	 0.00000	 2.29320
712.65000	 0.00000	 2.28176
712.70000	 0.00000	 2.27038
712.75000	 0.00000	 2.25906
712.80000	 0.00000	 2.24779
712.85000	 0.00000	 2.23658
712.90000	 0.00000	 2.22542
712.95000	 0.00000	 2.21433
713.00000	 0.00000	 2.20328
713.05000	 0.00000	 2.19229
713.10000	 0.00000	 2.18136
713.15000	 0.00000	 2.17048
713.20000	 0.00000	 2.15965
713.25000	 0.00000	 2.14888
713.30000	 0.00000	 2.13816
713.35000	 0.00000	 2.12750
713.40000	 0.00000	 2.11689
713.45000	 0.00000	 2.10633
713.50000	 0.00000	 2.09583
713.55000	 0.00000	 2.08537
713.60000	 0.00000	 2.07497
713.65000	 0.00000	 2.06462
713.70000	 0.00000	 2.05433
713.75000	 0.00000	 2.04408
713.80000	 0.00000	 2.03389
713.85000	 0.00000	 2.02374
713.90000	 0.00000	 2.01365
713.95000	 0.00000	 2.00360
714.00000	 0.00000	 1.99361
714.05000	 0.00000	 1.98367
714.10000	 0.00000	 1.97377
714.15000	 0.00000	 1.96393
714.20000	 0.00000	 1.95414
714.25000	 0.00000	 1.94439
714.30000	 0.00000	 1.93469
714.35000	 0.00000	 1.92504
714.40000	 0.00000	 1.91544
714.45000	 0.00000	 1.90589
714.50000	 0.00000	 1.89638
714.55000	 0.00000	 1.88692
714.60000	 0.00000	 1.87751
714.65000	 0.00000	 1.86815
714.70000	 0.00000	 1.85883
714.75000	 0.00000	 1.84956
714.80000	 0.00000	 1.84034
714.85000	 0.00000	 1.83116
714.90000	 0.00000	 1.82202
714.95000	 0.00000	 1.81294
715.00000	 0.00000	 1.80389
715.05000	 0.00000	 1.79490
715.10000	 0.00000	 1.78595
715.15000	 0.00000	 1.77704
715.20000	 0.00000	 1.76817
715.25000	 0.00000	 1.75936
715.30000	 0.00000	 1.75058
715.35000	 0.00000	 1.74185
715.40000	 0.00000	 1.73316
715.45000	 0.00000	 1.72452
715.50000	 0.00000	 1.71592
715.55000	 0.00000	 1.70736
715.60000	 0.00000	 1.69884
715.65000	 0.00000	 1.69037
715.70000	 0.00000	 1.68194
715.75000	 0.00000	 1.67355
715.80000	 0.00000	 1.66520
715.85000	 0.00000	 1.65690
715.90000	 0.00000	 1.64864
715.95000	 0.00000	 1.64041
716.00000	 0.00000	 1.63223
716.05000	 0.00000	 1.62409
716.10000	 0.00000	 1.61599
716.15000	 0.00000	 1.60793
716.20000	 0.00000	 1.59991
716.25000	 0.00000	 1.59193
716.30000	 0.00000	 1.58399
716.35000	 0.00000	 1.57609
716.40000	 0.00000	 1.56823
716.45000	 0.00000	 1.56041
716.50000	 0.00000	 1.55263
716.55000	 0.00000	 1.54488
716.60000	 0.00000	 1.53718
716.65000	 0.00000	 1.52951
716.70000	 0.00000	 1.52188
716.75000	 0.00000	 1.51429
716.80000	 0.00000	 1.50674
716.85000	 0.00000	 1.49922
716.90000	 0.00000	 1.49175
716.95000	 0.00000	 1.48431
717.00000	 0.00000	 1.47690
717.05000	 0.00000	 1.46954
717.10000	 0.00000	 1.46221
717.15000	 0.00000	 1.45492
717.20000	 0.00000	 1.44766
717.25000	 0.00000	 1.44044
717.30000	 0.00000	 1.43325
717.35000	 0.00000	 1.42611
717.40000	 0.00000	 1.41899
717.45000	 0.00000	 1.41192
717.50000	 0.00000	 1.40487
717.55000	 0.00000	 1.39787
717.60000	 0.00000	 1.39090
717.65000	 0.00000	 1.38396
717.70000	 0.00000	 1.37706
717.75000	 0.00000	 1.37019
717.80000	 0.00000	 1.36335
717.85000	 0.00000	 1.35655
717.90000	 0.00000	 1.34979
717.95000	 0.00000	 1.34306
718.00000	 0.00000	 1.33636
718.05000	 0.00000	 1.32969
718.10000	 0.00000	 1.32306
718.15000	 0.00000	 1.31646
718.20000	 0.00000	 1.30990
718.25000	 0.00000	 1.30336
718.30000	 0.00000	 1.29686
718.35000	 0.00000	 1.29039
718.40000	 0.00000	 1.28396
718.45000	 0.00000	 1.27755
718.50000	 0.00000	 1.27118
718.55000	 0.00000	 1.26484
718.60000	 0.00000	 1.25853
718.65000	 0.00000	 1.25226
718.70000	 0.00000	 1.24601
718.75000	 0.00000	 1.23980
718.80000	 0.00000	 1.23361
718.85000	 0.00000	 1.22746
718.90000	 0.00000	 1.22134
718.95000	 0.00000	 1.21525
719.00000	 0.00000	 1.20919
719.05000	 0.00000	 1.20316
719.10000	 0.00000	 1.19715
719.15000	 0.00000	 1.19118
719.20000	 0.00000	 1.18524
719.25000	 0.00000	 1.17933
719.30000	 0.00000	 1.17345
719.35000	 0.00000	 1.16760
719.40000	 0.00000	 1.16177
719.45000	 0.00000	 1.15598
719.50000	 0.00000	 1.15021
719.55000	 0.00000	 1.14448
719.60000	 0.00000	 1.13877
719.65000	 0.00000	 1.13309
719.70000	 0.00000	 1.12744
719.75000	 0.00000	 1.12181
719.80000	 0.00000	 1.11622
719.85000	 0.00000	 1.11065
719.90000	 0.00000	 1.10511
719.95000	 0.00000	 1.09960
720.00000	 0.00000	 1.09412
720.05000	 0.00000	 1.08866
720.10000	 0.00000	 1.08323
720.15000	 0.00000	 1.07783
720.20000	 0.00000	 1.07245
720.25000	 0.00000	 1.06710
720.30000	 0.00000	 1.06178
720.35000	 0.00000	 1.05649
720.40000	 0.00000	 1.05122
720.45000	 0.00000	 1.04597
720.50000	 0.00000	 1.04076
720.55000	 0.00000	 1.03557
720.60000	 0.00000	 1.03040
720.65000	 0.00000	 1.02526
720.70000	 0.00000	 1.02015
720.75000	 0.00000	 1.01506
720.80000	 0.00000	 1.01000
720.85000	 0.00000	 1.00496
720.90000	 0.00000	 0.99995
720.95000	 0.00000	 0.99496
721.00000	 0.00000	 0.99000
721.05000	 0.00000	 0.98506
721.10000	 0.00000	 0.98015
721.15000	 0.00000	 0.97526
721.20000	 0.00000	 0.97039
721.25000	 0.00000	 0.96555
721.30000	 0.00000	 0.96074
721.35000	 0.00000	 0.95595
721.40000	 0.00000	 0.95118
721.45000	 0.00000	 0.94644
721.50000	 0.00000	 0.94172
721.55000	 0.00000	 0.93702
721.60000	 0.00000	 0.93235
721.65000	 0.00000	 0.92770
721.70000	 0.00000	 0.92307
721.75000	 0.00000	 0.91846
721.80000	 0.00000	 0.91388
721.85000	 0.00000	 0.90933
721.90000	 0.00000	 0.90479
721.95000	 0.00000	 0.90028
722.00000	 0.00000	 0.89579
722.05000	 0.00000	 0.89132
722.10000	 0.00000	 0.88687
722.15000	 0.00000	 0.88245
722.20000	 0.00000	 0.87805
722.25000	 0.00000	 0.87367
722.30000	 0.00000	 0.86931
722.35000	 0.00000	 0.86498
722.40000	 0.00000	 0.86066
722.45000	 0.00000	 0.85637
722.50000	 0.00000	 0.85210
722.55000	 0.00000	 0.84785
722.60000	 0.00000	 0.84362
722.65000	 0.00000	 0.83941
722.70000	 0.00000	 0.83523
722.75000	 0.00000	 0.83106
722.80000	 0.00000	 0.82692
722.85000	 0.00000	 0.82279
722.90000	 0.00000	 0.81869
722.95000	 0.00000	 0.81460
723.00000	 0.00000	 0.81054
723.05000	 0.00000	 0.80650
723.10000	 0.00000	 0.80248
723.15000	 0.00000	 0.79847
723.20000	 0.00000	 0.79449
723.25000	 0.00000	 0.79053
723.30000	 0.00000	 0.78659
723.35000	 0.00000	 0.78266
723.40000	 0.00000	 0.77876
723.45000	 0.00000	 0.77488
723.50000	 0.00000	 0.77101
723.55000	 0.00000	 0.76717
723.60000	 0.00000	 0.76334
723.65000	 0.00000	 0.75953
723.70000	 0.00000	 0.75574
723.75000	 0.00000	 0.75197
723.80000	 0.00000	 0.74822
723.85000	 0.00000	 0.74449
723.90000	 0.00000	 0.74078
723.95000	 0.00000	 0.73708
724.00000	 0.00000	 0.73341
724.05000	 0.00000	 0.72975
724.10000	 0.00000	 0.72611
724.15000	 0.00000	 0.72249
724.20000	 0.00000	 0.71889
724.25000	 0.00000	 0.71530
724.30000	 0.00000	 0.71173
724.35000	 0.00000	 0.70818
724.40000	 0.00000	 0.70465
724.45000	 0.00000	 0.70114
724.50000	 0.00000	 0.69764
724.55000	 0.00000	 0.69416
724.60000	 0.00000	 0.69070
724.65000	 0.00000	 0.68725
724.70000	 0.00000	 0.68383
724.75000	 0.00000	 0.68042
724.80000	 0.00000	 0.67702
724.85000	 0.00000	 0.67364
724.90000	 0.00000	 0.67029
724.95000	 0.00000	 0.66694
725.00000	 0.00000	 0.66362
725.05000	 0.00000	 0.66031
725.10000	 0.00000	 0.65701
725.15000	 0.00000	 0.65374
725.20000	 0.00000	 0.65048
725.25000	 0.00000	 0.64723
725.30000	 0.00000	 0.64400
725.35000	 0.00000	 0.64079
725.40000	 0.00000	 0.63759
725.45000	 0.00000	 0.63441
725.50000	 0.00000	 0.63125
725.55000	 0.00000	 0.62810
725.60000	 0.00000	 0.62497
725.65000	 0.00000	 0.62185
725.70000	 0.00000	 0.61875
725.75000	 0.00000	 0.61567
725.80000	 0.00000	 0.61259
725.85000	 0.00000	 0.60954
725.90000	 0.00000	 0.60650
725.95000	 0.00000	 0.60347
726.00000	 0.00000	 0.60046
726.05000	 0.00000	 0.59747
726.10000	 0.00000	 0.59449
726.15000	 0.00000	 0.59152
726.20000	 0.00000	 0.58857
726.25000	 0.00000	 0.58564
726.30000	 0.00000	 0.58272
726.35000	 0.00000	 0.57981
726.40000	 0.00000	 0.57692
726.45000	 0.00000	 0.57404
726.50000	 0.00000	 0.57118
726.55000	 0.00000	 0.56833
726.60000	 0.00000	 0.56550
726.65000	 0.00000	 0.56268
726.70000	 0.00000	 0.55987
726.75000	 0.00000	 0.55708
726.80000	 0.00000	 0.55430
726.85000	 0.00000	 0.55153
726.90000	 0.00000	 0.54878
726.95000	 0.00000	 0.54605
727.00000	 0.00000	 0.54332
727.05000	 0.00000	 0.54061
727.10000	 0.00000	 0.53792
727.15000	 0.00000	 0.53523
727.20000	 0.00000	 0.53256
727.25000	 0.00000	 0.52991
727.30000	 0.00000	 0.52726
727.35000	 0.00000	 0.52464
727.40000	 0.00000	 0.52202
727.45000	 0.00000	 0.51941
727.50000	 0.00000	 0.51682
727.55000	 0.00000	 0.51425
727.60000	 0.00000	 0.51168
727.65000	 0.00000	 0.50913
727.70000	 0.00000	 0.50659
727.75000	 0.00000	 0.50406
727.80000	 0.00000	 0.50155
727.85000	 0.00000	 0.49905
727.90000	 0.00000	 0.49656
727.95000	 0.00000	 0.49408
728.00000	 0.00000	 0.49162
728.05000	 0.00000	 0.48917
728.10000	 0.00000	 0.48673
728.15000	 0.00000	 0.48430
728.20000	 0.00000	 0.48188
728.25000	 0.00000	 0.47948
728.30000	 0.00000	 0.47709
728.35000	 0.00000	 0.47471
728.40000	 0.00000	 0.47234
728.45000	 0.00000	 0.46999
728.50000	 0.00000	 0.46764
728.55000	 0.00000	 0.46531
728.60000	 0.00000	 0.46299
728.65000	 0.00000	 0.46068
728.70000	 0.00000	 0.45838
728.75000	 0.00000	 0.45610
728.80000	 0.00000	 0.45382
728.85000	 0.00000	 0.45156
728.90000	 0.00000	 0.44931
728.95000	 0.00000	 0.44706
729.00000	 0.00000	 0.44483
729.05000	 0.00000	 0.44262
729.10000	 0.00000	 0.44041
729.15000	 0.00000	 0.43821
729.20000	 0.00000	 0.43603
729.25000	 0.00000	 0.43385
729.30000	 0.00000	 0.43169
729.35000	 0.00000	 0.42953
729.40000	 0.00000	 0.42739
729.45000	 0.00000	 0.42526
729.50000	 0.00000	 0.42314
729.55000	 0.00000	 0.42103
729.60000	 0.00000	 0.41893
729.65000	 0.00000	 0.41684
729.70000	 0.00000	 0.41476
729.75000	 0.00000	 0.41269
729.80000	 0.00000	 0.41063
729.85000	 0.00000	 0.40859
729.90000	 0.00000	 0.40655
729.95000	 0.00000	 0.40452
730.00000	 0.00000	 0.40250
730.05000	 0.00000	 0.40050
730.10000	 0.00000	 0.39850
730.15000	 0.00000	 0.39651
730.20000	 0.00000	 0.39453
730.25000	 0.00000	 0.39257
730.30000	 0.00000	 0.39061
730.35000	 0.00000	 0.38866
730.40000	 0.00000	 0.38672
730.45000	 0.00000	 0.38479
730.50000	 0.00000	 0.38287
730.55000	 0.00000	 0.38096
730.60000	 0.00000	 0.37906
730.65000	 0.00000	 0.37717
730.70000	 0.00000	 0.37529
730.75000	 0.00000	 0.37342
730.80000	 0.00000	 0.37156
730.85000	 0.00000	 0.36970
730.90000	 0.00000	 0.36786
730.95000	 0.00000	 0.36603
731.00000	 0.00000	 0.36420
731.05000	 0.00000	 0.36238
731.10000	 0.00000	 0.36058
731.15000	 0.00000	 0.35878
731.20000	 0.00000	 0.35699
731.25000	 0.00000	 0.35521
731.30000	 0.00000	 0.35344
731.35000	 0.00000	 0.35167
731.40000	 0.00000	 0.34992
731.45000	 0.00000	 0.34817
731.50000	 0.00000	 0.34644
731.55000	 0.00000	 0.34471
731.60000	 0.00000	 0.34299
731.65000	 0.00000	 0.34128
731.70000	 0.00000	 0.33958
731.75000	 0.00000	 0.33788
731.80000	 0.00000	 0.33620
731.85000	 0.00000	 0.33452
731.90000	 0.00000	 0.33285
731.95000	 0.00000	 0.33119
732.00000	 0.00000	 0.32954
732.05000	 0.00000	 0.32790
732.10000	 0.00000	 0.32626
732.15000	 0.00000	 0.32464
732.20000	 0.00000	 0.32302
732.25000	 0.00000	 0.32141
732.30000	 0.00000	 0.31980
732.35000	 0.00000	 0.31821
732.40000	 0.00000	 0.31662
732.45000	 0.00000	 0.31504
732.50000	 0.00000	 0.31347
732.55000	 0.00000	 0.31191
732.60000	 0.00000	 0.31035
732.65000	 0.00000	 0.30880
732.70000	 0.00000	 0.30726
732.75000	 0.00000	 0.30573
732.80000	 0.00000	 0.30421
732.85000	 0.00000	 0.30269
732.90000	 0.00000	 0.30118
732.95000	 0.00000	 0.29968
733.00000	 0.00000	 0.29818
733.05000	 0.00000	 0.29669
733.10000	 0.00000	 0.29521
733.15000	 0.00000	 0.29374
733.20000	 0.00000	 0.29228
733.25000	 0.00000	 0.29082
733.30000	 0.00000	 0.28937
733.35000	 0.00000	 0.28793
733.40000	 0.00000	 0.28649
733.45000	 0.00000	 0.28506
733.50000	 0.00000	 0.28364
733.55000	 0.00000	 0.28222
733.60000	 0.00000	 0.28082
733.65000	 0.00000	 0.27942
733.70000	 0.00000	 0.27802
733.75000	 0.00000	 0.27664
733.80000	 0.00000	 0.27526
733.85000	 0.00000	 0.27388
733.90000	 0.00000	 0.27252
733.95000	 0.00000	 0.27116
734.00000	 0.00000	 0.26981
734.05000	 0.00000	 0.26846
734.10000	 0.00000	 0.26712
734.15000	 0.00000	 0.26579
734.20000	 0.00000	 0.26446
734.25000	 0.00000	 0.26314
734.30000	 0.00000	 0.26183
734.35000	 0.00000	 0.26053
734.40000	 0.00000	 0.25923
734.45000	 0.00000	 0.25793
734.50000	 0.00000	 0.25665
734.55000	 0.00000	 0.25537
734.60000	 0.00000	 0.25409
734.65000	 0.00000	 0.25283
734.70000	 0.00000	 0.25157
734.75000	 0.00000	 0.25031
734.80000	 0.00000	 0.24906
734.85000	 0.00000	 0.24782
734.90000	 0.00000	 0.24658
734.95000	 0.00000	 0.24535
735.00000	 0.00000	 0.24413
735.05000	 0.00000	 0.24291
735.10000	 0.00000	 0.24170
735.15000	 0.00000	 0.24050
735.20000	 0.00000	 0.23930
735.25000	 0.00000	 0.23810
735.30000	 0.00000	 0.23692
735.35000	 0.00000	 0.23573
735.40000	 0.00000	 0.23456
735.45000	 0.00000	 0.23339
735.50000	 0.00000	 0.23222
735.55000	 0.00000	 0.23107
735.60000	 0.00000	 0.22991
735.65000	 0.00000	 0.22877
735.70000	 0.00000	 0.22763
735.75000	 0.00000	 0.22649
735.80000	 0.00000	 0.22536
735.85000	 0.00000	 0.22424
735.90000	 0.00000	 0.22312
735.95000	 0.00000	 0.22201
736.00000	 0.00000	 0.22090
736.05000	 0.00000	 0.21980
736.10000	 0.00000	 0.21870
736.15000	 0.00000	 0.21761
736.20000	 0.00000	 0.21652
736.25000	 0.00000	 0.21544
736.30000	 0.00000	 0.21437
736.35000	 0.00000	 0.21330
736.40000	 0.00000	 0.21224
736.45000	 0.00000	 0.21118
736.50000	 0.00000	 0.21013
736.55000	 0.00000	 0.20908
736.60000	 0.00000	 0.20803
736.65000	 0.00000	 0.20700
736.70000	 0.00000	 0.20596
736.75000	 0.00000	 0.20494
736.80000	 0.00000	 0.20391
736.85000	 0.00000	 0.20290
736.90000	 0.00000	 0.20189
736.95000	 0.00000	 0.20088
737.00000	 0.00000	 0.19988
737.05000	 0.00000	 0.19888
737.10000	 0.00000	 0.19789
737.15000	 0.00000	 0.19690
737.20000	 0.00000	 0.19592
737.25000	 0.00000	 0.19494
737.30000	 0.00000	 0.19397
737.35000	 0.00000	 0.19300
737.40000	 0.00000	 0.19204
737.45000	 0.00000	 0.19108
737.50000	 0.00000	 0.19013
737.55000	 0.00000	 0.18918
737.60000	 0.00000	 0.18824
737.65000	 0.00000	 0.18730
737.70000	 0.00000	 0.18636
737.75000	 0.00000	 0.18543
737.80000	 0.00000	 0.18451
737.85000	 0.00000	 0.18359
737.90000	 0.00000	 0.18267
737.95000	 0.00000	 0.18176
738.00000	 0.00000	 0.18086
738.05000	 0.00000	 0.17995
738.10000	 0.00000	 0.17906
738.15000	 0.00000	 0.17816
738.20000	 0.00000	 0.17728
738.25000	 0.00000	 0.17639
738.30000	 0.00000	 0.17551
738.35000	 0.00000	 0.17464
738.40000	 0.00000	 0.17376
738.45000	 0.00000	 0.17290
738.50000	 0.00000	 0.17204
738.55000	 0.00000	 0.17118
738.60000	 0.00000	 0.17032
738.65000	 0.00000	 0.16947
738.70000	 0.00000	 0.16863
738.75000	 0.00000	 0.16779
738.80000	 0.00000	 0.16695
738.85000	 0.00000	 0.16612
738.90000	 0.00000	 0.16529
738.95000	 0.00000	 0.16447
739.00000	 0.00000	 0.16365
739.05000	 0.00000	 0.16283
739.10000	 0.00000	 0.16202
739.15000	 0.00000	 0.16121
739.20000	 0.00000	 0.16041
739.25000	 0.00000	 0.15961
739.30000	 0.00000	 0.15881
739.35000	 0.00000	 0.15802
739.40000	 0.00000	 0.15723
739.45000	 0.00000	 0.15644
739.50000	 0.00000	 0.15566
739.55000	 0.00000	 0.15489
739.60000	 0.00000	 0.15412
739.65000	 0.00000	 0.15335
739.70000	 0.00000	 0.15258
739.75000	 0.00000	 0.15182
739.80000	 0.00000	 0.15106
739.85000	 0.00000	 0.15031
739.90000	 0.00000	 0.14956
739.95000	 0.00000	 0.14881
740.00000	 0.00000	 0.14807
740.05000	 0.00000	 0.14733
740.10000	 0.00000	 0.14660
740.15000	 0.00000	 0.14587
740.20000	 0.00000	 0.14514
740.25000	 0.00000	 0.14442
740.30000	 0.00000	 0.14370
740.35000	 0.00000	 0.14298
740.40000	 0.00000	 0.14227
740.45000	 0.00000	 0.14156
740.50000	 0.00000	 0.14085
740.55000	 0.00000	 0.14015
740.60000	 0.00000	 0.13945
740.65000	 0.00000	 0.13875
740.70000	 0.00000	 0.13806
740.75000	 0.00000	 0.13737
740.80000	 0.00000	 0.13669
740.85000	 0.00000	 0.13601
740.90000	 0.00000	 0.13533
740.95000	 0.00000	 0.13465
741.00000	 0.00000	 0.13398
741.05000	 0.00000	 0.13331
741.10000	 0.00000	 0.13265
741.15000	 0.00000	 0.13199
741.20000	 0.00000	 0.13133
741.25000	 0.00000	 0.13067
741.30000	 0.00000	 0.13002
741.35000	 0.00000	 0.12937
741.40000	 0.00000	 0.12873
741.45000	 0.00000	 0.12809
741.50000	 0.00000	 0.12745
741.55000	 0.00000	 0.12681
741.60000	 0.00000	 0.12618
741.65000	 0.00000	 0.12555
741.70000	 0.00000	 0.12492
741.75000	 0.00000	 0.12430
741.80000	 0.00000	 0.12368
741.85000	 0.00000	 0.12306
741.90000	 0.00000	 0.12245
741.95000	 0.00000	 0.12184
742.00000	 0.00000	 0.12123
742.05000	 0.00000	 0.12063
742.10000	 0.00000	 0.12003
742.15000	 0.00000	 0.11943
742.20000	 0.00000	 0.11883
742.25000	 0.00000	 0.11824
742.30000	 0.00000	 0.11765
742.35000	 0.00000	 0.11706
742.40000	 0.00000	 0.11648
742.45000	 0.00000	 0.11590
742.50000	 0.00000	 0.11532
742.55000	 0.00000	 0.11474
742.60000	 0.00000	 0.11417
742.65000	 0.00000	 0.11360
742.70000	 0.00000	 0.11304
742.75000	 0.00000	 0.11247
742.80000	 0.00000	 0.11191
742.85000	 0.00000	 0.11135
742.90000	 0.00000	 0.11080
742.95000	 0.00000	 0.11024
743.00000	 0.00000	 0.10969
743.05000	 0.00000	 0.10915
743.10000	 0.00000	 0.10860
743.15000	 0.00000	 0.10806
743.20000	 0.00000	 0.10752
743.25000	 0.00000	 0.10699
743.30000	 0.00000	 0.10645
743.35000	 0.00000	 0.10592
743.40000	 0.00000	 0.10539
743.45000	 0.00000	 0.10487
743.50000	 0.00000	 0.10435
743.55000	 0.00000	 0.10382
743.60000	 0.00000	 0.10331
743.65000	 0.00000	 0.10279
743.70000	 0.00000	 0.10228
743.75000	 0.00000	 0.10177
743.80000	 0.00000	 0.10126
743.85000	 0.00000	 0.10076
743.90000	 0.00000	 0.10025
743.95000	 0.00000	 0.09975
744.00000	 0.00000	 0.09926
744.05000	 0.00000	 0.09876
744.10000	 0.00000	 0.09827
744.15000	 0.00000	 0.09778
744.20000	 0.00000	 0.09729
744.25000	 0.00000	 0.09681
744.30000	 0.00000	 0.09632
744.35000	 0.00000	 0.09584
744.40000	 0.00000	 0.09536
744.45000	 0.00000	 0.09489
744.50000	 0.00000	 0.09442
744.55000	 0.00000	 0.09394
744.60000	 0.00000	 0.09348
744.65000	 0.00000	 0.09301
744.70000	 0.00000	 0.09255
744.75000	 0.00000	 0.09208
744.80000	 0.00000	 0.09162
744.85000	 0.00000	 0.09117
744.90000	 0.00000	 0.09071
744.95000	 0.00000	 0.09026
745.00000	 0.00000	 0.08981
745.05000	 0.00000	 0.08936
745.10000	 0.00000	 0.08892
745.15000	 0.00000	 0.08847
745.20000	 0.00000	 0.08803
745.25000	 0.00000	 0.08759
745.30000	 0.00000	 0.08716
745.35000	 0.00000	 0.08672
745.40000	 0.00000	 0.08629
745.45000	 0.00000	 0.08586
745.50000	 0.00000	 0.08543
745.55000	 0.00000	 0.08500
745.60000	 0.00000	 0.08458
745.65000	 0.00000	 0.08416
745.70000	 0.00000	 0.08374
745.75000	 0.00000	 0.08332
745.80000	 0.00000	 0.08291
745.85000	 0.00000	 0.08249
745.90000	 0.00000	 0.08208
745.95000	 0.00000	 0.08167
746.00000	 0.00000	 0.08126
746.05000	 0.00000	 0.08086
746.10000	 0.00000	 0.08046
746.15000	 0.00000	 0.08005
746.20000	 0.00000	 0.07965
746.25000	 0.00000	 0.07926
746.30000	 0.00000	 0.07886
746.35000	 0.00000	 0.07847
746.40000	 0.00000	 0.07808
746.45000	 0.00000	 0.07769
746.50000	 0.00000	 0.07730
746.55000	 0.00000	 0.07692
746.60000	 0.00000	 0.07653
746.65000	 0.00000	 0.07615
746.70000	 0.00000	 0.07577
746.75000	 0.00000	 0.07539
746.80000	 0.00000	 0.07502
746.85000	 0.00000	 0.07464
746.90000	 0.00000	 0.07427
746.95000	 0.00000	 0.07390
747.00000	 0.00000	 0.07353
747.05000	 0.00000	 0.07316
747.10000	 0.00000	 0.07280
747.15000	 0.00000	 0.07244
747.20000	 0.00000	 0.07207
747.25000	 0.00000	 0.07172
747.30000	 0.00000	 0.07136
747.35000	 0.00000	 0.07100
747.40000	 0.00000	 0.07065
747.45000	 0.00000	 0.07030
747.50000	 0.00000	 0.06994
747.55000	 0.00000	 0.06960
747.60000	 0.00000	 0.06925
747.65000	 0.00000	 0.06890
747.70000	 0.00000	 0.06856
747.75000	 0.00000	 0.06822
747.80000	 0.00000	 0.06788
747.85000	 0.00000	 0.06754
747.90000	 0.00000	 0.06720
747.95000	 0.00000	 0.06687
748.00000	 0.00000	 0.06653
748.05000	 0.00000	 0.06620
748.10000	 0.00000	 0.06587
748.15000	 0.00000	 0.06554
748.20000	 0.00000	 0.06522
748.25000	 0.00000	 0.06489
748.30000	 0.00000	 0.06457
748.35000	 0.00000	 0.06424
748.40000	 0.00000	 0.06392
748.45000	 0.00000	 0.06361
748.50000	 0.00000	 0.06329
748.55000	 0.00000	 0.06297
748.60000	 0.00000	 0.06266
748.65000	 0.00000	 0.06235
748.70000	 0.00000	 0.06204
748.75000	 0.00000	 0.06173
748.80000	 0.00000	 0.06142
748.85000	 0.00000	 0.06111
748.90000	 0.00000	 0.06081
748.95000	 0.00000	 0.06050
749.00000	 0.00000	 0.06020
749.05000	 0.00000	 0.05990
749.10000	 0.00000	 0.05960
749.15000	 0.00000	 0.05931
749.20000	 0.00000	 0.05901
749.25000	 0.00000	 0.05872
749.30000	 0.00000	 0.05842
749.35000	 0.00000	 0.05813
749.40000	 0.00000	 0.05784
749.45000	 0.00000	 0.05755
749.50000	 0.00000	 0.05727
749.55000	 0.00000	 0.05698
749.60000	 0.00000	 0.05670
749.65000	 0.00000	 0.05641
749.70000	 0.00000	 0.05613
749.75000	 0.00000	 0.05585
749.80000	 0.00000	 0.05557
749.85000	 0.00000	 0.05530
749.90000	 0.00000	 0.05502
749.95000	 0.00000	 0.05475
750.00000	 0.00000	 0.05447
750.05000	 0.00000	 0.05420
750.10000	 0.00000	 0.05393
750.15000	 0.00000	 0.05366
750.20000	 0.00000	 0.05339
750.25000	 0.00000	 0.05313
750.30000	 0.00000	 0.05286
750.35000	 0.00000	 0.05260
750.40000	 0.00000	 0.05234
750.45000	 0.00000	 0.05208
750.50000	 0.00000	 0.05182
750.55000	 0.00000	 0.05156
750.60000	 0.00000	 0.05130
750.65000	 0.00000	 0.05104
750.70000	 0.00000	 0.05079
750.75000	 0.00000	 0.05054
750.80000	 0.00000	 0.05028
750.85000	 0.00000	 0.05003
750.90000	 0.00000	 0.04978
750.95000	 0.00000	 0.04954
751.00000	 0.00000	 0.04929
751.05000	 0.00000	 0.04904
751.10000	 0.00000	 0.04880
751.15000	 0.00000	 0.04856
751.20000	 0.00000	 0.04831
751.25000	 0.00000	 0.04807
751.30000	 0.00000	 0.04783
751.35000	 0.00000	 0.04759
751.40000	 0.00000	 0.04736
751.45000	 0.00000	 0.04712
751.50000	 0.00000	 0.04689
751.55000	 0.00000	 0.04665
751.60000	 0.00000	 0.04642
751.65000	 0.00000	 0.04619
751.70000	 0.00000	 0.04596
751.75000	 0.00000	 0.04573
751.80000	 0.00000	 0.04550
751.85000	 0.00000	 0.04527
751.90000	 0.00000	 0.04505
751.95000	 0.00000	 0.04482
752.00000	 0.00000	 0.04460
752.05000	 0.00000	 0.04438
752.10000	 0.00000	 0.04415
752.15000	 0.00000	 0.04393
752.20000	 0.00000	 0.04372
752.25000	 0.00000	 0.04350
752.30000	 0.00000	 0.04328
752.35000	 0.00000	 0.04306
752.40000	 0.00000	 0.04285
752.45000	 0.00000	 0.04264
752.50000	 0.00000	 0.04242
752.55000	 0.00000	 0.04221
752.60000	 0.00000	 0.04200
752.65000	 0.00000	 0.04179
752.70000	 0.00000	 0.04158
752.75000	 0.00000	 0.04138
752.80000	 0.00000	 0.04117
752.85000	 0.00000	 0.04096
752.90000	 0.00000	 0.04076
752.95000	 0.00000	 0.04056
753.00000	 0.00000	 0.04035
753.05000	 0.00000	 0.04015
753.10000	 0.00000	 0.03995
753.15000	 0.00000	 0.03975
753.20000	 0.00000	 0.03956
753.25000	 0.00000	 0.03936
753.30000	 0.00000	 0.03916
753.35000	 0.00000	 0.03897
753.40000	 0.00000	 0.03877
753.45000	 0.00000	 0.03858
753.50000	 0.00000	 0.03839
753.55000	 0.00000	 0.03819
753.60000	 0.00000	 0.03800
753.65000	 0.00000	 0.03781
753.70000	 0.00000	 0.03763
753.75000	 0.00000	 0.03744
753.80000	 0.00000	 0.03725
753.85000	 0.00000	 0.03707
753.90000	 0.00000	 0.03688
753.95000	 0.00000	 0.03670
754.00000	 0.00000	 0.03651
754.05000	 0.00000	 0.03633
754.10000	 0.00000	 0.03615
754.15000	 0.00000	 0.03597
754.20000	 0.00000	 0.03579
754.25000	 0.00000	 0.03561
754.30000	 0.00000	 0.03544
754.35000	 0.00000	 0.03526
754.40000	 0.00000	 0.03508
754.45000	 0.00000	 0.03491
754.50000	 0.00000	 0.03473
754.55000	 0.00000	 0.03456
754.60000	 0.00000	 0.03439
754.65000	 0.00000	 0.03422
754.70000	 0.00000	 0.03405
754.75000	 0.00000	 0.03388
754.80000	 0.00000	 0.03371
754.85000	 0.00000	 0.03354
754.90000	 0.00000	 0.03337
754.95000	 0.00000	 0.03321
755.00000	 0.00000	 0.03304
755.05000	 0.00000	 0.03287
755.10000	 0.00000	 0.03271
755.15000	 0.00000	 0.03255
755.20000	 0.00000	 0.03239
755.25000	 0.00000	 0.03222
755.30000	 0.00000	 0.03206
755.35000	 0.00000	 0.03190
755.40000	 0.00000	 0.03174
755.45000	 0.00000	 0.03159
755.50000	 0.00000	 0.03143
755.55000	 0.00000	 0.03127
755.60000	 0.00000	 0.03112
755.65000	 0.00000	 0.03096
755.70000	 0.00000	 0.03081
755.75000	 0.00000	 0.03065
755.80000	 0.00000	 0.03050
755.85000	 0.00000	 0.03035
755.90000	 0.00000	 0.03020
755.95000	 0.00000	 0.03005
756.00000	 0.00000	 0.02990
756.05000	 0.00000	 0.02975
756.10000	 0.00000	 0.02960
756.15000	 0.00000	 0.02945
756.20000	 0.00000	 0.02930
756.25000	 0.00000	 0.02916
756.30000	 0.00000	 0.02901
756.35000	 0.00000	 0.02887
756.40000	 0.00000	 0.02872
756.45000	 0.00000	 0.02858
756.50000	 0.00000	 0.02844
756.55000	 0.00000	 0.02830
756.60000	 0.00000	 0.02815
756.65000	 0.00000	 0.02801
756.70000	 0.00000	 0.02787
756.75000	 0.00000	 0.02774
756.80000	 0.00000	 0.02760
756.85000	 0.00000	 0.02746
756.90000	 0.00000	 0.02732
756.95000	 0.00000	 0.02719
757.00000	 0.00000	 0.02705
757.05000	 0.00000	 0.02692
757.10000	 0.00000	 0.02678
757.15000	 0.00000	 0.02665
757.20000	 0.00000	 0.02651
757.25000	 0.00000	 0.02638
757.30000	 0.00000	 0.02625
757.35000	 0.00000	 0.02612
757.40000	 0.00000	 0.02599
757.45000	 0.00000	 0.02586
757.50000	 0.00000	 0.02573
757.55000	 0.00000	 0.02560
757.60000	 0.00000	 0.02548
757.65000	 0.00000	 0.02535
757.70000	 0.00000	 0.02522
757.75000	 0.00000	 0.02510
757.80000	 0.00000	 0.02497
757.85000	 0.00000	 0.02485
757.90000	 0.00000	 0.02472
757.95000	 0.00000	 0.02460
758.00000	 0.00000	 0.02448
758.05000	 0.00000	 0.02435
758.10000	 0.00000	 0.02423
758.15000	 0.00000	 0.02411
758.20000	 0.00000	 0.02399
758.25000	 0.00000	 0.02387
758.30000	 0.00000	 0.02375
758.35000	 0.00000	 0.02363
758.40000	 0.00000	 0.02352
758.45000	 0.00000	 0.02340
758.50000	 0.00000	 0.02328
758.55000	 0.00000	 0.02317
758.60000	 0.00000	 0.02305
758.65000	 0.00000	 0.02294
758.70000	 0.00000	 0.02282
758.75000	 0.00000	 0.02271
758.80000	 0.00000	 0.02259
758.85000	 0.00000	 0.02248
758.90000	 0.00000	 0.02237
758.95000	 0.00000	 0.02226
759.00000	 0.00000	 0.02215
759.05000	 0.00000	 0.02204
759.10000	 0.00000	 0.02193
759.15000	 0.00000	 0.02182
759.20000	 0.00000	 0.02171
759.25000	 0.00000	 0.02160
759.30000	 0.00000	 0.02149
759.35000	 0.00000	 0.02139
759.40000	 0.00000	 0.02128
759.45000	 0.00000	 0.02117
759.50000	 0.00000	 0.02107
759.55000	 0.00000	 0.02096
759.60000	 0.00000	 0.02086
759.65000	 0.00000	 0.02075
759.70000	 0.00000	 0.02065
759.75000	 0.00000	 0.02055
759.80000	 0.00000	 0.02044
759.85000	 0.00000	 0.02034
759.90000	 0.00000	 0.02024
759.95000	 0.00000	 0.02014
760.00000	 0.00000	 0.02004
760.05000	 0.00000	 0.01994
760.10000	 0.00000	 0.01984
760.15000	 0.00000	 0.01974
760.20000	 0.00000	 0.01964
760.25000	 0.00000	 0.01954
760.30000	 0.00000	 0.01945
760.35000	 0.00000	 0.01935
760.40000	 0.00000	 0.01925
760.45000	 0.00000	 0.01916
760.50000	 0.00000	 0.01906
760.55000	 0.00000	 0.01897
760.60000	 0.00000	 0.01887
760.65000	 0.00000	 0.01878
760.70000	 0.00000	 0.01868
760.75000	 0.00000	 0.01859
760.80000	 0.00000	 0.01850
760.85000	 0.00000	 0.01841
760.90000	 0.00000	 0.01831
760.95000	 0.00000	 0.01822
761.00000	 0.00000	 0.01813
761.05000	 0.00000	 0.01804
761.10000	 0.00000	 0.01795
761.15000	 0.00000	 0.01786
761.20000	 0.00000	 0.01777
761.25000	 0.00000	 0.01768
761.30000	 0.00000	 0.01760
761.35000	 0.00000	 0.01751
761.40000	 0.00000	 0.01742
761.45000	 0.00000	 0.01733
761.50000	 0.00000	 0.01725
761.55000	 0.00000	 0.01716
761.60000	 0.00000	 0.01708
761.65000	 0.00000	 0.01699
761.70000	 0.00000	 0.01691
761.75000	 0.00000	 0.01682
761.80000	 0.00000	 0.01674
761.85000	 0.00000	 0.01665
761.90000	 0.00000	 0.01657
761.95000	 0.00000	 0.01649
762.00000	 0.00000	 0.01641
762.05000	 0.00000	 0.01633
762.10000	 0.00000	 0.01624
762.15000	 0.00000	 0.01616
762.20000	 0.00000	 0.01608
762.25000	 0.00000	 0.01600
762.30000	 0.00000	 0.01592
762.35000	 0.00000	 0.01584
762.40000	 0.00000	 0.01576
762.45000	 0.00000	 0.01568
762.50000	 0.00000	 0.01561
762.55000	 0.00000	 0.01553
762.60000	 0.00000	 0.01545
762.65000	 0.00000	 0.01537
762.70000	 0.00000	 0.01530
762.75000	 0.00000	 0.01522
762.80000	 0.00000	 0.01515
762.85000	 0.00000	 0.01507
762.90000	 0.00000	 0.01499
762.95000	 0.00000	 0.01492
763.00000	 0.00000	 0.01485
763.05000	 0.00000	 0.01477
763.10000	 0.00000	 0.01470
763.15000	 0.00000	 0.01462
763.20000	 0.00000	 0.01455
763.25000	 0.00000	 0.01448
763.30000	 0.00000	 0.01441
763.35000	 0.00000	 0.01433
763.40000	 0.00000	 0.01426
763.45000	 0.00000	 0.01419
763.50000	 0.00000	 0.01412
763.55000	 0.00000	 0.01405
763.60000	 0.00000	 0.01398
763.65000	 0.00000	 0.01391
763.70000	 0.00000	 0.01384
763.75000	 0.00000	 0.01377
763.80000	 0.00000	 0.01370
763.85000	 0.00000	 0.01364
763.90000	 0.00000	 0.01357
763.95000	 0.00000	 0.01350
764.00000	 0.00000	 0.01343
764.05000	 0.00000	 0.01337
764.10000	 0.00000	 0.01330
764.15000	 0.00000	 0.01323
764.20000	 0.00000	 0.01317
764.25000	 0.00000	 0.01310
764.30000	 0.00000	 0.01304
764.35000	 0.00000	 0.01297
764.40000	 0.00000	 0.01291
764.45000	 0.00000	 0.01284
764.50000	 0.00000	 0.01278
764.55000	 0.00000	 0.01271
764.60000	 0.00000	 0.01265
764.65000	 0.00000	 0.01259
764.70000	 0.00000	 0.01252
764.75000	 0.00000	 0.01246
764.80000	 0.00000	 0.01240
764.85000	 0.00000	 0.01234
764.90000	 0.00000	 0.01228
764.95000	 0.00000	 0.01222
765.00000	 0.00000	 0.01215
765.05000	 0.00000	 0.01209
765.10000	 0.00000	 0.01203
765.15000	 0.00000	 0.01197
765.20000	 0.00000	 0.01191
765.25000	 0.00000	 0.01185
765.30000	 0.00000	 0.01180
765.35000	 0.00000	 0.01174
765.40000	 0.00000	 0.01168
765.45000	 0.00000	 0.01162
765.50000	 0.00000	 0.01156
765.55000	 0.00000	 0.01150
765.60000	 0.00000	 0.01145
765.65000	 0.00000	 0.01139
765.70000	 0.00000	 0.01133
765.75000	 0.00000	 0.01128
765.80000	 0.00000	 0.01122
765.85000	 0.00000	 0.01116
765.90000	 0.00000	 0.01111
765.95000	 0.00000	 0.01105
766.00000	 0.00000	 0.01100
766.05000	 0.00000	 0.01094
766.10000	 0.00000	 0.01089
766.15000	 0.00000	 0.01083
766.20000	 0.00000	 0.01078
766.25000	 0.00000	 0.01073
766.30000	 0.00000	 0.01067
766.35000	 0.00000	 0.01062
766.40000	 0.00000	 0.01057
766.45000	 0.00000	 0.01051
766.50000	 0.00000	 0.01046
766.55000	 0.00000	 0.01041
766.60000	 0.00000	 0.01036
766.65000	 0.00000	 0.01031
766.70000	 0.00000	 0.01025
766.75000	 0.00000	 0.01020
766.80000	 0.00000	 0.01015
766.85000	 0.00000	 0.01010
766.90000	 0.00000	 0.01005
766.95000	 0.00000	 0.01000
767.00000	 0.00000	 0.00995
767.05000	 0.00000	 0.00990
767.10000	 0.00000	 0.00985
767.15000	 0.00000	 0.00980
767.20000	 0.00000	 0.00975
767.25000	 0.00000	 0.00971
767.30000	 0.00000	 0.00966
767.35000	 0.00000	 0.00961
767.40000	 0.00000	 0.00956
767.45000	 0.00000	 0.00951
767.50000	 0.00000	 0.00947
767.55000	 0.00000	 0.00942
767.60000	 0.00000	 0.00937
767.65000	 0.00000	 0.00933
767.70000	 0.00000	 0.00928
767.75000	 0.00000	 0.00923
767.80000	 0.00000	 0.00919
767.85000	 0.00000	 0.00914
767.90000	 0.00000	 0.00909
767.95000	 0.00000	 0.00905
768.00000	 0.00000	 0.00900
768.05000	 0.00000	 0.00896
768.10000	 0.00000	 0.00891
768.15000	 0.00000	 0.00887
768.20000	 0.00000	 0.00883
768.25000	 0.00000	 0.00878
768.30000	 0.00000	 0.00874
768.35000	 0.00000	 0.00869
768.40000	 0.00000	 0.00865
768.45000	 0.00000	 0.00861
768.50000	 0.00000	 0.00857
768.55000	 0.00000	 0.00852
768.60000	 0.00000	 0.00848
768.65000	 0.00000	 0.00844
768.70000	 0.00000	 0.00840
768.75000	 0.00000	 0.00835
768.80000	 0.00000	 0.00831
768.85000	 0.00000	 0.00827
768.90000	 0.00000	 0.00823
768.95000	 0.00000	 0.00819
769.00000	 0.00000	 0.00815
769.05000	 0.00000	 0.00811
769.10000	 0.00000	 0.00807
769.15000	 0.00000	 0.00803
769.20000	 0.00000	 0.00799
769.25000	 0.00000	 0.00795
769.30000	 0.00000	 0.00791
769.35000	 0.00000	 0.00787
769.40000	 0.00000	 0.00783
769.45000	 0.00000	 0.00779
769.50000	 0.00000	 0.00775
769.55000	 0.00000	 0.00771
769.60000	 0.00000	 0.00767
769.65000	 0.00000	 0.00763
769.70000	 0.00000	 0.00760
769.75000	 0.00000	 0.00756
769.80000	 0.00000	 0.00752
769.85000	 0.00000	 0.00748
769.90000	 0.00000	 0.00745
769.95000	 0.00000	 0.00741
770.00000	 0.00000	 0.00737
770.05000	 0.00000	 0.00734
770.10000	 0.00000	 0.00730
770.15000	 0.00000	 0.00726
770.20000	 0.00000	 0.00723
770.25000	 0.00000	 0.00719
770.30000	 0.00000	 0.00715
770.35000	 0.00000	 0.00712
770.40000	 0.00000	 0.00708
770.45000	 0.00000	 0.00705
770.50000	 0.00000	 0.00701
770.55000	 0.00000	 0.00698
770.60000	 0.00000	 0.00694
770.65000	 0.00000	 0.00691
770.70000	 0.00000	 0.00687
770.75000	 0.00000	 0.00684
770.80000	 0.00000	 0.00681
770.85000	 0.00000	 0.00677
770.90000	 0.00000	 0.00674
770.95000	 0.00000	 0.00670
771.00000	 0.00000	 0.00667
771.05000	 0.00000	 0.00664
771.10000	 0.00000	 0.00660
771.15000	 0.00000	 0.00657
771.20000	 0.00000	 0.00654
771.25000	 0.00000	 0.00651
771.30000	 0.00000	 0.00647
771.35000	 0.00000	 0.00644
771.40000	 0.00000	 0.00641
771.45000	 0.00000	 0.00638
771.50000	 0.00000	 0.00635
771.55000	 0.00000	 0.00631
771.60000	 0.00000	 0.00628
771.65000	 0.00000	 0.00625
771.70000	 0.00000	 0.00622
771.75000	 0.00000	 0.00619
771.80000	 0.00000	 0.00616
771.85000	 0.00000	 0.00613
771.90000	 0.00000	 0.00610
771.95000	 0.00000	 0.00607
772.00000	 0.00000	 0.00604
772.05000	 0.00000	 0.00601
772.10000	 0.00000	 0.00598
772.15000	 0.00000	 0.00595
772.20000	 0.00000	 0.00592
772.25000	 0.00000	 0.00589
772.30000	 0.00000	 0.00586
772.35000	 0.00000	 0.00583
772.40000	 0.00000	 0.00580
772.45000	 0.00000	 0.00577
772.50000	 0.00000	 0.00574
772.55000	 0.00000	 0.00571
772.60000	 0.00000	 0.00568
772.65000	 0.00000	 0.00566
772.70000	 0.00000	 0.00563
772.75000	 0.00000	 0.00560
772.80000	 0.00000	 0.00557
772.85000	 0.00000	 0.00554
772.90000	 0.00000	 0.00552
772.95000	 0.00000	 0.00549
773.00000	 0.00000	 0.00546
773.05000	 0.00000	 0.00543
773.10000	 0.00000	 0.00541
773.15000	 0.00000	 0.00538
773.20000	 0.00000	 0.00535
773.25000	 0.00000	 0.00533
773.30000	 0.00000	 0.00530
773.35000	 0.00000	 0.00527
773.40000	 0.00000	 0.00525
773.45000	 0.00000	 0.00522
773.50000	 0.00000	 0.00520
773.55000	 0.00000	 0.00517
773.60000	 0.00000	 0.00514
773.65000	 0.00000	 0.00512
773.70000	 0.00000	 0.00509
773.75000	 0.00000	 0.00507
773.80000	 0.00000	 0.00504
773.85000	 0.00000	 0.00502
773.90000	 0.00000	 0.00499
773.95000	 0.00000	 0.00497
774.00000	 0.00000	 0.00494
774.05000	 0.00000	 0.00492
774.10000	 0.00000	 0.00489
774.15000	 0.00000	 0.00487
774.20000	 0.00000	 0.00484
774.25000	 0.00000	 0.00482
774.30000	 0.00000	 0.00480
774.35000	 0.00000	 0.00477
774.40000	 0.00000	 0.00475
774.45000	 0.00000	 0.00472
774.50000	 0.00000	 0.00470
774.55000	 0.00000	 0.00468
774.60000	 0.00000	 0.00465
774.65000	 0.00000	 0.00463
774.70000	 0.00000	 0.00461
774.75000	 0.00000	 0.00458
774.80000	 0.00000	 0.00456
774.85000	 0.00000	 0.00454
774.90000	 0.00000	 0.00452
774.95000	 0.00000	 0.00449
775.00000	 0.00000	 0.00447
775.05000	 0.00000	 0.00445
775.10000	 0.00000	 0.00443
775.15000	 0.00000	 0.00440
775.20000	 0.00000	 0.00438
775.25000	 0.00000	 0.00436
775.30000	 0.00000	 0.00434
775.35000	 0.00000	 0.00432
775.40000	 0.00000	 0.00430
775.45000	 0.00000	 0.00427
775.50000	 0.00000	 0.00425
775.55000	 0.00000	 0.00423
775.60000	 0.00000	 0.00421
775.65000	 0.00000	 0.00419
775.70000	 0.00000	 0.00417
775.75000	 0.00000	 0.00415
775.80000	 0.00000	 0.00413
775.85000	 0.00000	 0.00411
775.90000	 0.00000	 0.00409
775.95000	 0.00000	 0.00407
776.00000	 0.00000	 0.00405
776.05000	 0.00000	 0.00403
776.10000	 0.00000	 0.00401
776.15000	 0.00000	 0.00399
776.20000	 0.00000	 0.00397
776.25000	 0.00000	 0.00395
776.30000	 0.00000	 0.00393
776.35000	 0.00000	 0.00391
776.40000	 0.00000	 0.00389
776.45000	 0.00000	 0.00387
776.50000	 0.00000	 0.00385
776.55000	 0.00000	 0.00383
776.60000	 0.00000	 0.00381
776.65000	 0.00000	 0.00379
776.70000	 0.00000	 0.00377
776.75000	 0.00000	 0.00375
776.80000	 0.00000	 0.00373
776.85000	 0.00000	 0.00372
776.90000	 0.00000	 0.00370
776.95000	 0.00000	 0.00368
777.00000	 0.00000	 0.00366
777.05000	 0.00000	 0.00364
777.10000	 0.00000	 0.00362
777.15000	 0.00000	 0.00361
777.20000	 0.00000	 0.00359
777.25000	 0.00000	 0.00357
777.30000	 0.00000	 0.00355
777.35000	 0.00000	 0.00353
777.40000	 0.00000	 0.00352
777.45000	 0.00000	 0.00350
777.50000	 0.00000	 0.00348
777.55000	 0.00000	 0.00346
777.60000	 0.00000	 0.00345
777.65000	 0.00000	 0.00343
777.70000	 0.00000	 0.00341
777.75000	 0.00000	 0.00340
777.80000	 0.00000	 0.00338
777.85000	 0.00000	 0.00336
777.90000	 0.00000	 0.00335
777.95000	 0.00000	 0.00333
778.00000	 0.00000	 0.00331
778.05000	 0.00000	 0.00330
778.10000	 0.00000	 0.00328
778.15000	 0.00000	 0.00326
778.20000	 0.00000	 0.00325
778.25000	 0.00000	 0.00323
778.30000	 0.00000	 0.00321
778.35000	 0.00000	 0.00320
778.40000	 0.00000	 0.00318
778.45000	 0.00000	 0.00317
778.50000	 0.00000	 0.00315
778.55000	 0.00000	 0.00314
778.60000	 0.00000	 0.00312
778.65000	 0.00000	 0.00310
778.70000	 0.00000	 0.00309
778.75000	 0.00000	 0.00307
778.80000	 0.00000	 0.00306
778.85000	 0.00000	 0.00304
778.90000	 0.00000	 0.00303
778.95000	 0.00000	 0.00301
779.00000	 0.00000	 0.00300
779.05000	 0.00000	 0.00298
779.10000	 0.00000	 0.00297
779.15000	 0.00000	 0.00295
779.20000	 0.00000	 0.00294
779.25000	 0.00000	 0.00292
779.30000	 0.00000	 0.00291
779.35000	 0.00000	 0.00289
779.40000	 0.00000	 0.00288
779.45000	 0.00000	 0.00287
779.50000	 0.00000	 0.00285
779.55000	 0.00000	 0.00284
779.60000	 0.00000	 0.00282
779.65000	 0.00000	 0.00281
779.70000	 0.00000	 0.00279
779.75000	 0.00000	 0.00278
779.80000	 0.00000	 0.00277
779.85000	 0.00000	 0.00275
779.90000	 0.00000	 0.00274
779.95000	 0.00000	 0.00273
780.00000	 0.00000	 0.00271
780.05000	 0.00000	 0.00270
780.10000	 0.00000	 0.00269
780.15000	 0.00000	 0.00267
780.20000	 0.00000	 0.00266
780.25000	 0.00000	 0.00265
780.30000	 0.00000	 0.00263
780.35000	 0.00000	 0.00262
780.40000	 0.00000	 0.00261
780.45000	 0.00000	 0.00259
780.50000	 0.00000	 0.00258
780.55000	 0.00000	 0.00257
780.60000	 0.00000	 0.00255
780.65000	 0.00000	 0.00254
780.70000	 0.00000	 0.00253
780.75000	 0.00000	 0.00252
780.80000	 0.00000	 0.00250
780.85000	 0.00000	 0.00249
780.90000	 0.00000	 0.00248
780.95000	 0.00000	 0.00247
781.00000	 0.00000	 0.00245
781.05000	 0.00000	 0.00244
781.10000	 0.00000	 0.00243
781.15000	 0.00000	 0.00242
781.20000	 0.00000	 0.00241
781.25000	 0.00000	 0.00239
781.30000	 0.00000	 0.00238
781.35000	 0.00000	 0.00237
781.40000	 0.00000	 0.00236
781.45000	 0.00000	 0.00235
781.50000	 0.00000	 0.00233
781.55000	 0.00000	 0.00232
781.60000	 0.00000	 0.00231
781.65000	 0.00000	 0.00230
781.70000	 0.00000	 0.00229
781.75000	 0.00000	 0.00228
781.80000	 0.00000	 0.00227
781.85000	 0.00000	 0.00225
781.90000	 0.00000	 0.00224
781.95000	 0.00000	 0.00223
782.00000	 0.00000	 0.00222
782.05000	 0.00000	 0.00221
782.10000	 0.00000	 0.00220
782.15000	 0.00000	 0.00219
782.20000	 0.00000	 0.00218
782.25000	 0.00000	 0.00217
782.30000	 0.00000	 0.00215
782.35000	 0.00000	 0.00214
782.40000	 0.00000	 0.00213
782.45000	 0.00000	 0.00212
782.50000	 0.00000	 0.00211
782.55000	 0.00000	 0.00210
782.60000	 0.00000	 0.00209
782.65000	 0.00000	 0.00208
782.70000	 0.00000	 0.00207
782.75000	 0.00000	 0.00206
782.80000	 0.00000	 0.00205
782.85000	 0.00000	 0.00204
782.90000	 0.00000	 0.00203
782.95000	 0.00000	 0.00202
783.00000	 0.00000	 0.00201
783.05000	 0.00000	 0.00200
783.10000	 0.00000	 0.00199
783.15000	 0.00000	 0.00198
783.20000	 0.00000	 0.00197
783.25000	 0.00000	 0.00196
783.30000	 0.00000	 0.00195
783.35000	 0.00000	 0.00194
783.40000	 0.00000	 0.00193
783.45000	 0.00000	 0.00192
783.50000	 0.00000	 0.00191
783.55000	 0.00000	 0.00190
783.60000	 0.00000	 0.00189
783.65000	 0.00000	 0.00188
783.70000	 0.00000	 0.00187
783.75000	 0.00000	 0.00186
783.80000	 0.00000	 0.00185
783.85000	 0.00000	 0.00185
783.90000	 0.00000	 0.00184
783.95000	 0.00000	 0.00183
784.00000	 0.00000	 0.00182
784.05000	 0.00000	 0.00181
784.10000	 0.00000	 0.00180
784.15000	 0.00000	 0.00179
784.20000	 0.00000	 0.00178
784.25000	 0.00000	 0.00177
784.30000	 0.00000	 0.00176
784.35000	 0.00000	 0.00176
784.40000	 0.00000	 0.00175
784.45000	 0.00000	 0.00174
784.50000	 0.00000	 0.00173
784.55000	 0.00000	 0.00172
784.60000	 0.00000	 0.00171
784.65000	 0.00000	 0.00170
784.70000	 0.00000	 0.00170
784.75000	 0.00000	 0.00169
784.80000	 0.00000	 0.00168
784.85000	 0.00000	 0.00167
784.90000	 0.00000	 0.00166
784.95000	 0.00000	 0.00165
785.00000	 0.00000	 0.00164
785.05000	 0.00000	 0.00164
785.10000	 0.00000	 0.00163
785.15000	 0.00000	 0.00162
785.20000	 0.00000	 0.00161
785.25000	 0.00000	 0.00160
785.30000	 0.00000	 0.00160
785.35000	 0.00000	 0.00159
785.40000	 0.00000	 0.00158
785.45000	 0.00000	 0.00157
785.50000	 0.00000	 0.00156
785.55000	 0.00000	 0.00156
785.60000	 0.00000	 0.00155
785.65000	 0.00000	 0.00154
785.70000	 0.00000	 0.00153
785.75000	 0.00000	 0.00153
785.80000	 0.00000	 0.00152
785.85000	 0.00000	 0.00151
785.90000	 0.00000	 0.00150
785.95000	 0.00000	 0.00150
786.00000	 0.00000	 0.00149
786.05000	 0.00000	 0.00148
786.10000	 0.00000	 0.00147
786.15000	 0.00000	 0.00147
786.20000	 0.00000	 0.00146
786.25000	 0.00000	 0.00145
786.30000	 0.00000	 0.00144
786.35000	 0.00000	 0.00144
786.40000	 0.00000	 0.00143
786.45000	 0.00000	 0.00142
786.50000	 0.00000	 0.00142
786.55000	 0.00000	 0.00141
786.60000	 0.00000	 0.00140
786.65000	 0.00000	 0.00139
786.70000	 0.00000	 0.00139
786.75000	 0.00000	 0.00138
786.80000	 0.00000	 0.00137
786.85000	 0.00000	 0.00137
786.90000	 0.00000	 0.00136
786.95000	 0.00000	 0.00135
787.00000	 0.00000	 0.00135
787.05000	 0.00000	 0.00134
787.10000	 0.00000	 0.00133
787.15000	 0.00000	 0.00133
787.20000	 0.00000	 0.00132
787.25000	 0.00000	 0.00131
787.30000	 0.00000	 0.00131
787.35000	 0.00000	 0.00130
787.40000	 0.00000	 0.00129
787.45000	 0.00000	 0.00129
787.50000	 0.00000	 0.00128
787.55000	 0.00000	 0.00127
787.60000	 0.00000	 0.00127
787.65000	 0.00000	 0.00126
787.70000	 0.00000	 0.00126
787.75000	 0.00000	 0.00125
787.80000	 0.00000	 0.00124
787.85000	 0.00000	 0.00124
787.90000	 0.00000	 0.00123
787.95000	 0.00000	 0.00122
788.00000	 0.00000	 0.00122
788.05000	 0.00000	 0.00121
788.10000	 0.00000	 0.00121
788.15000	 0.00000	 0.00120
788.20000	 0.00000	 0.00119
788.25000	 0.00000	 0.00119
788.30000	 0.00000	 0.00118
788.35000	 0.00000	 0.00118
788.40000	 0.00000	 0.00117
788.45000	 0.00000	 0.00116
788.50000	 0.00000	 0.00116
788.55000	 0.00000	 0.00115
788.60000	 0.00000	 0.00115
788.65000	 0.00000	 0.00114
788.70000	 0.00000	 0.00114
788.75000	 0.00000	 0.00113
788.80000	 0.00000	 0.00112
788.85000	 0.00000	 0.00112
788.90000	 0.00000	 0.00111
788.95000	 0.00000	 0.00111
789.00000	 0.00000	 0.00110
789.05000	 0.00000	 0.00110
789.10000	 0.00000	 0.00109
789.15000	 0.00000	 0.00109
789.20000	 0.00000	 0.00108
789.25000	 0.00000	 0.00108
789.30000	 0.00000	 0.00107
789.35000	 0.00000	 0.00106
789.40000	 0.00000	 0.00106
789.45000	 0.00000	 0.00105
789.50000	 0.00000	 0.00105
789.55000	 0.00000	 0.00104
789.60000	 0.00000	 0.00104
789.65000	 0.00000	 0.00103
789.70000	 0.00000	 0.00103
789.75000	 0.00000	 0.00102
789.80000	 0.00000	 0.00102
789.85000	 0.00000	 0.00101
789.90000	 0.00000	 0.00101
789.95000	 0.00000	 0.00100
790.00000	 0.00000	 0.00100
790.05000	 0.00000	 0.00099
790.10000	 0.00000	 0.00099
790.15000	 0.00000	 0.00098
790.20000	 0.00000	 0.00098
790.25000	 0.00000	 0.00097
790.30000	 0.00000	 0.00097
790.35000	 0.00000	 0.00096
790.40000	 0.00000	 0.00096
790.45000	 0.00000	 0.00095
790.50000	 0.00000	 0.00095
790.55000	 0.00000	 0.00094
790.60000	 0.00000	 0.00094
790.65000	 0.00000	 0.00093
790.70000	 0.00000	 0.00093
790.75000	 0.00000	 0.00093
790.80000	 0.00000	 0.00092
790.85000	 0.00000	 0.00092
790.90000	 0.00000	 0.00091
790.95000	 0.00000	 0.00091
791.00000	 0.00000	 0.00090
791.05000	 0.00000	 0.00090
791.10000	 0.00000	 0.00089
791.15000	 0.00000	 0.00089
791.20000	 0.00000	 0.00088
791.25000	 0.00000	 0.00088
791.30000	 0.00000	 0.00088
791.35000	 0.00000	 0.00087
791.40000	 0.00000	 0.00087
791.45000	 0.00000	 0.00086
791.50000	 0.00000	 0.00086
791.55000	 0.00000	 0.00085
791.60000	 0.00000	 0.00085
791.65000	 0.00000	 0.00085
791.70000	 0.00000	 0.00084
791.75000	 0.00000	 0.00084
791.80000	 0.00000	 0.00083
791.85000	 0.00000	 0.00083
791.90000	 0.00000	 0.00083
791.95000	 0.00000	 0.00082
792.00000	 0.00000	 0.00082
792.05000	 0.00000	 0.00081
792.10000	 0.00000	 0.00081
792.15000	 0.00000	 0.00080
792.20000	 0.00000	 0.00080
792.25000	 0.00000	 0.00080
792.30000	 0.00000	 0.00079
792.35000	 0.00000	 0.00079
792.40000	 0.00000	 0.00078
792.45000	 0.00000	 0.00078
792.50000	 0.00000	 0.00078
792.55000	 0.00000	 0.00077
792.60000	 0.00000	 0.00077
792.65000	 0.00000	 0.00077
792.70000	 0.00000	 0.00076
792.75000	 0.00000	 0.00076
792.80000	 0.00000	 0.00075
792.85000	 0.00000	 0.00075
792.90000	 0.00000	 0.00075
792.95000	 0.00000	 0.00074
793.00000	 0.00000	 0.00074
793.05000	 0.00000	 0.00074
793.10000	 0.00000	 0.00073
793.15000	 0.00000	 0.00073
793.20000	 0.00000	 0.00072
793.25000	 0.00000	 0.00072
793.30000	 0.00000	 0.00072
793.35000	 0.00000	 0.00071
793.40000	 0.00000	 0.00071
793.45000	 0.00000	 0.00071
793.50000	 0.00000	 0.00070
793.55000	 0.00000	 0.00070
793.60000	 0.00000	 0.00070
793.65000	 0.00000	 0.00069
793.70000	 0.00000	 0.00069
793.75000	 0.00000	 0.00069
793.80000	 0.00000	 0.00068
793.85000	 0.00000	 0.00068
793.90000	 0.00000	 0.00068
793.95000	 0.00000	 0.00067
794.00000	 0.00000	 0.00067
794.05000	 0.00000	 0.00067
794.10000	 0.00000	 0.00066
794.15000	 0.00000	 0.00066
794.20000	 0.00000	 0.00066
794.25000	 0.00000	 0.00065
794.30000	 0.00000	 0.00065
794.35000	 0.00000	 0.00065
794.40000	 0.00000	 0.00064
794.45000	 0.00000	 0.00064
794.50000	 0.00000	 0.00064
794.55000	 0.00000	 0.00063
794.60000	 0.00000	 0.00063
794.65000	 0.00000	 0.00063
794.70000	 0.00000	 0.00062
794.75000	 0.00000	 0.00062
794.80000	 0.00000	 0.00062
794.85000	 0.00000	 0.00061
794.90000	 0.00000	 0.00061
794.95000	 0.00000	 0.00061
795.00000	 0.00000	 0.00061
795.05000	 0.00000	 0.00060
795.10000	 0.00000	 0.00060
795.15000	 0.00000	 0.00060
795.20000	 0.00000	 0.00059
795.25000	 0.00000	 0.00059
795.30000	 0.00000	 0.00059
795.35000	 0.00000	 0.00058
795.40000	 0.00000	 0.00058
795.45000	 0.00000	 0.00058
795.50000	 0.00000	 0.00058
795.55000	 0.00000	 0.00057
795.60000	 0.00000	 0.00057
795.65000	 0.00000	 0.00057
795.70000	 0.00000	 0.00056
795.75000	 0.00000	 0.00056
795.80000	 0.00000	 0.00056
795.85000	 0.00000	 0.00056
795.90000	 0.00000	 0.00055
795.95000	 0.00000	 0.00055
796.00000	 0.00000	 0.00055
796.05000	 0.00000	 0.00054
796.10000	 0.00000	 0.00054
796.15000	 0.00000	 0.00054
796.20000	 0.00000	 0.00054
796.25000	 0.00000	 0.00053
796.30000	 0.00000	 0.00053
796.35000	 0.00000	 0.00053
796.40000	 0.00000	 0.00053
796.45000	 0.00000	 0.00052
796.50000	 0.00000	 0.00052
796.55000	 0.00000	 0.00052
796.60000	 0.00000	 0.00052
796.65000	 0.00000	 0.00051
796.70000	 0.00000	 0.00051
796.75000	 0.00000	 0.00051
796.80000	 0.00000	 0.00051
796.85000	 0.00000	 0.00050
796.90000	 0.00000	 0.00050
796.95000	 0.00000	 0.00050
797.00000	 0.00000	 0.00050
797.05000	 0.00000	 0.00049
797.10000	 0.00000	 0.00049
797.15000	 0.00000	 0.00049
797.20000	 0.00000	 0.00049
797.25000	 0.00000	 0.00048
797.30000	 0.00000	 0.00048
797.35000	 0.00000	 0.00048
797.40000	 0.00000	 0.00048
797.45000	 0.00000	 0.00047
797.50000	 0.00000	 0.00047
797.55000	 0.00000	 0.00047
797.60000	 0.00000	 0.00047
797.65000	 0.00000	 0.00046
797.70000	 0.00000	 0.00046
797.75000	 0.00000	 0.00046
797.80000	 0.00000	 0.00046
797.85000	 0.00000	 0.00046
797.90000	 0.00000	 0.00045
797.95000	 0.00000	 0.00045
798.00000	 0.00000	 0.00045
798.05000	 0.00000	 0.00045
798.10000	 0.00000	 0.00044
798.15000	 0.00000	 0.00044
798.20000	 0.00000	 0.00044
798.25000	 0.00000	 0.00044
798.30000	 0.00000	 0.00044
798.35000	 0.00000	 0.00043
798.40000	 0.00000	 0.00043
798.45000	 0.00000	 0.00043
798.50000	 0.00000	 0.00043
798.55000	 0.00000	 0.00042
798.60000	 0.00000	 0.00042
798.65000	 0.00000	 0.00042
798.70000	 0.00000	 0.00042
798.75000	 0.00000	 0.00042
798.80000	 0.00000	 0.00041
798.85000	 0.00000	 0.00041
798.90000	 0.00000	 0.00041
798.95000	 0.00000	 0.00041
799.00000	 0.00000	 0.00041
799.05000	 0.00000	 0.00040
799.10000	 0.00000	 0.00040
799.15000	 0.00000	 0.00040
799.20000	 0.00000	 0.00040
799.25000	 0.00000	 0.00040
799.30000	 0.00000	 0.00039
799.35000	 0.00000	 0.00039
799.40000	 0.00000	 0.00039
799.45000	 0.00000	 0.00039
799.50000	 0.00000	 0.00039
799.55000	 0.00000	 0.00038
799.60000	 0.00000	 0.00038
799.65000	 0.00000	 0.00038
799.70000	 0.00000	 0.00038
799.75000	 0.00000	 0.00038
799.80000	 0.00000	 0.00037
799.85000	 0.00000	 0.00037
799.90000	 0.00000	 0.00037
799.95000	 0.00000	 0.00037
800.00000	 0.00000	 0.00037
800.05000	 0.00000	 0.00037
800.10000	 0.00000	 0.00036
800.15000	 0.00000	 0.00036
800.20000	 0.00000	 0.00036
800.25000	 0.00000	 0.00036
800.30000	 0.00000	 0.00036
800.35000	 0.00000	 0.00035
800.40000	 0.00000	 0.00035
800.45000	 0.00000	 0.00035
800.50000	 0.00000	 0.00035
800.55000	 0.00000	 0.00035
800.60000	 0.00000	 0.00035
800.65000	 0.00000	 0.00034
800.70000	 0.00000	 0.00034
800.75000	 0.00000	 0.00034
800.80000	 0.00000	 0.00034
800.85000	 0.00000	 0.00034
800.90000	 0.00000	 0.00034
800.95000	 0.00000	 0.00033
801.00000	 0.00000	 0.00033
801.05000	 0.00000	 0.00033
801.10000	 0.00000	 0.00033
801.15000	 0.00000	 0.00033
801.20000	 0.00000	 0.00033
801.25000	 0.00000	 0.00032
801.30000	 0.00000	 0.00032
801.35000	 0.00000	 0.00032
801.40000	 0.00000	 0.00032
801.45000	 0.00000	 0.00032
801.50000	 0.00000	 0.00032
801.55000	 0.00000	 0.00031
801.60000	 0.00000	 0.00031
801.65000	 0.00000	 0.00031
801.70000	 0.00000	 0.00031
801.75000	 0.00000	 0.00031
801.80000	 0.00000	 0.00031
801.85000	 0.00000	 0.00031
801.90000	 0.00000	 0.00030
801.95000	 0.00000	 0.00030
802.00000	 0.00000	 0.00030
802.05000	 0.00000	 0.00030
802.10000	 0.00000	 0.00030
802.15000	 0.00000	 0.00030
802.20000	 0.00000	 0.00029
802.25000	 0.00000	 0.00029
802.30000	 0.00000	 0.00029
802.35000	 0.00000	 0.00029
802.40000	 0.00000	 0.00029
802.45000	 0.00000	 0.00029
802.50000	 0.00000	 0.00029
802.55000	 0.00000	 0.00028
802.60000	 0.00000	 0.00028
802.65000	 0.00000	 0.00028
802.70000	 0.00000	 0.00028
802.75000	 0.00000	 0.00028
802.80000	 0.00000	 0.00028
802.85000	 0.00000	 0.00028
802.90000	 0.00000	 0.00027
802.95000	 0.00000	 0.00027
803.00000	 0.00000	 0.00027
803.05000	 0.00000	 0.00027
803.10000	 0.00000	 0.00027
803.15000	 0.00000	 0.00027
803.20000	 0.00000	 0.00027
803.25000	 0.00000	 0.00027
803.30000	 0.00000	 0.00026
803.35000	 0.00000	 0.00026
803.40000	 0.00000	 0.00026
803.45000	 0.00000	 0.00026
803.50000	 0.00000	 0.00026
803.55000	 0.00000	 0.00026
803.60000	 0.00000	 0.00026
803.65000	 0.00000	 0.00025
803.70000	 0.00000	 0.00025
803.75000	 0.00000	 0.00025
803.80000	 0.00000	 0.00025
803.85000	 0.00000	 0.00025
803.90000	 0.00000	 0.00025
803.95000	 0.00000	 0.00025
804.00000	 0.00000	 0.00025
804.05000	 0.00000	 0.00024
804.10000	 0.00000	 0.00024
804.15000	 0.00000	 0.00024
804.20000	 0.00000	 0.00024
804.25000	 0.00000	 0.00024
804.30000	 0.00000	 0.00024
804.35000	 0.00000	 0.00024
804.40000	 0.00000	 0.00024
804.45000	 0.00000	 0.00024
804.50000	 0.00000	 0.00023
804.55000	 0.00000	 0.00023
804.60000	 0.00000	 0.00023
804.65000	 0.00000	 0.00023
804.70000	 0.00000	 0.00023
804.75000	 0.00000	 0.00023
804.80000	 0.00000	 0.00023
804.85000	 0.00000	 0.00023
804.90000	 0.00000	 0.00022
804.95000	 0.00000	 0.00022
805.00000	 0.00000	 0.00022
805.05000	 0.00000	 0.00022
805.10000	 0.00000	 0.00022
805.15000	 0.00000	 0.00022
805.20000	 0.00000	 0.00022
805.25000	 0.00000	 0.00022
805.30000	 0.00000	 0.00022
805.35000	 0.00000	 0.00021
805.40000	 0.00000	 0.00021
805.45000	 0.00000	 0.00021
805.50000	 0.00000	 0.00021
805.55000	 0.00000	 0.00021
805.60000	 0.00000	 0.00021
805.65000	 0.00000	 0.00021
805.70000	 0.00000	 0.00021
805.75000	 0.00000	 0.00021
805.80000	 0.00000	 0.00021
805.85000	 0.00000	 0.00020
805.90000	 0.00000	 0.00020
805.95000	 0.00000	 0.00020
806.00000	 0.00000	 0.00020
806.05000	 0.00000	 0.00020
806.10000	 0.00000	 0.00020
806.15000	 0.00000	 0.00020
806.20000	 0.00000	 0.00020
806.25000	 0.00000	 0.00020
806.30000	 0.00000	 0.00020
806.35000	 0.00000	 0.00019
806.40000	 0.00000	 0.00019
806.45000	 0.00000	 0.00019
806.50000	 0.00000	 0.00019
806.55000	 0.00000	 0.00019
806.60000	 0.00000	 0.00019
806.65000	 0.00000	 0.00019
806.70000	 0.00000	 0.00019
806.75000	 0.00000	 0.00019
806.80000	 0.00000	 0.00019
806.85000	 0.00000	 0.00019
806.90000	 0.00000	 0.00018
806.95000	 0.00000	 0.00018
807.00000	 0.00000	 0.00018
807.05000	 0.00000	 0.00018
807.10000	 0.00000	 0.00018
807.15000	 0.00000	 0.00018
807.20000	 0.00000	 0.00018
807.25000	 0.00000	 0.00018
807.30000	 0.00000	 0.00018
807.35000	 0.00000	 0.00018
807.40000	 0.00000	 0.00018
807.45000	 0.00000	 0.00017
807.50000	 0.00000	 0.00017
807.55000	 0.00000	 0.00017
807.60000	 0.00000	 0.00017
807.65000	 0.00000	 0.00017
807.70000	 0.00000	 0.00017
807.75000	 0.00000	 0.00017
807.80000	 0.00000	 0.00017
807.85000	 0.00000	 0.00017
807.90000	 0.00000	 0.00017
807.95000	 0.00000	 0.00017
808.00000	 0.00000	 0.00016
808.05000	 0.00000	 0.00016
808.10000	 0.00000	 0.00016
808.15000	 0.00000	 0.00016
808.20000	 0.00000	 0.00016
808.25000	 0.00000	 0.00016
808.30000	 0.00000	 0.00016
808.35000	 0.00000	 0.00016
808.40000	 0.00000	 0.00016
808.45000	 0.00000	 0.00016
808.50000	 0.00000	 0.00016
808.55000	 0.00000	 0.00016
808.60000	 0.00000	 0.00016
808.65000	 0.00000	 0.00015
808.70000	 0.00000	 0.00015
808.75000	 0.00000	 0.00015
808.80000	 0.00000	 0.00015
808.85000	 0.00000	 0.00015
808.90000	 0.00000	 0.00015
808.95000	 0.00000	 0.00015
809.00000	 0.00000	 0.00015
809.05000	 0.00000	 0.00015
809.10000	 0.00000	 0.00015
809.15000	 0.00000	 0.00015
809.20000	 0.00000	 0.00015
809.25000	 0.00000	 0.00015
809.30000	 0.00000	 0.00014
809.35000	 0.00000	 0.00014
809.40000	 0.00000	 0.00014
809.45000	 0.00000	 0.00014
809.50000	 0.00000	 0.00014
809.55000	 0.00000	 0.00014
809.60000	 0.00000	 0.00014
809.65000	 0.00000	 0.00014
809.70000	 0.00000	 0.00014
809.75000	 0.00000	 0.00014
809.80000	 0.00000	 0.00014
809.85000	 0.00000	 0.00014
809.90000	 0.00000	 0.00014
809.95000	 0.00000	 0.00014
810.00000	 0.00000	 0.00014
810.05000	 0.00000	 0.00013
810.10000	 0.00000	 0.00013
810.15000	 0.00000	 0.00013
810.20000	 0.00000	 0.00013
810.25000	 0.00000	 0.00013
810.30000	 0.00000	 0.00013
810.35000	 0.00000	 0.00013
810.40000	 0.00000	 0.00013
810.45000	 0.00000	 0.00013
810.50000	 0.00000	 0.00013
810.55000	 0.00000	 0.00013
810.60000	 0.00000	 0.00013
810.65000	 0.00000	 0.00013
810.70000	 0.00000	 0.00013
810.75000	 0.00000	 0.00013
810.80000	 0.00000	 0.00012
810.85000	 0.00000	 0.00012
810.90000	 0.00000	 0.00012
810.95000	 0.00000	 0.00012
811.00000	 0.00000	 0.00012
811.05000	 0.00000	 0.00012
811.10000	 0.00000	 0.00012
811.15000	 0.00000	 0.00012
811.20000	 0.00000	 0.00012
811.25000	 0.00000	 0.00012
811.30000	 0.00000	 0.00012
811.35000	 0.00000	 0.00012
811.40000	 0.00000	 0.00012
811.45000	 0.00000	 0.00012
811.50000	 0.00000	 0.00012
811.55000	 0.00000	 0.00012
811.60000	 0.00000	 0.00012
811.65000	 0.00000	 0.00011
811.70000	 0.00000	 0.00011
811.75000	 0.00000	 0.00011
811.80000	 0.00000	 0.00011
811.85000	 0.00000	 0.00011
811.90000	 0.00000	 0.00011
811.95000	 0.00000	 0.00011
812.00000	 0.00000	 0.00011
812.05000	 0.00000	 0.00011
812.10000	 0.00000	 0.00011
812.15000	 0.00000	 0.00011
812.20000	 0.00000	 0.00011
812.25000	 0.00000	 0.00011
812.30000	 0.00000	 0.00011
812.35000	 0.00000	 0.00011
812.40000	 0.00000	 0.00011
812.45000	 0.00000	 0.00011
812.50000	 0.00000	 0.00011
812.55000	 0.00000	 0.00010
812.60000	 0.00000	 0.00010
812.65000	 0.00000	 0.00010
812.70000	 0.00000	 0.00010
812.75000	 0.00000	 0.00010
812.80000	 0.00000	 0.00010
812.85000	 0.00000	 0.00010
812.90000	 0.00000	 0.00010
812.95000	 0.00000	 0.00010
813.00000	 0.00000	 0.00010
813.05000	 0.00000	 0.00010
813.10000	 0.00000	 0.00010
813.15000	 0.00000	 0.00010
813.20000	 0.00000	 0.00010
813.25000	 0.00000	 0.00010
813.30000	 0.00000	 0.00010
813.35000	 0.00000	 0.00010
813.40000	 0.00000	 0.00010
813.45000	 0.00000	 0.00010
813.50000	 0.00000	 0.00010
813.55000	 0.00000	 0.00009
813.60000	 0.00000	 0.00009
813.65000	 0.00000	 0.00009
813.70000	 0.00000	 0.00009
813.75000	 0.00000	 0.00009
813.80000	 0.00000	 0.00009
813.85000	 0.00000	 0.00009
813.90000	 0.00000	 0.00009
813.95000	 0.00000	 0.00009
814.00000	 0.00000	 0.00009
814.05000	 0.00000	 0.00009
814.10000	 0.00000	 0.00009
814.15000	 0.00000	 0.00009
814.20000	 0.00000	 0.00009
814.25000	 0.00000	 0.00009
814.30000	 0.00000	 0.00009
814.35000	 0.00000	 0.00009
814.40000	 0.00000	 0.00009
814.45000	 0.00000	 0.00009
814.50000	 0.00000	 0.00009
814.55000	 0.00000	 0.00009
814.60000	 0.00000	 0.00009
814.65000	 0.00000	 0.00008
814.70000	 0.00000	 0.00008
814.75000	 0.00000	 0.00008
814.80000	 0.00000	 0.00008
814.85000	 0.00000	 0.00008
814.90000	 0.00000	 0.00008
814.95000	 0.00000	 0.00008
815.00000	 0.00000	 0.00008
815.05000	 0.00000	 0.00008
815.10000	 0.00000	 0.00008
815.15000	 0.00000	 0.00008
815.20000	 0.00000	 0.00008
815.25000	 0.00000	 0.00008
815.30000	 0.00000	 0.00008
815.35000	 0.00000	 0.00008
815.40000	 0.00000	 0.00008
815.45000	 0.00000	 0.00008
815.50000	 0.00000	 0.00008
815.55000	 0.00000	 0.00008
815.60000	 0.00000	 0.00008
815.65000	 0.00000	 0.00008
815.70000	 0.00000	 0.00008
815.75000	 0.00000	 0.00008
815.80000	 0.00000	 0.00008
815.85000	 0.00000	 0.00008
815.90000	 0.00000	 0.00007
815.95000	 0.00000	 0.00007
816.00000	 0.00000	 0.00007
816.05000	 0.00000	 0.00007
816.10000	 0.00000	 0.00007
816.15000	 0.00000	 0.00007
816.20000	 0.00000	 0.00007
816.25000	 0.00000	 0.00007
816.30000	 0.00000	 0.00007
816.35000	 0.00000	 0.00007
816.40000	 0.00000	 0.00007
816.45000	 0.00000	 0.00007
816.50000	 0.00000	 0.00007
816.55000	 0.00000	 0.00007
816.60000	 0.00000	 0.00007
816.65000	 0.00000	 0.00007
816.70000	 0.00000	 0.00007
816.75000	 0.00000	 0.00007
816.80000	 0.00000	 0.00007
816.85000	 0.00000	 0.00007
816.90000	 0.00000	 0.00007
816.95000	 0.00000	 0.00007
817.00000	 0.00000	 0.00007
817.05000	 0.00000	 0.00007
817.10000	 0.00000	 0.00007
817.15000	 0.00000	 0.00007
817.20000	 0.00000	 0.00007
817.25000	 0.00000	 0.00007
817.30000	 0.00000	 0.00007
817.35000	 0.00000	 0.00006
817.40000	 0.00000	 0.00006
817.45000	 0.00000	 0.00006
817.50000	 0.00000	 0.00006
817.55000	 0.00000	 0.00006
817.60000	 0.00000	 0.00006
817.65000	 0.00000	 0.00006
817.70000	 0.00000	 0.00006
817.75000	 0.00000	 0.00006
817.80000	 0.00000	 0.00006
817.85000	 0.00000	 0.00006
817.90000	 0.00000	 0.00006
817.95000	 0.00000	 0.00006
818.00000	 0.00000	 0.00006
818.05000	 0.00000	 0.00006
818.10000	 0.00000	 0.00006
818.15000	 0.00000	 0.00006
818.20000	 0.00000	 0.00006
818.25000	 0.00000	 0.00006
818.30000	 0.00000	 0.00006
818.35000	 0.00000	 0.00006
818.40000	 0.00000	 0.00006
818.45000	 0.00000	 0.00006
818.50000	 0.00000	 0.00006
818.55000	 0.00000	 0.00006
818.60000	 0.00000	 0.00006
818.65000	 0.00000	 0.00006
818.70000	 0.00000	 0.00006
818.75000	 0.00000	 0.00006
818.80000	 0.00000	 0.00006
818.85000	 0.00000	 0.00006
818.90000	 0.00000	 0.00006
818.95000	 0.00000	 0.00006
819.00000	 0.00000	 0.00005
819.05000	 0.00000	 0.00005
819.10000	 0.00000	 0.00005
819.15000	 0.00000	 0.00005
819.20000	 0.00000	 0.00005
819.25000	 0.00000	 0.00005
819.30000	 0.00000	 0.00005
819.35000	 0.00000	 0.00005
819.40000	 0.00000	 0.00005
819.45000	 0.00000	 0.00005
819.50000	 0.00000	 0.00005
819.55000	 0.00000	 0.00005
819.60000	 0.00000	 0.00005
819.65000	 0.00000	 0.00005
819.70000	 0.00000	 0.00005
819.75000	 0.00000	 0.00005
819.80000	 0.00000	 0.00005
819.85000	 0.00000	 0.00005
819.90000	 0.00000	 0.00005
819.95000	 0.00000	 0.00005
820.00000	 0.00000	 0.00005
820.05000	 0.00000	 0.00005
820.10000	 0.00000	 0.00005
820.15000	 0.00000	 0.00005
820.20000	 0.00000	 0.00005
820.25000	 0.00000	 0.00005
820.30000	 0.00000	 0.00005
820.35000	 0.00000	 0.00005
820.40000	 0.00000	 0.00005
820.45000	 0.00000	 0.00005
820.50000	 0.00000	 0.00005
820.55000	 0.00000	 0.00005
820.60000	 0.00000	 0.00005
820.65000	 0.00000	 0.00005
820.70000	 0.00000	 0.00005
820.75000	 0.00000	 0.00005
820.80000	 0.00000	 0.00005
820.85000	 0.00000	 0.00005
820.90000	 0.00000	 0.00005
820.95000	 0.00000	 0.00005
821.00000	 0.00000	 0.00004
821.05000	 0.00000	 0.00004
821.10000	 0.00000	 0.00004
821.15000	 0.00000	 0.00004
821.20000	 0.00000	 0.00004
821.25000	 0.00000	 0.00004
821.30000	 0.00000	 0.00004
821.35000	 0.00000	 0.00004
821.40000	 0.00000	 0.00004
821.45000	 0.00000	 0.00004
821.50000	 0.00000	 0.00004
821.55000	 0.00000	 0.00004
821.60000	 0.00000	 0.00004
821.65000	 0.00000	 0.00004
821.70000	 0.00000	 0.00004
821.75000	 0.00000	 0.00004
821.80000	 0.00000	 0.00004
821.85000	 0.00000	 0.00004
821.90000	 0.00000	 0.00004
821.95000	 0.00000	 0.00004
822.00000	 0.00000	 0.00004
822.05000	 0.00000	 0.00004
822.10000	 0.00000	 0.00004
822.15000	 0.00000	 0.00004
822.20000	 0.00000	 0.00004
822.25000	 0.00000	 0.00004
822.30000	 0.00000	 0.00004
822.35000	 0.00000	 0.00004
822.40000	 0.00000	 0.00004
822.45000	 0.00000	 0.00004
822.50000	 0.00000	 0.00004
822.55000	 0.00000	 0.00004
822.60000	 0.00000	 0.00004
822.65000	 0.00000	 0.00004
822.70000	 0.00000	 0.00004
822.75000	 0.00000	 0.00004
822.80000	 0.00000	 0.00004
822.85000	 0.00000	 0.00004
822.90000	 0.00000	 0.00004
822.95000	 0.00000	 0.00004
823.00000	 0.00000	 0.00004
823.05000	 0.00000	 0.00004
823.10000	 0.00000	 0.00004
823.15000	 0.00000	 0.00004
823.20000	 0.00000	 0.00004
823.25000	 0.00000	 0.00004
823.30000	 0.00000	 0.00004
823.35000	 0.00000	 0.00004
823.40000	 0.00000	 0.00004
823.45000	 0.00000	 0.00004
823.50000	 0.00000	 0.00004
823.55000	 0.00000	 0.00003
823.60000	 0.00000	 0.00003
823.65000	 0.00000	 0.00003
823.70000	 0.00000	 0.00003
823.75000	 0.00000	 0.00003
823.80000	 0.00000	 0.00003
823.85000	 0.00000	 0.00003
823.90000	 0.00000	 0.00003
823.95000	 0.00000	 0.00003
824.00000	 0.00000	 0.00003
824.05000	 0.00000	 0.00003
824.10000	 0.00000	 0.00003
824.15000	 0.00000	 0.00003
824.20000	 0.00000	 0.00003
824.25000	 0.00000	 0.00003
824.30000	 0.00000	 0.00003
824.35000	 0.00000	 0.00003
824.40000	 0.00000	 0.00003
824.45000	 0.00000	 0.00003
824.50000	 0.00000	 0.00003
824.55000	 0.00000	 0.00003
824.60000	 0.00000	 0.00003
824.65000	 0.00000	 0.00003
824.70000	 0.00000	 0.00003
824.75000	 0.00000	 0.00003
824.80000	 0.00000	 0.00003
824.85000	 0.00000	 0.00003
824.90000	 0.00000	 0.00003
824.95000	 0.00000	 0.00003
825.00000	 0.00000	 0.00003
825.05000	 0.00000	 0.00003
825.10000	 0.00000	 0.00003
825.15000	 0.00000	 0.00003
825.20000	 0.00000	 0.00003
825.25000	 0.00000	 0.00003
825.30000	 0.00000	 0.00003
825.35000	 0.00000	 0.00003
825.40000	 0.00000	 0.00003
825.45000	 0.00000	 0.00003
825.50000	 0.00000	 0.00003
825.55000	 0.00000	 0.00003
825.60000	 0.00000	 0.00003
825.65000	 0.00000	 0.00003
825.70000	 0.00000	 0.00003
825.75000	 0.00000	 0.00003
825.80000	 0.00000	 0.00003
825.85000	 0.00000	 0.00003
825.90000	 0.00000	 0.00003
825.95000	 0.00000	 0.00003
826.00000	 0.00000	 0.00003
826.05000	 0.00000	 0.00003
826.10000	 0.00000	 0.00003
826.15000	 0.00000	 0.00003
826.20000	 0.00000	 0.00003
826.25000	 0.00000	 0.00003
826.30000	 0.00000	 0.00003
826.35000	 0.00000	 0.00003
826.40000	 0.00000	 0.00003
826.45000	 0.00000	 0.00003
826.50000	 0.00000	 0.00003
826.55000	 0.00000	 0.00003
826.60000	 0.00000	 0.00003
826.65000	 0.00000	 0.00003
826.70000	 0.00000	 0.00003
826.75000	 0.00000	 0.00003
826.80000	 0.00000	 0.00003
826.85000	 0.00000	 0.00003
826.90000	 0.00000	 0.00002
826.95000	 0.00000	 0.00002
827.00000	 0.00000	 0.00002
827.05000	 0.00000	 0.00002
827.10000	 0.00000	 0.00002
827.15000	 0.00000	 0.00002
827.20000	 0.00000	 0.00002
827.25000	 0.00000	 0.00002
827.30000	 0.00000	 0.00002
827.35000	 0.00000	 0.00002
827.40000	 0.00000	 0.00002
827.45000	 0.00000	 0.00002
827.50000	 0.00000	 0.00002
827.55000	 0.00000	 0.00002
827.60000	 0.00000	 0.00002
827.65000	 0.00000	 0.00002
827.70000	 0.00000	 0.00002
827.75000	 0.00000	 0.00002
827.80000	 0.00000	 0.00002
827.85000	 0.00000	 0.00002
827.90000	 0.00000	 0.00002
827.95000	 0.00000	 0.00002
828.00000	 0.00000	 0.00002
828.05000	 0.00000	 0.00002
828.10000	 0.00000	 0.00002
828.15000	 0.00000	 0.00002
828.20000	 0.00000	 0.00002
828.25000	 0.00000	 0.00002
828.30000	 0.00000	 0.00002
828.35000	 0.00000	 0.00002
828.40000	 0.00000	 0.00002
828.45000	 0.00000	 0.00002
828.50000	 0.00000	 0.00002
828.55000	 0.00000	 0.00002
828.60000	 0.00000	 0.00002
828.65000	 0.00000	 0.00002
828.70000	 0.00000	 0.00002
828.75000	 0.00000	 0.00002
828.80000	 0.00000	 0.00002
828.85000	 0.00000	 0.00002
828.90000	 0.00000	 0.00002
828.95000	 0.00000	 0.00002
829.00000	 0.00000	 0.00002
829.05000	 0.00000	 0.00002
829.10000	 0.00000	 0.00002
829.15000	 0.00000	 0.00002
829.20000	 0.00000	 0.00002
829.25000	 0.00000	 0.00002
829.30000	 0.00000	 0.00002
829.35000	 0.00000	 0.00002
829.40000	 0.00000	 0.00002
829.45000	 0.00000	 0.00002
829.50000	 0.00000	 0.00002
829.55000	 0.00000	 0.00002
829.60000	 0.00000	 0.00002
829.65000	 0.00000	 0.00002
829.70000	 0.00000	 0.00002
829.75000	 0.00000	 0.00002
829.80000	 0.00000	 0.00002
829.85000	 0.00000	 0.00002
829.90000	 0.00000	 0.00002
829.95000	 0.00000	 0.00002
830.00000	 0.00000	 0.00002
830.05000	 0.00000	 0.00002
830.10000	 0.00000	 0.00002
830.15000	 0.00000	 0.00002
830.20000	 0.00000	 0.00002
830.25000	 0.00000	 0.00002
830.30000	 0.00000	 0.00002
830.35000	 0.00000	 0.00002
830.40000	 0.00000	 0.00002
830.45000	 0.00000	 0.00002
830.50000	 0.00000	 0.00002
830.55000	 0.00000	 0.00002
830.60000	 0.00000	 0.00002
830.65000	 0.00000	 0.00002
830.70000	 0.00000	 0.00002
830.75000	 0.00000	 0.00002
830.80000	 0.00000	 0.00002
830.85000	 0.00000	 0.00002
830.90000	 0.00000	 0.00002
830.95000	 0.00000	 0.00002
831.00000	 0.00000	 0.00002
831.05000	 0.00000	 0.00002
831.10000	 0.00000	 0.00002
831.15000	 0.00000	 0.00002
831.20000	 0.00000	 0.00002
831.25000	 0.00000	 0.00002
831.30000	 0.00000	 0.00002
831.35000	 0.00000	 0.00002
831.40000	 0.00000	 0.00002
831.45000	 0.00000	 0.00002
831.50000	 0.00000	 0.00002
831.55000	 0.00000	 0.00002
831.60000	 0.00000	 0.00002
831.65000	 0.00000	 0.00002
831.70000	 0.00000	 0.00002
831.75000	 0.00000	 0.00002
831.80000	 0.00000	 0.00002
831.85000	 0.00000	 0.00002
831.90000	 0.00000	 0.00002
831.95000	 0.00000	 0.00002
832.00000	 0.00000	 0.00001
832.05000	 0.00000	 0.00001
832.10000	 0.00000	 0.00001
832.15000	 0.00000	 0.00001
832.20000	 0.00000	 0.00001
832.25000	 0.00000	 0.00001
832.30000	 0.00000	 0.00001
832.35000	 0.00000	 0.00001
832.40000	 0.00000	 0.00001
832.45000	 0.00000	 0.00001
832.50000	 0.00000	 0.00001
832.55000	 0.00000	 0.00001
832.60000	 0.00000	 0.00001
832.65000	 0.00000	 0.00001
832.70000	 0.00000	 0.00001
832.75000	 0.00000	 0.00001
832.80000	 0.00000	 0.00001
832.85000	 0.00000	 0.00001
832.90000	 0.00000	 0.00001
832.95000	 0.00000	 0.00001
833.00000	 0.00000	 0.00001
833.05000	 0.00000	 0.00001
833.10000	 0.00000	 0.00001
833.15000	 0.00000	 0.00001
833.20000	 0.00000	 0.00001
833.25000	 0.00000	 0.00001
833.30000	 0.00000	 0.00001
833.35000	 0.00000	 0.00001
833.40000	 0.00000	 0.00001
833.45000	 0.00000	 0.00001
833.50000	 0.00000	 0.00001
833.55000	 0.00000	 0.00001
833.60000	 0.00000	 0.00001
833.65000	 0.00000	 0.00001
833.70000	 0.00000	 0.00001
833.75000	 0.00000	 0.00001
833.80000	 0.00000	 0.00001
833.85000	 0.00000	 0.00001
833.90000	 0.00000	 0.00001
833.95000	 0.00000	 0.00001
834.00000	 0.00000	 0.00001
834.05000	 0.00000	 0.00001
834.10000	 0.00000	 0.00001
834.15000	 0.00000	 0.00001
834.20000	 0.00000	 0.00001
834.25000	 0.00000	 0.00001
834.30000	 0.00000	 0.00001
834.35000	 0.00000	 0.00001
834.40000	 0.00000	 0.00001
834.45000	 0.00000	 0.00001
834.50000	 0.00000	 0.00001
834.55000	 0.00000	 0.00001
834.60000	 0.00000	 0.00001
834.65000	 0.00000	 0.00001
834.70000	 0.00000	 0.00001
834.75000	 0.00000	 0.00001
834.80000	 0.00000	 0.00001
834.85000	 0.00000	 0.00001
834.90000	 0.00000	 0.00001
834.95000	 0.00000	 0.00001
835.00000	 0.00000	 0.00001
835.05000	 0.00000	 0.00001
835.10000	 0.00000	 0.00001
835.15000	 0.00000	 0.00001
835.20000	 0.00000	 0.00001
835.25000	 0.00000	 0.00001
835.30000	 0.00000	 0.00001
835.35000	 0.00000	 0.00001
835.40000	 0.00000	 0.00001
835.45000	 0.00000	 0.00001
835.50000	 0.00000	 0.00001
835.55000	 0.00000	 0.00001
835.60000	 0.00000	 0.00001
835.65000	 0.00000	 0.00001
835.70000	 0.00000	 0.00001
835.75000	 0.00000	 0.00001
835.80000	 0.00000	 0.00001
835.85000	 0.00000	 0.00001
835.90000	 0.00000	 0.00001
835.95000	 0.00000	 0.00001
836.00000	 0.00000	 0.00001
836.05000	 0.00000	 0.00001
836.10000	 0.00000	 0.00001
836.15000	 0.00000	 0.00001
836.20000	 0.00000	 0.00001
836.25000	 0.00000	 0.00001
836.30000	 0.00000	 0.00001
836.35000	 0.00000	 0.00001
836.40000	 0.00000	 0.00001
836.45000	 0.00000	 0.00001
836.50000	 0.00000	 0.00001
836.55000	 0.00000	 0.00001
836.60000	 0.00000	 0.00001
836.65000	 0.00000	 0.00001
836.70000	 0.00000	 0.00001
836.75000	 0.00000	 0.00001
836.80000	 0.00000	 0.00001
836.85000	 0.00000	 0.00001
836.90000	 0.00000	 0.00001
836.95000	 0.00000	 0.00001
837.00000	 0.00000	 0.00001
837.05000	 0.00000	 0.00001
837.10000	 0.00000	 0.00001
837.15000	 0.00000	 0.00001
837.20000	 0.00000	 0.00001
837.25000	 0.00000	 0.00001
837.30000	 0.00000	 0.00001
837.35000	 0.00000	 0.00001
837.40000	 0.00000	 0.00001
837.45000	 0.00000	 0.00001
837.50000	 0.00000	 0.00001
837.55000	 0.00000	 0.00001
837.60000	 0.00000	 0.00001
837.65000	 0.00000	 0.00001
837.70000	 0.00000	 0.00001
837.75000	 0.00000	 0.00001
837.80000	 0.00000	 0.00001
837.85000	 0.00000	 0.00001
837.90000	 0.00000	 0.00001
837.95000	 0.00000	 0.00001
838.00000	 0.00000	 0.00001
838.05000	 0.00000	 0.00001
838.10000	 0.00000	 0.00001
838.15000	 0.00000	 0.00001
838.20000	 0.00000	 0.00001
838.25000	 0.00000	 0.00001
838.30000	 0.00000	 0.00001
838.35000	 0.00000	 0.00001
838.40000	 0.00000	 0.00001
838.45000	 0.00000	 0.00001
838.50000	 0.00000	 0.00001
838.55000	 0.00000	 0.00001
838.60000	 0.00000	 0.00001
838.65000	 0.00000	 0.00001
838.70000	 0.00000	 0.00001
838.75000	 0.00000	 0.00001
838.80000	 0.00000	 0.00001
838.85000	 0.00000	 0.00001
838.90000	 0.00000	 0.00001
838.95000	 0.00000	 0.00001
839.00000	 0.00000	 0.00001
839.05000	 0.00000	 0.00001
839.10000	 0.00000	 0.00001
839.15000	 0.00000	 0.00001
839.20000	 0.00000	 0.00001
839.25000	 0.00000	 0.00001
839.30000	 0.00000	 0.00001
839.35000	 0.00000	 0.00001
839.40000	 0.00000	 0.00001
839.45000	 0.00000	 0.00001
839.50000	 0.00000	 0.00001
839.55000	 0.00000	 0.00001
839.60000	 0.00000	 0.00001
839.65000	 0.00000	 0.00001
839.70000	 0.00000	 0.00001
839.75000	 0.00000	 0.00001
839.80000	 0.00000	 0.00001
839.85000	 0.00000	 0.00001
839.90000	 0.00000	 0.00001
839.95000	 0.00000	 0.00001
840.00000	 0.00000	 0.00001
840.05000	 0.00000	 0.00001
840.10000	 0.00000	 0.00001
840.15000	 0.00000	 0.00001
840.20000	 0.00000	 0.00001
840.25000	 0.00000	 0.00001
840.30000	 0.00000	 0.00001
840.35000	 0.00000	 0.00001
840.40000	 0.00000	 0.00001
840.45000	 0.00000	 0.00001
840.50000	 0.00000	 0.00001
840.55000	 0.00000	 0.00001
840.60000	 0.00000	 0.00001
840.65000	 0.00000	 0.00001
840.70000	 0.00000	 0.00001
840.75000	 0.00000	 0.00001
840.80000	 0.00000	 0.00001
840.85000	 0.00000	 0.00001
840.90000	 0.00000	 0.00001
840.95000	 0.00000	 0.00001
841.00000	 0.00000	 0.00001
841.05000	 0.00000	 0.00001
841.10000	 0.00000	 0.00001
841.15000	 0.00000	 0.00001
841.20000	 0.00000	 0.00001
841.25000	 0.00000	 0.00001
841.30000	 0.00000	 0.00001
841.35000	 0.00000	 0.00001
841.40000	 0.00000	 0.00001
841.45000	 0.00000	 0.00001
841.50000	 0.00000	 0.00001
841.55000	 0.00000	 0.00001
841.60000	 0.00000	 0.00001
841.65000	 0.00000	 0.00001
841.70000	 0.00000	 0.00001
841.75000	 0.00000	 0.00001
841.80000	 0.00000	 0.00001
841.85000	 0.00000	 0.00001
841.90000	 0.00000	 0.00001
841.95000	 0.00000	 0.00001
842.00000	 0.00000	 0.00001
842.05000	 0.00000	 0.00001
842.10000	 0.00000	 0.00001
842.15000	 0.00000	 0.00001
842.20000	 0.00000	 0.00001
842.25000	 0.00000	 0.00001
842.30000	 0.00000	 0.00001
842.35000	 0.00000	 0.00001
842.40000	 0.00000	 0.00001
842.45000	 0.00000	 0.00001
842.50000	 0.00000	 0.00001
842.55000	 0.00000	 0.00001
842.60000	 0.00000	 0.00001
842.65000	 0.00000	 0.00001
842.70000	 0.00000	 0.00001
842.75000	 0.00000	 0.00001
842.80000	 0.00000	 0.00001
842.85000	 0.00000	 0.00001
842.90000	 0.00000	 0.00001
842.95000	 0.00000	 0.00001
843.00000	 0.00000	 0.00000
843.05000	 0.00000	 0.00000
843.10000	 0.00000	 0.00000
843.15000	 0.00000	 0.00000
843.20000	 0.00000	 0.00000
843.25000	 0.00000	 0.00000
843.30000	 0.00000	 0.00000
843.35000	 0.00000	 0.00000
843.40000	 0.00000	 0.00000
843.45000	 0.00000	 0.00000
843.50000	 0.00000	 0.00000
843.55000	 0.00000	 0.00000
843.60000	 0.00000	 0.00000
843.65000	 0.00000	 0.00000
843.70000	 0.00000	 0.00000
843.75000	 0.00000	 0.00000
843.80000	 0.00000	 0.00000
843.85000	 0.00000	 0.00000
843.90000	 0.00000	 0.00000
843.95000	 0.00000	 0.00000
844.00000	 0.00000	 0.00000
844.05000	 0.00000	 0.00000
844.10000	 0.00000	 0.00000
844.15000	 0.00000	 0.00000
844.20000	 0.00000	 0.00000
844.25000	 0.00000	 0.00000
844.30000	 0.00000	 0.00000
844.35000	 0.00000	 0.00000
844.40000	 0.00000	 0.00000
844.45000	 0.00000	 0.00000
844.50000	 0.00000	 0.00000
844.55000	 0.00000	 0.00000
844.60000	 0.00000	 0.00000
844.65000	 0.00000	 0.00000
844.70000	 0.00000	 0.00000
844.75000	 0.00000	 0.00000
844.80000	 0.00000	 0.00000
844.85000	 0.00000	 0.00000
844.90000	 0.00000	 0.00000
844.95000	 0.00000	 0.00000
845.00000	 0.00000	 0.00000
845.05000	 0.00000	 0.00000
845.10000	 0.00000	 0.00000
845.15000	 0.00000	 0.00000
845.20000	 0.00000	 0.00000
845.25000	 0.00000	 0.00000
845.30000	 0.00000	 0.00000
845.35000	 0.00000	 0.00000
845.40000	 0.00000	 0.00000
845.45000	 0.00000	 0.00000
845.50000	 0.00000	 0.00000
845.55000	 0.00000	 0.00000
845.60000	 0.00000	 0.00000
845.65000	 0.00000	 0.00000
845.70000	 0.00000	 0.00000
845.75000	 0.00000	 0.00000
845.80000	 0.00000	 0.00000
845.85000	 0.00000	 0.00000
845.90000	 0.00000	 0.00000
845.95000	 0.00000	 0.00000
846.00000	 0.00000	 0.00000
846.05000	 0.00000	 0.00000
846.10000	 0.00000	 0.00000
846.15000	 0.00000	 0.00000
846.20000	 0.00000	 0.00000
846.25000	 0.00000	 0.00000
846.30000	 0.00000	 0.00000
846.35000	 0.00000	 0.00000
846.40000	 0.00000	 0.00000
846.45000	 0.00000	 0.00000
846.50000	 0.00000	 0.00000
846.55000	 0.00000	 0.00000
846.60000	 0.00000	 0.00000
846.65000	 0.00000	 0.00000
846.70000	 0.00000	 0.00000
846.75000	 0.00000	 0.00000
846.80000	 0.00000	 0.00000
846.85000	 0.00000	 0.00000
846.90000	 0.00000	 0.00000
846.95000	 0.00000	 0.00000
847.00000	 0.00000	 0.00000
847.05000	 0.00000	 0.00000
847.10000	 0.00000	 0.00000
847.15000	 0.00000	 0.00000
847.20000	 0.00000	 0.00000
847.25000	 0.00000	 0.00000
847.30000	 0.00000	 0.00000
847.35000	 0.00000	 0.00000
847.40000	 0.00000	 0.00000
847.45000	 0.00000	 0.00000
847.50000	 0.00000	 0.00000
847.55000	 0.00000	 0.00000
847.60000	 0.00000	 0.00000
847.65000	 0.00000	 0.00000
847.70000	 0.00000	 0.00000
847.75000	 0.00000	 0.00000
847.80000	 0.00000	 0.00000
847.85000	 0.00000	 0.00000
847.90000	 0.00000	 0.00000
847.95000	 0.00000	 0.00000
848.00000	 0.00000	 0.00000
848.05000	 0.00000	 0.00000
848.10000	 0.00000	 0.00000
848.15000	 0.00000	 0.00000
848.20000	 0.00000	 0.00000
848.25000	 0.00000	 0.00000
848.30000	 0.00000	 0.00000
848.35000	 0.00000	 0.00000
848.40000	 0.00000	 0.00000
848.45000	 0.00000	 0.00000
848.50000	 0.00000	 0.00000
848.55000	 0.00000	 0.00000
848.60000	 0.00000	 0.00000
848.65000	 0.00000	 0.00000
848.70000	 0.00000	 0.00000
848.75000	 0.00000	 0.00000
848.80000	 0.00000	 0.00000
848.85000	 0.00000	 0.00000
848.90000	 0.00000	 0.00000
848.95000	 0.00000	 0.00000
849.00000	 0.00000	 0.00000
849.05000	 0.00000	 0.00000
849.10000	 0.00000	 0.00000
849.15000	 0.00000	 0.00000
849.20000	 0.00000	 0.00000
849.25000	 0.00000	 0.00000
849.30000	 0.00000	 0.00000
849.35000	 0.00000	 0.00000
849.40000	 0.00000	 0.00000
849.45000	 0.00000	 0.00000
849.50000	 0.00000	 0.00000
849.55000	 0.00000	 0.00000
849.60000	 0.00000	 0.00000
849.65000	 0.00000	 0.00000
849.70000	 0.00000	 0.00000
849.75000	 0.00000	 0.00000
849.80000	 0.00000	 0.00000
849.85000	 0.00000	 0.00000
849.90000	 0.00000	 0.00000
849.95000	 0.00000	 0.00000
850.00000	 0.00000	 0.00000
850.05000	 0.00000	 0.00000
850.10000	 0.00000	 0.00000
850.15000	 0.00000	 0.00000
850.20000	 0.00000	 0.00000
850.25000	 0.00000	 0.00000
850.30000	 0.00000	 0.00000
850.35000	 0.00000	 0.00000
850.40000	 0.00000	 0.00000
850.45000	 0.00000	 0.00000
850.50000	 0.00000	 0.00000
850.55000	 0.00000	 0.00000
850.60000	 0.00000	 0.00000
850.65000	 0.00000	 0.00000
850.70000	 0.00000	 0.00000
850.75000	 0.00000	 0.00000
850.80000	 0.00000	 0.00000
850.85000	 0.00000	 0.00000
850.90000	 0.00000	 0.00000
850.95000	 0.00000	 0.00000
851.00000	 0.00000	 0.00000
851.05000	 0.00000	 0.00000
851.10000	 0.00000	 0.00000
851.15000	 0.00000	 0.00000
851.20000	 0.00000	 0.00000
851.25000	 0.00000	 0.00000
851.30000	 0.00000	 0.00000
851.35000	 0.00000	 0.00000
851.40000	 0.00000	 0.00000
851.45000	 0.00000	 0.00000
851.50000	 0.00000	 0.00000
851.55000	 0.00000	 0.00000
851.60000	 0.00000	 0.00000
851.65000	 0.00000	 0.00000
851.70000	 0.00000	 0.00000
851.75000	 0.00000	 0.00000
851.80000	 0.00000	 0.00000
851.85000	 0.00000	 0.00000
851.90000	 0.00000	 0.00000
851.95000	 0.00000	 0.00000
852.00000	 0.00000	 0.00000
852.05000	 0.00000	 0.00000
852.10000	 0.00000	 0.00000
852.15000	 0.00000	 0.00000
852.20000	 0.00000	 0.00000
852.25000	 0.00000	 0.00000
852.30000	 0.00000	 0.00000
852.35000	 0.00000	 0.00000
852.40000	 0.00000	 0.00000
852.45000	 0.00000	 0.00000
852.50000	 0.00000	 0.00000
852.55000	 0.00000	 0.00000
852.60000	 0.00000	 0.00000
852.65000	 0.00000	 0.00000
852.70000	 0.00000	 0.00000
852.75000	 0.00000	 0.00000
852.80000	 0.00000	 0.00000
852.85000	 0.00000	 0.00000
852.90000	 0.00000	 0.00000
852.95000	 0.00000	 0.00000
853.00000	 0.00000	 0.00000
853.05000	 0.00000	 0.00000
853.10000	 0.00000	 0.00000
853.15000	 0.00000	 0.00000
853.20000	 0.00000	 0.00000
853.25000	 0.00000	 0.00000
853.30000	 0.00000	 0.00000
853.35000	 0.00000	 0.00000
853.40000	 0.00000	 0.00000
853.45000	 0.00000	 0.00000
853.50000	 0.00000	 0.00000
853.55000	 0.00000	 0.00000
853.60000	 0.00000	 0.00000
853.65000	 0.00000	 0.00000
853.70000	 0.00000	 0.00000
853.75000	 0.00000	 0.00000
853.80000	 0.00000	 0.00000
853.85000	 0.00000	 0.00000
853.90000	 0.00000	 0.00000
853.95000	 0.00000	 0.00000
854.00000	 0.00000	 0.00000
854.05000	 0.00000	 0.00000
854.10000	 0.00000	 0.00000
854.15000	 0.00000	 0.00000
854.20000	 0.00000	 0.00000
854.25000	 0.00000	 0.00000
854.30000	 0.00000	 0.00000
854.35000	 0.00000	 0.00000
854.40000	 0.00000	 0.00000
854.45000	 0.00000	 0.00000
854.50000	 0.00000	 0.00000
854.55000	 0.00000	 0.00000
854.60000	 0.00000	 0.00000
854.65000	 0.00000	 0.00000
854.70000	 0.00000	 0.00000
854.75000	 0.00000	 0.00000
854.80000	 0.00000	 0.00000
854.85000	 0.00000	 0.00000
854.90000	 0.00000	 0.00000
854.95000	 0.00000	 0.00000
855.00000	 0.00000	 0.00000
855.05000	 0.00000	 0.00000
855.10000	 0.00000	 0.00000
855.15000	 0.00000	 0.00000
855.20000	 0.00000	 0.00000
855.25000	 0.00000	 0.00000
855.30000	 0.00000	 0.00000
855.35000	 0.00000	 0.00000
855.40000	 0.00000	 0.00000
855.45000	 0.00000	 0.00000
855.50000	 0.00000	 0.00000
855.55000	 0.00000	 0.00000
855.60000	 0.00000	 0.00000
855.65000	 0.00000	 0.00000
855.70000	 0.00000	 0.00000
855.75000	 0.00000	 0.00000
855.80000	 0.00000	 0.00000
855.85000	 0.00000	 0.00000
855.90000	 0.00000	 0.00000
855.95000	 0.00000	 0.00000
856.00000	 0.00000	 0.00000
856.05000	 0.00000	 0.00000
856.10000	 0.00000	 0.00000
856.15000	 0.00000	 0.00000
856.20000	 0.00000	 0.00000
856.25000	 0.00000	 0.00000
856.30000	 0.00000	 0.00000
856.35000	 0.00000	 0.00000
856.40000	 0.00000	 0.00000
856.45000	 0.00000	 0.00000
856.50000	 0.00000	 0.00000
856.55000	 0.00000	 0.00000
856.60000	 0.00000	 0.00000
856.65000	 0.00000	 0.00000
856.70000	 0.00000	 0.00000
856.75000	 0.00000	 0.00000
856.80000	 0.00000	 0.00000
856.85000	 0.00000	 0.00000
856.90000	 0.00000	 0.00000
856.95000	 0.00000	 0.00000
857.00000	 0.00000	 0.00000
857.05000	 0.00000	 0.00000
857.10000	 0.00000	 0.00000
857.15000	 0.00000	 0.00000
857.20000	 0.00000	 0.00000
857.25000	 0.00000	 0.00000
857.30000	 0.00000	 0.00000
857.35000	 0.00000	 0.00000
857.40000	 0.00000	 0.00000
857.45000	 0.00000	 0.00000
857.50000	 0.00000	 0.00000
857.55000	 0.00000	 0.00000
857.60000	 0.00000	 0.00000
857.65000	 0.00000	 0.00000
857.70000	 0.00000	 0.00000
857.75000	 0.00000	 0.00000
857.80000	 0.00000	 0.00000
857.85000	 0.00000	 0.00000
857.90000	 0.00000	 0.00000
857.95000	 0.00000	 0.00000
858.00000	 0.00000	 0.00000
858.05000	 0.00000	 0.00000
858.10000	 0.00000	 0.00000
858.15000	 0.00000	 0.00000
858.20000	 0.00000	 0.00000
858.25000	 0.00000	 0.00000
858.30000	 0.00000	 0.00000
858.35000	 0.00000	 0.00000
858.40000	 0.00000	 0.00000
858.45000	 0.00000	 0.00000
858.50000	 0.00000	 0.00000
858.55000	 0.00000	 0.00000
858.60000	 0.00000	 0.00000
858.65000	 0.00000	 0.00000
858.70000	 0.00000	 0.00000
858.75000	 0.00000	 0.00000
858.80000	 0.00000	 0.00000
858.85000	 0.00000	 0.00000
858.90000	 0.00000	 0.00000
858.95000	 0.00000	 0.00000
859.00000	 0.00000	 0.00000
859.05000	 0.00000	 0.00000
859.10000	 0.00000	 0.00000
859.15000	 0.00000	 0.00000
859.20000	 0.00000	 0.00000
859.25000	 0.00000	 0.00000
859.30000	 0.00000	 0.00000
859.35000	 0.00000	 0.00000
859.40000	 0.00000	 0.00000
859.45000	 0.00000	 0.00000
859.50000	 0.00000	 0.00000
859.55000	 0.00000	 0.00000
859.60000	 0.00000	 0.00000
859.65000	 0.00000	 0.00000
859.70000	 0.00000	 0.00000
859.75000	 0.00000	 0.00000
859.80000	 0.00000	 0.00000
859.85000	 0.00000	 0.00000
859.90000	 0.00000	 0.00000
859.95000	 0.00000	 0.00000
860.00000	 0.00000	 0.00000
860.05000	 0.00000	 0.00000
860.10000	 0.00000	 0.00000
860.15000	 0.00000	 0.00000
860.20000	 0.00000	 0.00000
860.25000	 0.00000	 0.00000
860.30000	 0.00000	 0.00000
860.35000	 0.00000	 0.00000
860.40000	 0.00000	 0.00000
860.45000	 0.00000	 0.00000
860.50000	 0.00000	 0.00000
860.55000	 0.00000	 0.00000
860.60000	 0.00000	 0.00000
860.65000	 0.00000	 0.00000
860.70000	 0.00000	 0.00000
860.75000	 0.00000	 0.00000
860.80000	 0.00000	 0.00000
860.85000	 0.00000	 0.00000
860.90000	 0.00000	 0.00000
860.95000	 0.00000	 0.00000
861.00000	 0.00000	 0.00000
861.05000	 0.00000	 0.00000
861.10000	 0.00000	 0.00000
861.15000	 0.00000	 0.00000
861.20000	 0.00000	 0.00000
861.25000	 0.00000	 0.00000
861.30000	 0.00000	 0.00000
861.35000	 0.00000	 0.00000
861.40000	 0.00000	 0.00000
861.45000	 0.00000	 0.00000
861.50000	 0.00000	 0.00000
861.55000	 0.00000	 0.00000
861.60000	 0.00000	 0.00000
861.65000	 0.00000	 0.00000
861.70000	 0.00000	 0.00000
861.75000	 0.00000	 0.00000
861.80000	 0.00000	 0.00000
861.85000	 0.00000	 0.00000
861.90000	 0.00000	 0.00000
861.95000	 0.00000	 0.00000
862.00000	 0.00000	 0.00000
862.05000	 0.00000	 0.00000
862.10000	 0.00000	 0.00000
862.15000	 0.00000	 0.00000
862.20000	 0.00000	 0.00000
862.25000	 0.00000	 0.00000
862.30000	 0.00000	 0.00000
862.35000	 0.00000	 0.00000
862.40000	 0.00000	 0.00000
862.45000	 0.00000	 0.00000
862.50000	 0.00000	 0.00000
862.55000	 0.00000	 0.00000
862.60000	 0.00000	 0.00000
862.65000	 0.00000	 0.00000
862.70000	 0.00000	 0.00000
862.75000	 0.00000	 0.00000
862.80000	 0.00000	 0.00000
862.85000	 0.00000	 0.00000
862.90000	 0.00000	 0.00000
862.95000	 0.00000	 0.00000
863.00000	 0.00000	 0.00000
863.05000	 0.00000	 0.00000
863.10000	 0.00000	 0.00000
863.15000	 0.00000	 0.00000
863.20000	 0.00000	 0.00000
863.25000	 0.00000	 0.00000
863.30000	 0.00000	 0.00000
863.35000	 0.00000	 0.00000
863.40000	 0.00000	 0.00000
863.45000	 0.00000	 0.00000
863.50000	 0.00000	 0.00000
863.55000	 0.00000	 0.00000
863.60000	 0.00000	 0.00000
863.65000	 0.00000	 0.00000
863.70000	 0.00000	 0.00000
863.75000	 0.00000	 0.00000
863.80000	 0.00000	 0.00000
863.85000	 0.00000	 0.00000
863.90000	 0.00000	 0.00000
863.95000	 0.00000	 0.00000
864.00000	 0.00000	 0.00000
864.05000	 0.00000	 0.00000
864.10000	 0.00000	 0.00000
864.15000	 0.00000	 0.00000
864.20000	 0.00000	 0.00000
864.25000	 0.00000	 0.00000
864.30000	 0.00000	 0.00000
864.35000	 0.00000	 0.00000
864.40000	 0.00000	 0.00000
864.45000	 0.00000	 0.00000
864.50000	 0.00000	 0.00000
864.55000	 0.00000	 0.00000
864.60000	 0.00000	 0.00000
864.65000	 0.00000	 0.00000
864.70000	 0.00000	 0.00000
864.75000	 0.00000	 0.00000
864.80000	 0.00000	 0.00000
864.85000	 0.00000	 0.00000
864.90000	 0.00000	 0.00000
864.95000	 0.00000	 0.00000
865.00000	 0.00000	 0.00000
865.05000	 0.00000	 0.00000
865.10000	 0.00000	 0.00000
865.15000	 0.00000	 0.00000
865.20000	 0.00000	 0.00000
865.25000	 0.00000	 0.00000
865.30000	 0.00000	 0.00000
865.35000	 0.00000	 0.00000
865.40000	 0.00000	 0.00000
865.45000	 0.00000	 0.00000
865.50000	 0.00000	 0.00000
865.55000	 0.00000	 0.00000
865.60000	 0.00000	 0.00000
865.65000	 0.00000	 0.00000
865.70000	 0.00000	 0.00000
865.75000	 0.00000	 0.00000
865.80000	 0.00000	 0.00000
865.85000	 0.00000	 0.00000
865.90000	 0.00000	 0.00000
865.95000	 0.00000	 0.00000
866.00000	 0.00000	 0.00000
866.05000	 0.00000	 0.00000
866.10000	 0.00000	 0.00000
866.15000	 0.00000	 0.00000
866.20000	 0.00000	 0.00000
866.25000	 0.00000	 0.00000
866.30000	 0.00000	 0.00000
866.35000	 0.00000	 0.00000
866.40000	 0.00000	 0.00000
866.45000	 0.00000	 0.00000
866.50000	 0.00000	 0.00000
866.55000	 0.00000	 0.00000
866.60000	 0.00000	 0.00000
866.65000	 0.00000	 0.00000
866.70000	 0.00000	 0.00000
866.75000	 0.00000	 0.00000
866.80000	 0.00000	 0.00000
866.85000	 0.00000	 0.00000
866.90000	 0.00000	 0.00000
866.95000	 0.00000	 0.00000
867.00000	 0.00000	 0.00000
867.05000	 0.00000	 0.00000
867.10000	 0.00000	 0.00000
867.15000	 0.00000	 0.00000
867.20000	 0.00000	 0.00000
867.25000	 0.00000	 0.00000
867.30000	 0.00000	 0.00000
867.35000	 0.00000	 0.00000
867.40000	 0.00000	 0.00000
867.45000	 0.00000	 0.00000
867.50000	 0.00000	 0.00000
867.55000	 0.00000	 0.00000
867.60000	 0.00000	 0.00000
867.65000	 0.00000	 0.00000
867.70000	 0.00000	 0.00000
867.75000	 0.00000	 0.00000
867.80000	 0.00000	 0.00000
867.85000	 0.00000	 0.00000
867.90000	 0.00000	 0.00000
867.95000	 0.00000	 0.00000
868.00000	 0.00000	 0.00000
868.05000	 0.00000	 0.00000
868.10000	 0.00000	 0.00000
868.15000	 0.00000	 0.00000
868.20000	 0.00000	 0.00000
868.25000	 0.00000	 0.00000
868.30000	 0.00000	 0.00000
868.35000	 0.00000	 0.00000
868.40000	 0.00000	 0.00000
868.45000	 0.00000	 0.00000
868.50000	 0.00000	 0.00000
868.55000	 0.00000	 0.00000
868.60000	 0.00000	 0.00000
868.65000	 0.00000	 0.00000
868.70000	 0.00000	 0.00000
868.75000	 0.00000	 0.00000
868.80000	 0.00000	 0.00000
868.85000	 0.00000	 0.00000
868.90000	 0.00000	 0.00000
868.95000	 0.00000	 0.00000
869.00000	 0.00000	 0.00000
869.05000	 0.00000	 0.00000
869.10000	 0.00000	 0.00000
869.15000	 0.00000	 0.00000
869.20000	 0.00000	 0.00000
869.25000	 0.00000	 0.00000
869.30000	 0.00000	 0.00000
869.35000	 0.00000	 0.00000
869.40000	 0.00000	 0.00000
869.45000	 0.00000	 0.00000
869.50000	 0.00000	 0.00000
869.55000	 0.00000	 0.00000
869.60000	 0.00000	 0.00000
869.65000	 0.00000	 0.00000
869.70000	 0.00000	 0.00000
869.75000	 0.00000	 0.00000
869.80000	 0.00000	 0.00000
869.85000	 0.00000	 0.00000
869.90000	 0.00000	 0.00000
869.95000	 0.00000	 0.00000
870.00000	 0.00000	 0.00000
870.05000	 0.00000	 0.00000
870.10000	 0.00000	 0.00000
870.15000	 0.00000	 0.00000
870.20000	 0.00000	 0.00000
870.25000	 0.00000	 0.00000
870.30000	 0.00000	 0.00000
870.35000	 0.00000	 0.00000
870.40000	 0.00000	 0.00000
870.45000	 0.00000	 0.00000
870.50000	 0.00000	 0.00000
870.55000	 0.00000	 0.00000
870.60000	 0.00000	 0.00000
870.65000	 0.00000	 0.00000
870.70000	 0.00000	 0.00000
870.75000	 0.00000	 0.00000
870.80000	 0.00000	 0.00000
870.85000	 0.00000	 0.00000
870.90000	 0.00000	 0.00000
870.95000	 0.00000	 0.00000
871.00000	 0.00000	 0.00000
871.05000	 0.00000	 0.00000
871.10000	 0.00000	 0.00000
871.15000	 0.00000	 0.00000
871.20000	 0.00000	 0.00000
871.25000	 0.00000	 0.00000
871.30000	 0.00000	 0.00000
871.35000	 0.00000	 0.00000
871.40000	 0.00000	 0.00000
871.45000	 0.00000	 0.00000
871.50000	 0.00000	 0.00000
871.55000	 0.00000	 0.00000
871.60000	 0.00000	 0.00000
871.65000	 0.00000	 0.00000
871.70000	 0.00000	 0.00000
871.75000	 0.00000	 0.00000
871.80000	 0.00000	 0.00000
871.85000	 0.00000	 0.00000
871.90000	 0.00000	 0.00000
871.95000	 0.00000	 0.00000
872.00000	 0.00000	 0.00000
872.05000	 0.00000	 0.00000
872.10000	 0.00000	 0.00000
872.15000	 0.00000	 0.00000
872.20000	 0.00000	 0.00000
872.25000	 0.00000	 0.00000
872.30000	 0.00000	 0.00000
872.35000	 0.00000	 0.00000
872.40000	 0.00000	 0.00000
872.45000	 0.00000	 0.00000
872.50000	 0.00000	 0.00000
872.55000	 0.00000	 0.00000
872.60000	 0.00000	 0.00000
872.65000	 0.00000	 0.00000
872.70000	 0.00000	 0.00000
872.75000	 0.00000	 0.00000
872.80000	 0.00000	 0.00000
872.85000	 0.00000	 0.00000
872.90000	 0.00000	 0.00000
872.95000	 0.00000	 0.00000
873.00000	 0.00000	 0.00000
873.05000	 0.00000	 0.00000
873.10000	 0.00000	 0.00000
873.15000	 0.00000	 0.00000
873.20000	 0.00000	 0.00000
873.25000	 0.00000	 0.00000
873.30000	 0.00000	 0.00000
873.35000	 0.00000	 0.00000
873.40000	 0.00000	 0.00000
873.45000	 0.00000	 0.00000
873.50000	 0.00000	 0.00000
873.55000	 0.00000	 0.00000
873.60000	 0.00000	 0.00000
873.65000	 0.00000	 0.00000
873.70000	 0.00000	 0.00000
873.75000	 0.00000	 0.00000
873.80000	 0.00000	 0.00000
873.85000	 0.00000	 0.00000
873.90000	 0.00000	 0.00000
873.95000	 0.00000	 0.00000
874.00000	 0.00000	 0.00000
874.05000	 0.00000	 0.00000
874.10000	 0.00000	 0.00000
874.15000	 0.00000	 0.00000
874.20000	 0.00000	 0.00000
874.25000	 0.00000	 0.00000
874.30000	 0.00000	 0.00000
874.35000	 0.00000	 0.00000
874.40000	 0.00000	 0.00000
874.45000	 0.00000	 0.00000
874.50000	 0.00000	 0.00000
874.55000	 0.00000	 0.00000
874.60000	 0.00000	 0.00000
874.65000	 0.00000	 0.00000
874.70000	 0.00000	 0.00000
874.75000	 0.00000	 0.00000
874.80000	 0.00000	 0.00000
874.85000	 0.00000	 0.00000
874.90000	 0.00000	 0.00000
874.95000	 0.00000	 0.00000
875.00000	 0.00000	 0.00000
875.05000	 0.00000	 0.00000
875.10000	 0.00000	 0.00000
875.15000	 0.00000	 0.00000
875.20000	 0.00000	 0.00000
875.25000	 0.00000	 0.00000
875.30000	 0.00000	 0.00000
875.35000	 0.00000	 0.00000
875.40000	 0.00000	 0.00000
875.45000	 0.00000	 0.00000
875.50000	 0.00000	 0.00000
875.55000	 0.00000	 0.00000
875.60000	 0.00000	 0.00000
875.65000	 0.00000	 0.00000
875.70000	 0.00000	 0.00000
875.75000	 0.00000	 0.00000
875.80000	 0.00000	 0.00000
875.85000	 0.00000	 0.00000
875.90000	 0.00000	 0.00000
875.95000	 0.00000	 0.00000
876.00000	 0.00000	 0.00000
876.05000	 0.00000	 0.00000
876.10000	 0.00000	 0.00000
876.15000	 0.00000	 0.00000
876.20000	 0.00000	 0.00000
876.25000	 0.00000	 0.00000
876.30000	 0.00000	 0.00000
876.35000	 0.00000	 0.00000
876.40000	 0.00000	 0.00000
876.45000	 0.00000	 0.00000
876.50000	 0.00000	 0.00000
876.55000	 0.00000	 0.00000
876.60000	 0.00000	 0.00000
876.65000	 0.00000	 0.00000
876.70000	 0.00000	 0.00000
876.75000	 0.00000	 0.00000
876.80000	 0.00000	 0.00000
876.85000	 0.00000	 0.00000
876.90000	 0.00000	 0.00000
876.95000	 0.00000	 0.00000
877.00000	 0.00000	 0.00000
877.05000	 0.00000	 0.00000
877.10000	 0.00000	 0.00000
877.15000	 0.00000	 0.00000
877.20000	 0.00000	 0.00000
877.25000	 0.00000	 0.00000
877.30000	 0.00000	 0.00000
877.35000	 0.00000	 0.00000
877.40000	 0.00000	 0.00000
877.45000	 0.00000	 0.00000
877.50000	 0.00000	 0.00000
877.55000	 0.00000	 0.00000
877.60000	 0.00000	 0.00000
877.65000	 0.00000	 0.00000
877.70000	 0.00000	 0.00000
877.75000	 0.00000	 0.00000
877.80000	 0.00000	 0.00000
877.85000	 0.00000	 0.00000
877.90000	 0.00000	 0.00000
877.95000	 0.00000	 0.00000
878.00000	 0.00000	 0.00000
878.05000	 0.00000	 0.00000
878.10000	 0.00000	 0.00000
878.15000	 0.00000	 0.00000
878.20000	 0.00000	 0.00000
878.25000	 0.00000	 0.00000
878.30000	 0.00000	 0.00000
878.35000	 0.00000	 0.00000
878.40000	 0.00000	 0.00000
878.45000	 0.00000	 0.00000
878.50000	 0.00000	 0.00000
878.55000	 0.00000	 0.00000
878.60000	 0.00000	 0.00000
878.65000	 0.00000	 0.00000
878.70000	 0.00000	 0.00000
878.75000	 0.00000	 0.00000
878.80000	 0.00000	 0.00000
878.85000	 0.00000	 0.00000
878.90000	 0.00000	 0.00000
878.95000	 0.00000	 0.00000
879.00000	 0.00000	 0.00000
879.05000	 0.00000	 0.00000
879.10000	 0.00000	 0.00000
879.15000	 0.00000	 0.00000
879.20000	 0.00000	 0.00000
879.25000	 0.00000	 0.00000
879.30000	 0.00000	 0.00000
879.35000	 0.00000	 0.00000
879.40000	 0.00000	 0.00000
879.45000	 0.00000	 0.00000
879.50000	 0.00000	 0.00000
879.55000	 0.00000	 0.00000
879.60000	 0.00000	 0.00000
879.65000	 0.00000	 0.00000
879.70000	 0.00000	 0.00000
879.75000	 0.00000	 0.00000
879.80000	 0.00000	 0.00000
879.85000	 0.00000	 0.00000
879.90000	 0.00000	 0.00000
879.95000	 0.00000	 0.00000
880.00000	 0.00000	 0.00000
880.05000	 0.00000	 0.00000
880.10000	 0.00000	 0.00000
880.15000	 0.00000	 0.00000
880.20000	 0.00000	 0.00000
880.25000	 0.00000	 0.00000
880.30000	 0.00000	 0.00000
880.35000	 0.00000	 0.00000
880.40000	 0.00000	 0.00000
880.45000	 0.00000	 0.00000
880.50000	 0.00000	 0.00000
880.55000	 0.00000	 0.00000
880.60000	 0.00000	 0.00000
880.65000	 0.00000	 0.00000
880.70000	 0.00000	 0.00000
880.75000	 0.00000	 0.00000
880.80000	 0.00000	 0.00000
880.85000	 0.00000	 0.00000
880.90000	 0.00000	 0.00000
880.95000	 0.00000	 0.00000
881.00000	 0.00000	 0.00000
881.05000	 0.00000	 0.00000
881.10000	 0.00000	 0.00000
881.15000	 0.00000	 0.00000
881.20000	 0.00000	 0.00000
881.25000	 0.00000	 0.00000
881.30000	 0.00000	 0.00000
881.35000	 0.00000	 0.00000
881.40000	 0.00000	 0.00000
881.45000	 0.00000	 0.00000
881.50000	 0.00000	 0.00000
881.55000	 0.00000	 0.00000
881.60000	 0.00000	 0.00000
881.65000	 0.00000	 0.00000
881.70000	 0.00000	 0.00000
881.75000	 0.00000	 0.00000
881.80000	 0.00000	 0.00000
881.85000	 0.00000	 0.00000
881.90000	 0.00000	 0.00000
881.95000	 0.00000	 0.00000
882.00000	 0.00000	 0.00000
882.05000	 0.00000	 0.00000
882.10000	 0.00000	 0.00000
882.15000	 0.00000	 0.00000
882.20000	 0.00000	 0.00000
882.25000	 0.00000	 0.00000
882.30000	 0.00000	 0.00000
882.35000	 0.00000	 0.00000
882.40000	 0.00000	 0.00000
882.45000	 0.00000	 0.00000
882.50000	 0.00000	 0.00000
882.55000	 0.00000	 0.00000
882.60000	 0.00000	 0.00000
882.65000	 0.00000	 0.00000
882.70000	 0.00000	 0.00000
882.75000	 0.00000	 0.00000
882.80000	 0.00000	 0.00000
882.85000	 0.00000	 0.00000
882.90000	 0.00000	 0.00000
882.95000	 0.00000	 0.00000
883.00000	 0.00000	 0.00000
883.05000	 0.00000	 0.00000
883.10000	 0.00000	 0.00000
883.15000	 0.00000	 0.00000
883.20000	 0.00000	 0.00000
883.25000	 0.00000	 0.00000
883.30000	 0.00000	 0.00000
883.35000	 0.00000	 0.00000
883.40000	 0.00000	 0.00000
883.45000	 0.00000	 0.00000
883.50000	 0.00000	 0.00000
883.55000	 0.00000	 0.00000
883.60000	 0.00000	 0.00000
883.65000	 0.00000	 0.00000
883.70000	 0.00000	 0.00000
883.75000	 0.00000	 0.00000
883.80000	 0.00000	 0.00000
883.85000	 0.00000	 0.00000
883.90000	 0.00000	 0.00000
883.95000	 0.00000	 0.00000
884.00000	 0.00000	 0.00000
884.05000	 0.00000	 0.00000
884.10000	 0.00000	 0.00000
884.15000	 0.00000	 0.00000
884.20000	 0.00000	 0.00000
884.25000	 0.00000	 0.00000
884.30000	 0.00000	 0.00000
884.35000	 0.00000	 0.00000
884.40000	 0.00000	 0.00000
884.45000	 0.00000	 0.00000
884.50000	 0.00000	 0.00000
884.55000	 0.00000	 0.00000
884.60000	 0.00000	 0.00000
884.65000	 0.00000	 0.00000
884.70000	 0.00000	 0.00000
884.75000	 0.00000	 0.00000
884.80000	 0.00000	 0.00000
884.85000	 0.00000	 0.00000
884.90000	 0.00000	 0.00000
884.95000	 0.00000	 0.00000
885.00000	 0.00000	 0.00000
885.05000	 0.00000	 0.00000
885.10000	 0.00000	 0.00000
885.15000	 0.00000	 0.00000
885.20000	 0.00000	 0.00000
885.25000	 0.00000	 0.00000
885.30000	 0.00000	 0.00000
885.35000	 0.00000	 0.00000
885.40000	 0.00000	 0.00000
885.45000	 0.00000	 0.00000
885.50000	 0.00000	 0.00000
885.55000	 0.00000	 0.00000
885.60000	 0.00000	 0.00000
885.65000	 0.00000	 0.00000
885.70000	 0.00000	 0.00000
885.75000	 0.00000	 0.00000
885.80000	 0.00000	 0.00000
885.85000	 0.00000	 0.00000
885.90000	 0.00000	 0.00000
885.95000	 0.00000	 0.00000
886.00000	 0.00000	 0.00000
886.05000	 0.00000	 0.00000
886.10000	 0.00000	 0.00000
886.15000	 0.00000	 0.00000
886.20000	 0.00000	 0.00000
886.25000	 0.00000	 0.00000
886.30000	 0.00000	 0.00000
886.35000	 0.00000	 0.00000
886.40000	 0.00000	 0.00000
886.45000	 0.00000	 0.00000
886.50000	 0.00000	 0.00000
886.55000	 0.00000	 0.00000
886.60000	 0.00000	 0.00000
886.65000	 0.00000	 0.00000
886.70000	 0.00000	 0.00000
886.75000	 0.00000	 0.00000
886.80000	 0.00000	 0.00000
886.85000	 0.00000	 0.00000
886.90000	 0.00000	 0.00000
886.95000	 0.00000	 0.00000
887.00000	 0.00000	 0.00000
887.05000	 0.00000	 0.00000
887.10000	 0.00000	 0.00000
887.15000	 0.00000	 0.00000
887.20000	 0.00000	 0.00000
887.25000	 0.00000	 0.00000
887.30000	 0.00000	 0.00000
887.35000	 0.00000	 0.00000
887.40000	 0.00000	 0.00000
887.45000	 0.00000	 0.00000
887.50000	 0.00000	 0.00000
887.55000	 0.00000	 0.00000
887.60000	 0.00000	 0.00000
887.65000	 0.00000	 0.00000
887.70000	 0.00000	 0.00000
887.75000	 0.00000	 0.00000
887.80000	 0.00000	 0.00000
887.85000	 0.00000	 0.00000
887.90000	 0.00000	 0.00000
887.95000	 0.00000	 0.00000
888.00000	 0.00000	 0.00000
888.05000	 0.00000	 0.00000
888.10000	 0.00000	 0.00000
888.15000	 0.00000	 0.00000
888.20000	 0.00000	 0.00000
888.25000	 0.00000	 0.00000
888.30000	 0.00000	 0.00000
888.35000	 0.00000	 0.00000
888.40000	 0.00000	 0.00000
888.45000	 0.00000	 0.00000
888.50000	 0.00000	 0.00000
888.55000	 0.00000	 0.00000
888.60000	 0.00000	 0.00000
888.65000	 0.00000	 0.00000
888.70000	 0.00000	 0.00000
888.75000	 0.00000	 0.00000
888.80000	 0.00000	 0.00000
888.85000	 0.00000	 0.00000
888.90000	 0.00000	 0.00000
888.95000	 0.00000	 0.00000
889.00000	 0.00000	 0.00000
889.05000	 0.00000	 0.00000
889.10000	 0.00000	 0.00000
889.15000	 0.00000	 0.00000
889.20000	 0.00000	 0.00000
889.25000	 0.00000	 0.00000
889.30000	 0.00000	 0.00000
889.35000	 0.00000	 0.00000
889.40000	 0.00000	 0.00000
889.45000	 0.00000	 0.00000
889.50000	 0.00000	 0.00000
889.55000	 0.00000	 0.00000
889.60000	 0.00000	 0.00000
889.65000	 0.00000	 0.00000
889.70000	 0.00000	 0.00000
889.75000	 0.00000	 0.00000
889.80000	 0.00000	 0.00000
889.85000	 0.00000	 0.00000
889.90000	 0.00000	 0.00000
889.95000	 0.00000	 0.00000
890.00000	 0.00000	 0.00000
890.05000	 0.00000	 0.00000
890.10000	 0.00000	 0.00000
890.15000	 0.00000	 0.00000
890.20000	 0.00000	 0.00000
890.25000	 0.00000	 0.00000
890.30000	 0.00000	 0.00000
890.35000	 0.00000	 0.00000
890.40000	 0.00000	 0.00000
890.45000	 0.00000	 0.00000
890.50000	 0.00000	 0.00000
890.55000	 0.00000	 0.00000
890.60000	 0.00000	 0.00000
890.65000	 0.00000	 0.00000
890.70000	 0.00000	 0.00000
890.75000	 0.00000	 0.00000
890.80000	 0.00000	 0.00000
890.85000	 0.00000	 0.00000
890.90000	 0.00000	 0.00000
890.95000	 0.00000	 0.00000
891.00000	 0.00000	 0.00000
891.05000	 0.00000	 0.00000
891.10000	 0.00000	 0.00000
891.15000	 0.00000	 0.00000
891.20000	 0.00000	 0.00000
891.25000	 0.00000	 0.00000
891.30000	 0.00000	 0.00000
891.35000	 0.00000	 0.00000
891.40000	 0.00000	 0.00000
891.45000	 0.00000	 0.00000
891.50000	 0.00000	 0.00000
891.55000	 0.00000	 0.00000
891.60000	 0.00000	 0.00000
891.65000	 0.00000	 0.00000
891.70000	 0.00000	 0.00000
891.75000	 0.00000	 0.00000
891.80000	 0.00000	 0.00000
891.85000	 0.00000	 0.00000
891.90000	 0.00000	 0.00000
891.95000	 0.00000	 0.00000
892.00000	 0.00000	 0.00000
892.05000	 0.00000	 0.00000
892.10000	 0.00000	 0.00000
892.15000	 0.00000	 0.00000
892.20000	 0.00000	 0.00000
892.25000	 0.00000	 0.00000
892.30000	 0.00000	 0.00000
892.35000	 0.00000	 0.00000
892.40000	 0.00000	 0.00000
892.45000	 0.00000	 0.00000
892.50000	 0.00000	 0.00000
892.55000	 0.00000	 0.00000
892.60000	 0.00000	 0.00000
892.65000	 0.00000	 0.00000
892.70000	 0.00000	 0.00000
892.75000	 0.00000	 0.00000
892.80000	 0.00000	 0.00000
892.85000	 0.00000	 0.00000
892.90000	 0.00000	 0.00000
892.95000	 0.00000	 0.00000
893.00000	 0.00000	 0.00000
893.05000	 0.00000	 0.00000
893.10000	 0.00000	 0.00000
893.15000	 0.00000	 0.00000
893.20000	 0.00000	 0.00000
893.25000	 0.00000	 0.00000
893.30000	 0.00000	 0.00000
893.35000	 0.00000	 0.00000
893.40000	 0.00000	 0.00000
893.45000	 0.00000	 0.00000
893.50000	 0.00000	 0.00000
893.55000	 0.00000	 0.00000
893.60000	 0.00000	 0.00000
893.65000	 0.00000	 0.00000
893.70000	 0.00000	 0.00000
893.75000	 0.00000	 0.00000
893.80000	 0.00000	 0.00000
893.85000	 0.00000	 0.00000
893.90000	 0.00000	 0.00000
893.95000	 0.00000	 0.00000
894.00000	 0.00000	 0.00000
894.05000	 0.00000	 0.00000
894.10000	 0.00000	 0.00000
894.15000	 0.00000	 0.00000
894.20000	 0.00000	 0.00000
894.25000	 0.00000	 0.00000
894.30000	 0.00000	 0.00000
894.35000	 0.00000	 0.00000
894.40000	 0.00000	 0.00000
894.45000	 0.00000	 0.00000
894.50000	 0.00000	 0.00000
894.55000	 0.00000	 0.00000
894.60000	 0.00000	 0.00000
894.65000	 0.00000	 0.00000
894.70000	 0.00000	 0.00000
894.75000	 0.00000	 0.00000
894.80000	 0.00000	 0.00000
894.85000	 0.00000	 0.00000
894.90000	 0.00000	 0.00000
894.95000	 0.00000	 0.00000
895.00000	 0.00000	 0.00000
895.05000	 0.00000	 0.00000
895.10000	 0.00000	 0.00000
895.15000	 0.00000	 0.00000
895.20000	 0.00000	 0.00000
895.25000	 0.00000	 0.00000
895.30000	 0.00000	 0.00000
895.35000	 0.00000	 0.00000
895.40000	 0.00000	 0.00000
895.45000	 0.00000	 0.00000
895.50000	 0.00000	 0.00000
895.55000	 0.00000	 0.00000
895.60000	 0.00000	 0.00000
895.65000	 0.00000	 0.00000
895.70000	 0.00000	 0.00000
895.75000	 0.00000	 0.00000
895.80000	 0.00000	 0.00000
895.85000	 0.00000	 0.00000
895.90000	 0.00000	 0.00000
895.95000	 0.00000	 0.00000
896.00000	 0.00000	 0.00000
896.05000	 0.00000	 0.00000
896.10000	 0.00000	 0.00000
896.15000	 0.00000	 0.00000
896.20000	 0.00000	 0.00000
896.25000	 0.00000	 0.00000
896.30000	 0.00000	 0.00000
896.35000	 0.00000	 0.00000
896.40000	 0.00000	 0.00000
896.45000	 0.00000	 0.00000
896.50000	 0.00000	 0.00000
896.55000	 0.00000	 0.00000
896.60000	 0.00000	 0.00000
896.65000	 0.00000	 0.00000
896.70000	 0.00000	 0.00000
896.75000	 0.00000	 0.00000
896.80000	 0.00000	 0.00000
896.85000	 0.00000	 0.00000
896.90000	 0.00000	 0.00000
896.95000	 0.00000	 0.00000
897.00000	 0.00000	 0.00000
897.05000	 0.00000	 0.00000
897.10000	 0.00000	 0.00000
897.15000	 0.00000	 0.00000
897.20000	 0.00000	 0.00000
897.25000	 0.00000	 0.00000
897.30000	 0.00000	 0.00000
897.35000	 0.00000	 0.00000
897.40000	 0.00000	 0.00000
897.45000	 0.00000	 0.00000
897.50000	 0.00000	 0.00000
897.55000	 0.00000	 0.00000
897.60000	 0.00000	 0.00000
897.65000	 0.00000	 0.00000
897.70000	 0.00000	 0.00000
897.75000	 0.00000	 0.00000
897.80000	 0.00000	 0.00000
897.85000	 0.00000	 0.00000
897.90000	 0.00000	 0.00000
897.95000	 0.00000	 0.00000
898.00000	 0.00000	 0.00000
898.05000	 0.00000	 0.00000
898.10000	 0.00000	 0.00000
898.15000	 0.00000	 0.00000
898.20000	 0.00000	 0.00000
898.25000	 0.00000	 0.00000
898.30000	 0.00000	 0.00000
898.35000	 0.00000	 0.00000
898.40000	 0.00000	 0.00000
898.45000	 0.00000	 0.00000
898.50000	 0.00000	 0.00000
898.55000	 0.00000	 0.00000
898.60000	 0.00000	 0.00000
898.65000	 0.00000	 0.00000
898.70000	 0.00000	 0.00000
898.75000	 0.00000	 0.00000
898.80000	 0.00000	 0.00000
898.85000	 0.00000	 0.00000
898.90000	 0.00000	 0.00000
898.95000	 0.00000	 0.00000
899.00000	 0.00000	 0.00000
899.05000	 0.00000	 0.00000
899.10000	 0.00000	 0.00000
899.15000	 0.00000	 0.00000
899.20000	 0.00000	 0.00000
899.25000	 0.00000	 0.00000
899.30000	 0.00000	 0.00000
899.35000	 0.00000	 0.00000
899.40000	 0.00000	 0.00000
899.45000	 0.00000	 0.00000
899.50000	 0.00000	 0.00000
899.55000	 0.00000	 0.00000
899.60000	 0.00000	 0.00000
899.65000	 0.00000	 0.00000
899.70000	 0.00000	 0.00000
899.75000	 0.00000	 0.00000
899.80000	 0.00000	 0.00000
899.85000	 0.00000	 0.00000
899.90000	 0.00000	 0.00000
899.95000	 0.00000	 0.00000
900.00000	 0.00000	 0.00000
900.05000	 0.00000	 0.00000
900.10000	 0.00000	 0.00000
900.15000	 0.00000	 0.00000
900.20000	 0.00000	 0.00000
900.25000	 0.00000	 0.00000
900.30000	 0.00000	 0.00000
900.35000	 0.00000	 0.00000
900.40000	 0.00000	 0.00000
900.45000	 0.00000	 0.00000
900.50000	 0.00000	 0.00000
900.55000	 0.00000	 0.00000
900.60000	 0.00000	 0.00000
900.65000	 0.00000	 0.00000
900.70000	 0.00000	 0.00000
900.75000	 0.00000	 0.00000
900.80000	 0.00000	 0.00000
900.85000	 0.00000	 0.00000
900.90000	 0.00000	 0.00000
900.95000	 0.00000	 0.00000
901.00000	 0.00000	 0.00000
901.05000	 0.00000	 0.00000
901.10000	 0.00000	 0.00000
901.15000	 0.00000	 0.00000
901.20000	 0.00000	 0.00000
901.25000	 0.00000	 0.00000
901.30000	 0.00000	 0.00000
901.35000	 0.00000	 0.00000
901.40000	 0.00000	 0.00000
901.45000	 0.00000	 0.00000
901.50000	 0.00000	 0.00000
901.55000	 0.00000	 0.00000
901.60000	 0.00000	 0.00000
901.65000	 0.00000	 0.00000
901.70000	 0.00000	 0.00000
901.75000	 0.00000	 0.00000
901.80000	 0.00000	 0.00000
901.85000	 0.00000	 0.00000
901.90000	 0.00000	 0.00000
901.95000	 0.00000	 0.00000
902.00000	 0.00000	 0.00000
902.05000	 0.00000	 0.00000
902.10000	 0.00000	 0.00000
902.15000	 0.00000	 0.00000
902.20000	 0.00000	 0.00000
902.25000	 0.00000	 0.00000
902.30000	 0.00000	 0.00000
902.35000	 0.00000	 0.00000
902.40000	 0.00000	 0.00000
902.45000	 0.00000	 0.00000
902.50000	 0.00000	 0.00000
902.55000	 0.00000	 0.00000
902.60000	 0.00000	 0.00000
902.65000	 0.00000	 0.00000
902.70000	 0.00000	 0.00000
902.75000	 0.00000	 0.00000
902.80000	 0.00000	 0.00000
902.85000	 0.00000	 0.00000
902.90000	 0.00000	 0.00000
902.95000	 0.00000	 0.00000
903.00000	 0.00000	 0.00000
903.05000	 0.00000	 0.00000
903.10000	 0.00000	 0.00000
903.15000	 0.00000	 0.00000
903.20000	 0.00000	 0.00000
903.25000	 0.00000	 0.00000
903.30000	 0.00000	 0.00000
903.35000	 0.00000	 0.00000
903.40000	 0.00000	 0.00000
903.45000	 0.00000	 0.00000
903.50000	 0.00000	 0.00000
903.55000	 0.00000	 0.00000
903.60000	 0.00000	 0.00000
903.65000	 0.00000	 0.00000
903.70000	 0.00000	 0.00000
903.75000	 0.00000	 0.00000
903.80000	 0.00000	 0.00000
903.85000	 0.00000	 0.00000
903.90000	 0.00000	 0.00000
903.95000	 0.00000	 0.00000
904.00000	 0.00000	 0.00000
904.05000	 0.00000	 0.00000
904.10000	 0.00000	 0.00000
904.15000	 0.00000	 0.00000
904.20000	 0.00000	 0.00000
904.25000	 0.00000	 0.00000
904.30000	 0.00000	 0.00000
904.35000	 0.00000	 0.00000
904.40000	 0.00000	 0.00000
904.45000	 0.00000	 0.00000
904.50000	 0.00000	 0.00000
904.55000	 0.00000	 0.00000
904.60000	 0.00000	 0.00000
904.65000	 0.00000	 0.00000
904.70000	 0.00000	 0.00000
904.75000	 0.00000	 0.00000
904.80000	 0.00000	 0.00000
904.85000	 0.00000	 0.00000
904.90000	 0.00000	 0.00000
904.95000	 0.00000	 0.00000
905.00000	 0.00000	 0.00000
905.05000	 0.00000	 0.00000
905.10000	 0.00000	 0.00000
905.15000	 0.00000	 0.00000
905.20000	 0.00000	 0.00000
905.25000	 0.00000	 0.00000
905.30000	 0.00000	 0.00000
905.35000	 0.00000	 0.00000
905.40000	 0.00000	 0.00000
905.45000	 0.00000	 0.00000
905.50000	 0.00000	 0.00000
905.55000	 0.00000	 0.00000
905.60000	 0.00000	 0.00000
905.65000	 0.00000	 0.00000
905.70000	 0.00000	 0.00000
905.75000	 0.00000	 0.00000
905.80000	 0.00000	 0.00000
905.85000	 0.00000	 0.00000
905.90000	 0.00000	 0.00000
905.95000	 0.00000	 0.00000
906.00000	 0.00000	 0.00000
906.05000	 0.00000	 0.00000
906.10000	 0.00000	 0.00000
906.15000	 0.00000	 0.00000
906.20000	 0.00000	 0.00000
906.25000	 0.00000	 0.00000
906.30000	 0.00000	 0.00000
906.35000	 0.00000	 0.00000
906.40000	 0.00000	 0.00000
906.45000	 0.00000	 0.00000
906.50000	 0.00000	 0.00000
906.55000	 0.00000	 0.00000
906.60000	 0.00000	 0.00000
906.65000	 0.00000	 0.00000
906.70000	 0.00000	 0.00000
906.75000	 0.00000	 0.00000
906.80000	 0.00000	 0.00000
906.85000	 0.00000	 0.00000
906.90000	 0.00000	 0.00000
906.95000	 0.00000	 0.00000
907.00000	 0.00000	 0.00000
907.05000	 0.00000	 0.00000
907.10000	 0.00000	 0.00000
907.15000	 0.00000	 0.00000
907.20000	 0.00000	 0.00000
907.25000	 0.00000	 0.00000
907.30000	 0.00000	 0.00000
907.35000	 0.00000	 0.00000
907.40000	 0.00000	 0.00000
907.45000	 0.00000	 0.00000
907.50000	 0.00000	 0.00000
907.55000	 0.00000	 0.00000
907.60000	 0.00000	 0.00000
907.65000	 0.00000	 0.00000
907.70000	 0.00000	 0.00000
907.75000	 0.00000	 0.00000
907.80000	 0.00000	 0.00000
907.85000	 0.00000	 0.00000
907.90000	 0.00000	 0.00000
907.95000	 0.00000	 0.00000
908.00000	 0.00000	 0.00000
908.05000	 0.00000	 0.00000
908.10000	 0.00000	 0.00000
908.15000	 0.00000	 0.00000
908.20000	 0.00000	 0.00000
908.25000	 0.00000	 0.00000
908.30000	 0.00000	 0.00000
908.35000	 0.00000	 0.00000
908.40000	 0.00000	 0.00000
908.45000	 0.00000	 0.00000
908.50000	 0.00000	 0.00000
908.55000	 0.00000	 0.00000
908.60000	 0.00000	 0.00000
908.65000	 0.00000	 0.00000
908.70000	 0.00000	 0.00000
908.75000	 0.00000	 0.00000
908.80000	 0.00000	 0.00000
908.85000	 0.00000	 0.00000
908.90000	 0.00000	 0.00000
908.95000	 0.00000	 0.00000
909.00000	 0.00000	 0.00000
909.05000	 0.00000	 0.00000
909.10000	 0.00000	 0.00000
909.15000	 0.00000	 0.00000
909.20000	 0.00000	 0.00000
909.25000	 0.00000	 0.00000
909.30000	 0.00000	 0.00000
909.35000	 0.00000	 0.00000
909.40000	 0.00000	 0.00000
909.45000	 0.00000	 0.00000
909.50000	 0.00000	 0.00000
909.55000	 0.00000	 0.00000
909.60000	 0.00000	 0.00000
909.65000	 0.00000	 0.00000
909.70000	 0.00000	 0.00000
909.75000	 0.00000	 0.00000
909.80000	 0.00000	 0.00000
909.85000	 0.00000	 0.00000
909.90000	 0.00000	 0.00000
909.95000	 0.00000	 0.00000
910.00000	 0.00000	 0.00000
910.05000	 0.00000	 0.00000
910.10000	 0.00000	 0.00000
910.15000	 0.00000	 0.00000
910.20000	 0.00000	 0.00000
910.25000	 0.00000	 0.00000
910.30000	 0.00000	 0.00000
910.35000	 0.00000	 0.00000
910.40000	 0.00000	 0.00000
910.45000	 0.00000	 0.00000
910.50000	 0.00000	 0.00000
910.55000	 0.00000	 0.00000
910.60000	 0.00000	 0.00000
910.65000	 0.00000	 0.00000
910.70000	 0.00000	 0.00000
910.75000	 0.00000	 0.00000
910.80000	 0.00000	 0.00000
910.85000	 0.00000	 0.00000
910.90000	 0.00000	 0.00000
910.95000	 0.00000	 0.00000
911.00000	 0.00000	 0.00000
911.05000	 0.00000	 0.00000
911.10000	 0.00000	 0.00000
911.15000	 0.00000	 0.00000
911.20000	 0.00000	 0.00000
911.25000	 0.00000	 0.00000
911.30000	 0.00000	 0.00000
911.35000	 0.00000	 0.00000
911.40000	 0.00000	 0.00000
911.45000	 0.00000	 0.00000
911.50000	 0.00000	 0.00000
911.55000	 0.00000	 0.00000
911.60000	 0.00000	 0.00000
911.65000	 0.00000	 0.00000
911.70000	 0.00000	 0.00000
911.75000	 0.00000	 0.00000
911.80000	 0.00000	 0.00000
911.85000	 0.00000	 0.00000
911.90000	 0.00000	 0.00000
911.95000	 0.00000	 0.00000
912.00000	 0.00000	 0.00000
912.05000	 0.00000	 0.00000
912.10000	 0.00000	 0.00000
912.15000	 0.00000	 0.00000
912.20000	 0.00000	 0.00000
912.25000	 0.00000	 0.00000
912.30000	 0.00000	 0.00000
912.35000	 0.00000	 0.00000
912.40000	 0.00000	 0.00000
912.45000	 0.00000	 0.00000
912.50000	 0.00000	 0.00000
912.55000	 0.00000	 0.00000
912.60000	 0.00000	 0.00000
912.65000	 0.00000	 0.00000
912.70000	 0.00000	 0.00000
912.75000	 0.00000	 0.00000
912.80000	 0.00000	 0.00000
912.85000	 0.00000	 0.00000
912.90000	 0.00000	 0.00000
912.95000	 0.00000	 0.00000
913.00000	 0.00000	 0.00000
913.05000	 0.00000	 0.00000
913.10000	 0.00000	 0.00000
913.15000	 0.00000	 0.00000
913.20000	 0.00000	 0.00000
913.25000	 0.00000	 0.00000
913.30000	 0.00000	 0.00000
913.35000	 0.00000	 0.00000
913.40000	 0.00000	 0.00000
913.45000	 0.00000	 0.00000
913.50000	 0.00000	 0.00000
913.55000	 0.00000	 0.00000
913.60000	 0.00000	 0.00000
913.65000	 0.00000	 0.00000
913.70000	 0.00000	 0.00000
913.75000	 0.00000	 0.00000
913.80000	 0.00000	 0.00000
913.85000	 0.00000	 0.00000
913.90000	 0.00000	 0.00000
913.95000	 0.00000	 0.00000
914.00000	 0.00000	 0.00000
914.05000	 0.00000	 0.00000
914.10000	 0.00000	 0.00000
914.15000	 0.00000	 0.00000
914.20000	 0.00000	 0.00000
914.25000	 0.00000	 0.00000
914.30000	 0.00000	 0.00000
914.35000	 0.00000	 0.00000
914.40000	 0.00000	 0.00000
914.45000	 0.00000	 0.00000
914.50000	 0.00000	 0.00000
914.55000	 0.00000	 0.00000
914.60000	 0.00000	 0.00000
914.65000	 0.00000	 0.00000
914.70000	 0.00000	 0.00000
914.75000	 0.00000	 0.00000
914.80000	 0.00000	 0.00000
914.85000	 0.00000	 0.00000
914.90000	 0.00000	 0.00000
914.95000	 0.00000	 0.00000
915.00000	 0.00000	 0.00000
915.05000	 0.00000	 0.00000
915.10000	 0.00000	 0.00000
915.15000	 0.00000	 0.00000
915.20000	 0.00000	 0.00000
915.25000	 0.00000	 0.00000
915.30000	 0.00000	 0.00000
915.35000	 0.00000	 0.00000
915.40000	 0.00000	 0.00000
915.45000	 0.00000	 0.00000
915.50000	 0.00000	 0.00000
915.55000	 0.00000	 0.00000
915.60000	 0.00000	 0.00000
915.65000	 0.00000	 0.00000
915.70000	 0.00000	 0.00000
915.75000	 0.00000	 0.00000
915.80000	 0.00000	 0.00000
915.85000	 0.00000	 0.00000
915.90000	 0.00000	 0.00000
915.95000	 0.00000	 0.00000
916.00000	 0.00000	 0.00000
916.05000	 0.00000	 0.00000
916.10000	 0.00000	 0.00000
916.15000	 0.00000	 0.00000
916.20000	 0.00000	 0.00000
916.25000	 0.00000	 0.00000
916.30000	 0.00000	 0.00000
916.35000	 0.00000	 0.00000
916.40000	 0.00000	 0.00000
916.45000	 0.00000	 0.00000
916.50000	 0.00000	 0.00000
916.55000	 0.00000	 0.00000
916.60000	 0.00000	 0.00000
916.65000	 0.00000	 0.00000
916.70000	 0.00000	 0.00000
916.75000	 0.00000	 0.00000
916.80000	 0.00000	 0.00000
916.85000	 0.00000	 0.00000
916.90000	 0.00000	 0.00000
916.95000	 0.00000	 0.00000
917.00000	 0.00000	 0.00000
917.05000	 0.00000	 0.00000
917.10000	 0.00000	 0.00000
917.15000	 0.00000	 0.00000
917.20000	 0.00000	 0.00000
917.25000	 0.00000	 0.00000
917.30000	 0.00000	 0.00000
917.35000	 0.00000	 0.00000
917.40000	 0.00000	 0.00000
917.45000	 0.00000	 0.00000
917.50000	 0.00000	 0.00000
917.55000	 0.00000	 0.00000
917.60000	 0.00000	 0.00000
917.65000	 0.00000	 0.00000
917.70000	 0.00000	 0.00000
917.75000	 0.00000	 0.00000
917.80000	 0.00000	 0.00000
917.85000	 0.00000	 0.00000
917.90000	 0.00000	 0.00000
917.95000	 0.00000	 0.00000
918.00000	 0.00000	 0.00000
918.05000	 0.00000	 0.00000
918.10000	 0.00000	 0.00000
918.15000	 0.00000	 0.00000
918.20000	 0.00000	 0.00000
918.25000	 0.00000	 0.00000
918.30000	 0.00000	 0.00000
918.35000	 0.00000	 0.00000
918.40000	 0.00000	 0.00000
918.45000	 0.00000	 0.00000
918.50000	 0.00000	 0.00000
918.55000	 0.00000	 0.00000
918.60000	 0.00000	 0.00000
918.65000	 0.00000	 0.00000
918.70000	 0.00000	 0.00000
918.75000	 0.00000	 0.00000
918.80000	 0.00000	 0.00000
918.85000	 0.00000	 0.00000
918.90000	 0.00000	 0.00000
918.95000	 0.00000	 0.00000
919.00000	 0.00000	 0.00000
919.05000	 0.00000	 0.00000
919.10000	 0.00000	 0.00000
919.15000	 0.00000	 0.00000
919.20000	 0.00000	 0.00000
919.25000	 0.00000	 0.00000
919.30000	 0.00000	 0.00000
919.35000	 0.00000	 0.00000
919.40000	 0.00000	 0.00000
919.45000	 0.00000	 0.00000
919.50000	 0.00000	 0.00000
919.55000	 0.00000	 0.00000
919.60000	 0.00000	 0.00000
919.65000	 0.00000	 0.00000
919.70000	 0.00000	 0.00000
919.75000	 0.00000	 0.00000
919.80000	 0.00000	 0.00000
919.85000	 0.00000	 0.00000
919.90000	 0.00000	 0.00000
919.95000	 0.00000	 0.00000
920.00000	 0.00000	 0.00000
920.05000	 0.00000	 0.00000
920.10000	 0.00000	 0.00000
920.15000	 0.00000	 0.00000
920.20000	 0.00000	 0.00000
920.25000	 0.00000	 0.00000
920.30000	 0.00000	 0.00000
920.35000	 0.00000	 0.00000
920.40000	 0.00000	 0.00000
920.45000	 0.00000	 0.00000
920.50000	 0.00000	 0.00000
920.55000	 0.00000	 0.00000
920.60000	 0.00000	 0.00000
920.65000	 0.00000	 0.00000
920.70000	 0.00000	 0.00000
920.75000	 0.00000	 0.00000
920.80000	 0.00000	 0.00000
920.85000	 0.00000	 0.00000
920.90000	 0.00000	 0.00000
920.95000	 0.00000	 0.00000
921.00000	 0.00000	 0.00000
921.05000	 0.00000	 0.00000
921.10000	 0.00000	 0.00000
921.15000	 0.00000	 0.00000
921.20000	 0.00000	 0.00000
921.25000	 0.00000	 0.00000
921.30000	 0.00000	 0.00000
921.35000	 0.00000	 0.00000
921.40000	 0.00000	 0.00000
921.45000	 0.00000	 0.00000
921.50000	 0.00000	 0.00000
921.55000	 0.00000	 0.00000
921.60000	 0.00000	 0.00000
921.65000	 0.00000	 0.00000
921.70000	 0.00000	 0.00000
921.75000	 0.00000	 0.00000
921.80000	 0.00000	 0.00000
921.85000	 0.00000	 0.00000
921.90000	 0.00000	 0.00000
921.95000	 0.00000	 0.00000
922.00000	 0.00000	 0.00000
922.05000	 0.00000	 0.00000
922.10000	 0.00000	 0.00000
922.15000	 0.00000	 0.00000
922.20000	 0.00000	 0.00000
922.25000	 0.00000	 0.00000
922.30000	 0.00000	 0.00000
922.35000	 0.00000	 0.00000
922.40000	 0.00000	 0.00000
922.45000	 0.00000	 0.00000
922.50000	 0.00000	 0.00000
922.55000	 0.00000	 0.00000
922.60000	 0.00000	 0.00000
922.65000	 0.00000	 0.00000
922.70000	 0.00000	 0.00000
922.75000	 0.00000	 0.00000
922.80000	 0.00000	 0.00000
922.85000	 0.00000	 0.00000
922.90000	 0.00000	 0.00000
922.95000	 0.00000	 0.00000
923.00000	 0.00000	 0.00000
923.05000	 0.00000	 0.00000
923.10000	 0.00000	 0.00000
923.15000	 0.00000	 0.00000
923.20000	 0.00000	 0.00000
923.25000	 0.00000	 0.00000
923.30000	 0.00000	 0.00000
923.35000	 0.00000	 0.00000
923.40000	 0.00000	 0.00000
923.45000	 0.00000	 0.00000
923.50000	 0.00000	 0.00000
923.55000	 0.00000	 0.00000
923.60000	 0.00000	 0.00000
923.65000	 0.00000	 0.00000
923.70000	 0.00000	 0.00000
923.75000	 0.00000	 0.00000
923.80000	 0.00000	 0.00000
923.85000	 0.00000	 0.00000
923.90000	 0.00000	 0.00000
923.95000	 0.00000	 0.00000
924.00000	 0.00000	 0.00000
924.05000	 0.00000	 0.00000
924.10000	 0.00000	 0.00000
924.15000	 0.00000	 0.00000
924.20000	 0.00000	 0.00000
924.25000	 0.00000	 0.00000
924.30000	 0.00000	 0.00000
924.35000	 0.00000	 0.00000
924.40000	 0.00000	 0.00000
924.45000	 0.00000	 0.00000
924.50000	 0.00000	 0.00000
924.55000	 0.00000	 0.00000
924.60000	 0.00000	 0.00000
924.65000	 0.00000	 0.00000
924.70000	 0.00000	 0.00000
924.75000	 0.00000	 0.00000
924.80000	 0.00000	 0.00000
924.85000	 0.00000	 0.00000
924.90000	 0.00000	 0.00000
924.95000	 0.00000	 0.00000
925.00000	 0.00000	 0.00000
925.05000	 0.00000	 0.00000
925.10000	 0.00000	 0.00000
925.15000	 0.00000	 0.00000
925.20000	 0.00000	 0.00000
925.25000	 0.00000	 0.00000
925.30000	 0.00000	 0.00000
925.35000	 0.00000	 0.00000
925.40000	 0.00000	 0.00000
925.45000	 0.00000	 0.00000
925.50000	 0.00000	 0.00000
925.55000	 0.00000	 0.00000
925.60000	 0.00000	 0.00000
925.65000	 0.00000	 0.00000
925.70000	 0.00000	 0.00000
925.75000	 0.00000	 0.00000
925.80000	 0.00000	 0.00000
925.85000	 0.00000	 0.00000
925.90000	 0.00000	 0.00000
925.95000	 0.00000	 0.00000
926.00000	 0.00000	 0.00000
926.05000	 0.00000	 0.00000
926.10000	 0.00000	 0.00000
926.15000	 0.00000	 0.00000
926.20000	 0.00000	 0.00000
926.25000	 0.00000	 0.00000
926.30000	 0.00000	 0.00000
926.35000	 0.00000	 0.00000
926.40000	 0.00000	 0.00000
926.45000	 0.00000	 0.00000
926.50000	 0.00000	 0.00000
926.55000	 0.00000	 0.00000
926.60000	 0.00000	 0.00000
926.65000	 0.00000	 0.00000
926.70000	 0.00000	 0.00000
926.75000	 0.00000	 0.00000
926.80000	 0.00000	 0.00000
926.85000	 0.00000	 0.00000
926.90000	 0.00000	 0.00000
926.95000	 0.00000	 0.00000
927.00000	 0.00000	 0.00000
927.05000	 0.00000	 0.00000
927.10000	 0.00000	 0.00000
927.15000	 0.00000	 0.00000
927.20000	 0.00000	 0.00000
927.25000	 0.00000	 0.00000
927.30000	 0.00000	 0.00000
927.35000	 0.00000	 0.00000
927.40000	 0.00000	 0.00000
927.45000	 0.00000	 0.00000
927.50000	 0.00000	 0.00000
927.55000	 0.00000	 0.00000
927.60000	 0.00000	 0.00000
927.65000	 0.00000	 0.00000
927.70000	 0.00000	 0.00000
927.75000	 0.00000	 0.00000
927.80000	 0.00000	 0.00000
927.85000	 0.00000	 0.00000
927.90000	 0.00000	 0.00000
927.95000	 0.00000	 0.00000
928.00000	 0.00000	 0.00000
928.05000	 0.00000	 0.00000
928.10000	 0.00000	 0.00000
928.15000	 0.00000	 0.00000
928.20000	 0.00000	 0.00000
928.25000	 0.00000	 0.00000
928.30000	 0.00000	 0.00000
928.35000	 0.00000	 0.00000
928.40000	 0.00000	 0.00000
928.45000	 0.00000	 0.00000
928.50000	 0.00000	 0.00000
928.55000	 0.00000	 0.00000
928.60000	 0.00000	 0.00000
928.65000	 0.00000	 0.00000
928.70000	 0.00000	 0.00000
928.75000	 0.00000	 0.00000
928.80000	 0.00000	 0.00000
928.85000	 0.00000	 0.00000
928.90000	 0.00000	 0.00000
928.95000	 0.00000	 0.00000
929.00000	 0.00000	 0.00000
929.05000	 0.00000	 0.00000
929.10000	 0.00000	 0.00000
929.15000	 0.00000	 0.00000
929.20000	 0.00000	 0.00000
929.25000	 0.00000	 0.00000
929.30000	 0.00000	 0.00000
929.35000	 0.00000	 0.00000
929.40000	 0.00000	 0.00000
929.45000	 0.00000	 0.00000
929.50000	 0.00000	 0.00000
929.55000	 0.00000	 0.00000
929.60000	 0.00000	 0.00000
929.65000	 0.00000	 0.00000
929.70000	 0.00000	 0.00000
929.75000	 0.00000	 0.00000
929.80000	 0.00000	 0.00000
929.85000	 0.00000	 0.00000
929.90000	 0.00000	 0.00000
929.95000	 0.00000	 0.00000
930.00000	 0.00000	 0.00000
930.05000	 0.00000	 0.00000
930.10000	 0.00000	 0.00000
930.15000	 0.00000	 0.00000
930.20000	 0.00000	 0.00000
930.25000	 0.00000	 0.00000
930.30000	 0.00000	 0.00000
930.35000	 0.00000	 0.00000
930.40000	 0.00000	 0.00000
930.45000	 0.00000	 0.00000
930.50000	 0.00000	 0.00000
930.55000	 0.00000	 0.00000
930.60000	 0.00000	 0.00000
930.65000	 0.00000	 0.00000
930.70000	 0.00000	 0.00000
930.75000	 0.00000	 0.00000
930.80000	 0.00000	 0.00000
930.85000	 0.00000	 0.00000
930.90000	 0.00000	 0.00000
930.95000	 0.00000	 0.00000
931.00000	 0.00000	 0.00000
931.05000	 0.00000	 0.00000
931.10000	 0.00000	 0.00000
931.15000	 0.00000	 0.00000
931.20000	 0.00000	 0.00000
931.25000	 0.00000	 0.00000
931.30000	 0.00000	 0.00000
931.35000	 0.00000	 0.00000
931.40000	 0.00000	 0.00000
931.45000	 0.00000	 0.00000
931.50000	 0.00000	 0.00000
931.55000	 0.00000	 0.00000
931.60000	 0.00000	 0.00000
931.65000	 0.00000	 0.00000
931.70000	 0.00000	 0.00000
931.75000	 0.00000	 0.00000
931.80000	 0.00000	 0.00000
931.85000	 0.00000	 0.00000
931.90000	 0.00000	 0.00000
931.95000	 0.00000	 0.00000
932.00000	 0.00000	 0.00000
932.05000	 0.00000	 0.00000
932.10000	 0.00000	 0.00000
932.15000	 0.00000	 0.00000
932.20000	 0.00000	 0.00000
932.25000	 0.00000	 0.00000
932.30000	 0.00000	 0.00000
932.35000	 0.00000	 0.00000
932.40000	 0.00000	 0.00000
932.45000	 0.00000	 0.00000
932.50000	 0.00000	 0.00000
932.55000	 0.00000	 0.00000
932.60000	 0.00000	 0.00000
932.65000	 0.00000	 0.00000
932.70000	 0.00000	 0.00000
932.75000	 0.00000	 0.00000
932.80000	 0.00000	 0.00000
932.85000	 0.00000	 0.00000
932.90000	 0.00000	 0.00000
932.95000	 0.00000	 0.00000
933.00000	 0.00000	 0.00000
933.05000	 0.00000	 0.00000
933.10000	 0.00000	 0.00000
933.15000	 0.00000	 0.00000
933.20000	 0.00000	 0.00000
933.25000	 0.00000	 0.00000
933.30000	 0.00000	 0.00000
933.35000	 0.00000	 0.00000
933.40000	 0.00000	 0.00000
933.45000	 0.00000	 0.00000
933.50000	 0.00000	 0.00000
933.55000	 0.00000	 0.00000
933.60000	 0.00000	 0.00000
933.65000	 0.00000	 0.00000
933.70000	 0.00000	 0.00000
933.75000	 0.00000	 0.00000
933.80000	 0.00000	 0.00000
933.85000	 0.00000	 0.00000
933.90000	 0.00000	 0.00000
933.95000	 0.00000	 0.00000
934.00000	 0.00000	 0.00000
934.05000	 0.00000	 0.00000
934.10000	 0.00000	 0.00000
934.15000	 0.00000	 0.00000
934.20000	 0.00000	 0.00000
934.25000	 0.00000	 0.00000
934.30000	 0.00000	 0.00000
934.35000	 0.00000	 0.00000
934.40000	 0.00000	 0.00000
934.45000	 0.00000	 0.00000
934.50000	 0.00000	 0.00000
934.55000	 0.00000	 0.00000
934.60000	 0.00000	 0.00000
934.65000	 0.00000	 0.00000
934.70000	 0.00000	 0.00000
934.75000	 0.00000	 0.00000
934.80000	 0.00000	 0.00000
934.85000	 0.00000	 0.00000
934.90000	 0.00000	 0.00000
934.95000	 0.00000	 0.00000
935.00000	 0.00000	 0.00000
935.05000	 0.00000	 0.00000
935.10000	 0.00000	 0.00000
935.15000	 0.00000	 0.00000
935.20000	 0.00000	 0.00000
935.25000	 0.00000	 0.00000
935.30000	 0.00000	 0.00000
935.35000	 0.00000	 0.00000
935.40000	 0.00000	 0.00000
935.45000	 0.00000	 0.00000
935.50000	 0.00000	 0.00000
935.55000	 0.00000	 0.00000
935.60000	 0.00000	 0.00000
935.65000	 0.00000	 0.00000
935.70000	 0.00000	 0.00000
935.75000	 0.00000	 0.00000
935.80000	 0.00000	 0.00000
935.85000	 0.00000	 0.00000
935.90000	 0.00000	 0.00000
935.95000	 0.00000	 0.00000
936.00000	 0.00000	 0.00000
936.05000	 0.00000	 0.00000
936.10000	 0.00000	 0.00000
936.15000	 0.00000	 0.00000
936.20000	 0.00000	 0.00000
936.25000	 0.00000	 0.00000
936.30000	 0.00000	 0.00000
936.35000	 0.00000	 0.00000
936.40000	 0.00000	 0.00000
936.45000	 0.00000	 0.00000
936.50000	 0.00000	 0.00000
936.55000	 0.00000	 0.00000
936.60000	 0.00000	 0.00000
936.65000	 0.00000	 0.00000
936.70000	 0.00000	 0.00000
936.75000	 0.00000	 0.00000
936.80000	 0.00000	 0.00000
936.85000	 0.00000	 0.00000
936.90000	 0.00000	 0.00000
936.95000	 0.00000	 0.00000
937.00000	 0.00000	 0.00000
937.05000	 0.00000	 0.00000
937.10000	 0.00000	 0.00000
937.15000	 0.00000	 0.00000
937.20000	 0.00000	 0.00000
937.25000	 0.00000	 0.00000
937.30000	 0.00000	 0.00000
937.35000	 0.00000	 0.00000
937.40000	 0.00000	 0.00000
937.45000	 0.00000	 0.00000
937.50000	 0.00000	 0.00000
937.55000	 0.00000	 0.00000
937.60000	 0.00000	 0.00000
937.65000	 0.00000	 0.00000
937.70000	 0.00000	 0.00000
937.75000	 0.00000	 0.00000
937.80000	 0.00000	 0.00000
937.85000	 0.00000	 0.00000
937.90000	 0.00000	 0.00000
937.95000	 0.00000	 0.00000
938.00000	 0.00000	 0.00000
938.05000	 0.00000	 0.00000
938.10000	 0.00000	 0.00000
938.15000	 0.00000	 0.00000
938.20000	 0.00000	 0.00000
938.25000	 0.00000	 0.00000
938.30000	 0.00000	 0.00000
938.35000	 0.00000	 0.00000
938.40000	 0.00000	 0.00000
938.45000	 0.00000	 0.00000
938.50000	 0.00000	 0.00000
938.55000	 0.00000	 0.00000
938.60000	 0.00000	 0.00000
938.65000	 0.00000	 0.00000
938.70000	 0.00000	 0.00000
938.75000	 0.00000	 0.00000
938.80000	 0.00000	 0.00000
938.85000	 0.00000	 0.00000
938.90000	 0.00000	 0.00000
938.95000	 0.00000	 0.00000
939.00000	 0.00000	 0.00000
939.05000	 0.00000	 0.00000
939.10000	 0.00000	 0.00000
939.15000	 0.00000	 0.00000
939.20000	 0.00000	 0.00000
939.25000	 0.00000	 0.00000
939.30000	 0.00000	 0.00000
939.35000	 0.00000	 0.00000
939.40000	 0.00000	 0.00000
939.45000	 0.00000	 0.00000
939.50000	 0.00000	 0.00000
939.55000	 0.00000	 0.00000
939.60000	 0.00000	 0.00000
939.65000	 0.00000	 0.00000
939.70000	 0.00000	 0.00000
939.75000	 0.00000	 0.00000
939.80000	 0.00000	 0.00000
939.85000	 0.00000	 0.00000
939.90000	 0.00000	 0.00000
939.95000	 0.00000	 0.00000
940.00000	 0.00000	 0.00000
940.05000	 0.00000	 0.00000
940.10000	 0.00000	 0.00000
940.15000	 0.00000	 0.00000
940.20000	 0.00000	 0.00000
940.25000	 0.00000	 0.00000
940.30000	 0.00000	 0.00000
940.35000	 0.00000	 0.00000
940.40000	 0.00000	 0.00000
940.45000	 0.00000	 0.00000
940.50000	 0.00000	 0.00000
940.55000	 0.00000	 0.00000
940.60000	 0.00000	 0.00000
940.65000	 0.00000	 0.00000
940.70000	 0.00000	 0.00000
940.75000	 0.00000	 0.00000
940.80000	 0.00000	 0.00000
940.85000	 0.00000	 0.00000
940.90000	 0.00000	 0.00000
940.95000	 0.00000	 0.00000
941.00000	 0.00000	 0.00000
941.05000	 0.00000	 0.00000
941.10000	 0.00000	 0.00000
941.15000	 0.00000	 0.00000
941.20000	 0.00000	 0.00000
941.25000	 0.00000	 0.00000
941.30000	 0.00000	 0.00000
941.35000	 0.00000	 0.00000
941.40000	 0.00000	 0.00000
941.45000	 0.00000	 0.00000
941.50000	 0.00000	 0.00000
941.55000	 0.00000	 0.00000
941.60000	 0.00000	 0.00000
941.65000	 0.00000	 0.00000
941.70000	 0.00000	 0.00000
941.75000	 0.00000	 0.00000
941.80000	 0.00000	 0.00000
941.85000	 0.00000	 0.00000
941.90000	 0.00000	 0.00000
941.95000	 0.00000	 0.00000
942.00000	 0.00000	 0.00000
942.05000	 0.00000	 0.00000
942.10000	 0.00000	 0.00000
942.15000	 0.00000	 0.00000
942.20000	 0.00000	 0.00000
942.25000	 0.00000	 0.00000
942.30000	 0.00000	 0.00000
942.35000	 0.00000	 0.00000
942.40000	 0.00000	 0.00000
942.45000	 0.00000	 0.00000
942.50000	 0.00000	 0.00000
942.55000	 0.00000	 0.00000
942.60000	 0.00000	 0.00000
942.65000	 0.00000	 0.00000
942.70000	 0.00000	 0.00000
942.75000	 0.00000	 0.00000
942.80000	 0.00000	 0.00000
942.85000	 0.00000	 0.00000
942.90000	 0.00000	 0.00000
942.95000	 0.00000	 0.00000
943.00000	 0.00000	 0.00000
943.05000	 0.00000	 0.00000
943.10000	 0.00000	 0.00000
943.15000	 0.00000	 0.00000
943.20000	 0.00000	 0.00000
943.25000	 0.00000	 0.00000
943.30000	 0.00000	 0.00000
943.35000	 0.00000	 0.00000
943.40000	 0.00000	 0.00000
943.45000	 0.00000	 0.00000
943.50000	 0.00000	 0.00000
943.55000	 0.00000	 0.00000
943.60000	 0.00000	 0.00000
943.65000	 0.00000	 0.00000
943.70000	 0.00000	 0.00000
943.75000	 0.00000	 0.00000
943.80000	 0.00000	 0.00000
943.85000	 0.00000	 0.00000
943.90000	 0.00000	 0.00000
943.95000	 0.00000	 0.00000
944.00000	 0.00000	 0.00000
944.05000	 0.00000	 0.00000
944.10000	 0.00000	 0.00000
944.15000	 0.00000	 0.00000
944.20000	 0.00000	 0.00000
944.25000	 0.00000	 0.00000
944.30000	 0.00000	 0.00000
944.35000	 0.00000	 0.00000
944.40000	 0.00000	 0.00000
944.45000	 0.00000	 0.00000
944.50000	 0.00000	 0.00000
944.55000	 0.00000	 0.00000
944.60000	 0.00000	 0.00000
944.65000	 0.00000	 0.00000
944.70000	 0.00000	 0.00000
944.75000	 0.00000	 0.00000
944.80000	 0.00000	 0.00000
944.85000	 0.00000	 0.00000
944.90000	 0.00000	 0.00000
944.95000	 0.00000	 0.00000
945.00000	 0.00000	 0.00000
945.05000	 0.00000	 0.00000
945.10000	 0.00000	 0.00000
945.15000	 0.00000	 0.00000
945.20000	 0.00000	 0.00000
945.25000	 0.00000	 0.00000
945.30000	 0.00000	 0.00000
945.35000	 0.00000	 0.00000
945.40000	 0.00000	 0.00000
945.45000	 0.00000	 0.00000
945.50000	 0.00000	 0.00000
945.55000	 0.00000	 0.00000
945.60000	 0.00000	 0.00000
945.65000	 0.00000	 0.00000
945.70000	 0.00000	 0.00000
945.75000	 0.00000	 0.00000
945.80000	 0.00000	 0.00000
945.85000	 0.00000	 0.00000
945.90000	 0.00000	 0.00000
945.95000	 0.00000	 0.00000
946.00000	 0.00000	 0.00000
946.05000	 0.00000	 0.00000
946.10000	 0.00000	 0.00000
946.15000	 0.00000	 0.00000
946.20000	 0.00000	 0.00000
946.25000	 0.00000	 0.00000
946.30000	 0.00000	 0.00000
946.35000	 0.00000	 0.00000
946.40000	 0.00000	 0.00000
946.45000	 0.00000	 0.00000
946.50000	 0.00000	 0.00000
946.55000	 0.00000	 0.00000
946.60000	 0.00000	 0.00000
946.65000	 0.00000	 0.00000
946.70000	 0.00000	 0.00000
946.75000	 0.00000	 0.00000
946.80000	 0.00000	 0.00000
946.85000	 0.00000	 0.00000
946.90000	 0.00000	 0.00000
946.95000	 0.00000	 0.00000
947.00000	 0.00000	 0.00000
947.05000	 0.00000	 0.00000
947.10000	 0.00000	 0.00000
947.15000	 0.00000	 0.00000
947.20000	 0.00000	 0.00000
947.25000	 0.00000	 0.00000
947.30000	 0.00000	 0.00000
947.35000	 0.00000	 0.00000
947.40000	 0.00000	 0.00000
947.45000	 0.00000	 0.00000
947.50000	 0.00000	 0.00000
947.55000	 0.00000	 0.00000
947.60000	 0.00000	 0.00000
947.65000	 0.00000	 0.00000
947.70000	 0.00000	 0.00000
947.75000	 0.00000	 0.00000
947.80000	 0.00000	 0.00000
947.85000	 0.00000	 0.00000
947.90000	 0.00000	 0.00000
947.95000	 0.00000	 0.00000
948.00000	 0.00000	 0.00000
948.05000	 0.00000	 0.00000
948.10000	 0.00000	 0.00000
948.15000	 0.00000	 0.00000
948.20000	 0.00000	 0.00000
948.25000	 0.00000	 0.00000
948.30000	 0.00000	 0.00000
948.35000	 0.00000	 0.00000
948.40000	 0.00000	 0.00000
948.45000	 0.00000	 0.00000
948.50000	 0.00000	 0.00000
948.55000	 0.00000	 0.00000
948.60000	 0.00000	 0.00000
948.65000	 0.00000	 0.00000
948.70000	 0.00000	 0.00000
948.75000	 0.00000	 0.00000
948.80000	 0.00000	 0.00000
948.85000	 0.00000	 0.00000
948.90000	 0.00000	 0.00000
948.95000	 0.00000	 0.00000
949.00000	 0.00000	 0.00000
949.05000	 0.00000	 0.00000
949.10000	 0.00000	 0.00000
949.15000	 0.00000	 0.00000
949.20000	 0.00000	 0.00000
949.25000	 0.00000	 0.00000
949.30000	 0.00000	 0.00000
949.35000	 0.00000	 0.00000
949.40000	 0.00000	 0.00000
949.45000	 0.00000	 0.00000
949.50000	 0.00000	 0.00000
949.55000	 0.00000	 0.00000
949.60000	 0.00000	 0.00000
949.65000	 0.00000	 0.00000
949.70000	 0.00000	 0.00000
949.75000	 0.00000	 0.00000
949.80000	 0.00000	 0.00000
949.85000	 0.00000	 0.00000
949.90000	 0.00000	 0.00000
949.95000	 0.00000	 0.00000
950.00000	 0.00000	 0.00000
950.05000	 0.00000	 0.00000
950.10000	 0.00000	 0.00000
950.15000	 0.00000	 0.00000
950.20000	 0.00000	 0.00000
950.25000	 0.00000	 0.00000
950.30000	 0.00000	 0.00000
950.35000	 0.00000	 0.00000
950.40000	 0.00000	 0.00000
950.45000	 0.00000	 0.00000
950.50000	 0.00000	 0.00000
950.55000	 0.00000	 0.00000
950.60000	 0.00000	 0.00000
950.65000	 0.00000	 0.00000
950.70000	 0.00000	 0.00000
950.75000	 0.00000	 0.00000
950.80000	 0.00000	 0.00000
950.85000	 0.00000	 0.00000
950.90000	 0.00000	 0.00000
950.95000	 0.00000	 0.00000
951.00000	 0.00000	 0.00000
951.05000	 0.00000	 0.00000
951.10000	 0.00000	 0.00000
951.15000	 0.00000	 0.00000
951.20000	 0.00000	 0.00000
951.25000	 0.00000	 0.00000
951.30000	 0.00000	 0.00000
951.35000	 0.00000	 0.00000
951.40000	 0.00000	 0.00000
951.45000	 0.00000	 0.00000
951.50000	 0.00000	 0.00000
951.55000	 0.00000	 0.00000
951.60000	 0.00000	 0.00000
951.65000	 0.00000	 0.00000
951.70000	 0.00000	 0.00000
951.75000	 0.00000	 0.00000
951.80000	 0.00000	 0.00000
951.85000	 0.00000	 0.00000
951.90000	 0.00000	 0.00000
951.95000	 0.00000	 0.00000
952.00000	 0.00000	 0.00000
952.05000	 0.00000	 0.00000
952.10000	 0.00000	 0.00000
952.15000	 0.00000	 0.00000
952.20000	 0.00000	 0.00000
952.25000	 0.00000	 0.00000
952.30000	 0.00000	 0.00000
952.35000	 0.00000	 0.00000
952.40000	 0.00000	 0.00000
952.45000	 0.00000	 0.00000
952.50000	 0.00000	 0.00000
952.55000	 0.00000	 0.00000
952.60000	 0.00000	 0.00000
952.65000	 0.00000	 0.00000
952.70000	 0.00000	 0.00000
952.75000	 0.00000	 0.00000
952.80000	 0.00000	 0.00000
952.85000	 0.00000	 0.00000
952.90000	 0.00000	 0.00000
952.95000	 0.00000	 0.00000
953.00000	 0.00000	 0.00000
953.05000	 0.00000	 0.00000
953.10000	 0.00000	 0.00000
953.15000	 0.00000	 0.00000
953.20000	 0.00000	 0.00000
953.25000	 0.00000	 0.00000
953.30000	 0.00000	 0.00000
953.35000	 0.00000	 0.00000
953.40000	 0.00000	 0.00000
953.45000	 0.00000	 0.00000
953.50000	 0.00000	 0.00000
953.55000	 0.00000	 0.00000
953.60000	 0.00000	 0.00000
953.65000	 0.00000	 0.00000
953.70000	 0.00000	 0.00000
953.75000	 0.00000	 0.00000
953.80000	 0.00000	 0.00000
953.85000	 0.00000	 0.00000
953.90000	 0.00000	 0.00000
953.95000	 0.00000	 0.00000
954.00000	 0.00000	 0.00000
954.05000	 0.00000	 0.00000
954.10000	 0.00000	 0.00000
954.15000	 0.00000	 0.00000
954.20000	 0.00000	 0.00000
954.25000	 0.00000	 0.00000
954.30000	 0.00000	 0.00000
954.35000	 0.00000	 0.00000
954.40000	 0.00000	 0.00000
954.45000	 0.00000	 0.00000
954.50000	 0.00000	 0.00000
954.55000	 0.00000	 0.00000
954.60000	 0.00000	 0.00000
954.65000	 0.00000	 0.00000
954.70000	 0.00000	 0.00000
954.75000	 0.00000	 0.00000
954.80000	 0.00000	 0.00000
954.85000	 0.00000	 0.00000
954.90000	 0.00000	 0.00000
954.95000	 0.00000	 0.00000
955.00000	 0.00000	 0.00000
955.05000	 0.00000	 0.00000
955.10000	 0.00000	 0.00000
955.15000	 0.00000	 0.00000
955.20000	 0.00000	 0.00000
955.25000	 0.00000	 0.00000
955.30000	 0.00000	 0.00000
955.35000	 0.00000	 0.00000
955.40000	 0.00000	 0.00000
955.45000	 0.00000	 0.00000
955.50000	 0.00000	 0.00000
955.55000	 0.00000	 0.00000
955.60000	 0.00000	 0.00000
955.65000	 0.00000	 0.00000
955.70000	 0.00000	 0.00000
955.75000	 0.00000	 0.00000
955.80000	 0.00000	 0.00000
955.85000	 0.00000	 0.00000
955.90000	 0.00000	 0.00000
955.95000	 0.00000	 0.00000
956.00000	 0.00000	 0.00000
956.05000	 0.00000	 0.00000
956.10000	 0.00000	 0.00000
956.15000	 0.00000	 0.00000
956.20000	 0.00000	 0.00000
956.25000	 0.00000	 0.00000
956.30000	 0.00000	 0.00000
956.35000	 0.00000	 0.00000
956.40000	 0.00000	 0.00000
956.45000	 0.00000	 0.00000
956.50000	 0.00000	 0.00000
956.55000	 0.00000	 0.00000
956.60000	 0.00000	 0.00000
956.65000	 0.00000	 0.00000
956.70000	 0.00000	 0.00000
956.75000	 0.00000	 0.00000
956.80000	 0.00000	 0.00000
956.85000	 0.00000	 0.00000
956.90000	 0.00000	 0.00000
956.95000	 0.00000	 0.00000
957.00000	 0.00000	 0.00000
957.05000	 0.00000	 0.00000
957.10000	 0.00000	 0.00000
957.15000	 0.00000	 0.00000
957.20000	 0.00000	 0.00000
957.25000	 0.00000	 0.00000
957.30000	 0.00000	 0.00000
957.35000	 0.00000	 0.00000
957.40000	 0.00000	 0.00000
957.45000	 0.00000	 0.00000
957.50000	 0.00000	 0.00000
957.55000	 0.00000	 0.00000
957.60000	 0.00000	 0.00000
957.65000	 0.00000	 0.00000
957.70000	 0.00000	 0.00000
957.75000	 0.00000	 0.00000
957.80000	 0.00000	 0.00000
957.85000	 0.00000	 0.00000
957.90000	 0.00000	 0.00000
957.95000	 0.00000	 0.00000
958.00000	 0.00000	 0.00000
958.05000	 0.00000	 0.00000
958.10000	 0.00000	 0.00000
958.15000	 0.00000	 0.00000
958.20000	 0.00000	 0.00000
958.25000	 0.00000	 0.00000
958.30000	 0.00000	 0.00000
958.35000	 0.00000	 0.00000
958.40000	 0.00000	 0.00000
958.45000	 0.00000	 0.00000
958.50000	 0.00000	 0.00000
958.55000	 0.00000	 0.00000
958.60000	 0.00000	 0.00000
958.65000	 0.00000	 0.00000
958.70000	 0.00000	 0.00000
958.75000	 0.00000	 0.00000
958.80000	 0.00000	 0.00000
958.85000	 0.00000	 0.00000
958.90000	 0.00000	 0.00000
958.95000	 0.00000	 0.00000
959.00000	 0.00000	 0.00000
959.05000	 0.00000	 0.00000
959.10000	 0.00000	 0.00000
959.15000	 0.00000	 0.00000
959.20000	 0.00000	 0.00000
959.25000	 0.00000	 0.00000
959.30000	 0.00000	 0.00000
959.35000	 0.00000	 0.00000
959.40000	 0.00000	 0.00000
959.45000	 0.00000	 0.00000
959.50000	 0.00000	 0.00000
959.55000	 0.00000	 0.00000
959.60000	 0.00000	 0.00000
959.65000	 0.00000	 0.00000
959.70000	 0.00000	 0.00000
959.75000	 0.00000	 0.00000
959.80000	 0.00000	 0.00000
959.85000	 0.00000	 0.00000
959.90000	 0.00000	 0.00000
959.95000	 0.00000	 0.00000
960.00000	 0.00000	 0.00000
960.05000	 0.00000	 0.00000
960.10000	 0.00000	 0.00000
960.15000	 0.00000	 0.00000
960.20000	 0.00000	 0.00000
960.25000	 0.00000	 0.00000
960.30000	 0.00000	 0.00000
960.35000	 0.00000	 0.00000
960.40000	 0.00000	 0.00000
960.45000	 0.00000	 0.00000
960.50000	 0.00000	 0.00000
960.55000	 0.00000	 0.00000
960.60000	 0.00000	 0.00000
960.65000	 0.00000	 0.00000
960.70000	 0.00000	 0.00000
960.75000	 0.00000	 0.00000
960.80000	 0.00000	 0.00000
960.85000	 0.00000	 0.00000
960.90000	 0.00000	 0.00000
960.95000	 0.00000	 0.00000
961.00000	 0.00000	 0.00000
961.05000	 0.00000	 0.00000
961.10000	 0.00000	 0.00000
961.15000	 0.00000	 0.00000
961.20000	 0.00000	 0.00000
961.25000	 0.00000	 0.00000
961.30000	 0.00000	 0.00000
961.35000	 0.00000	 0.00000
961.40000	 0.00000	 0.00000
961.45000	 0.00000	 0.00000
961.50000	 0.00000	 0.00000
961.55000	 0.00000	 0.00000
961.60000	 0.00000	 0.00000
961.65000	 0.00000	 0.00000
961.70000	 0.00000	 0.00000
961.75000	 0.00000	 0.00000
961.80000	 0.00000	 0.00000
961.85000	 0.00000	 0.00000
961.90000	 0.00000	 0.00000
961.95000	 0.00000	 0.00000
962.00000	 0.00000	 0.00000
962.05000	 0.00000	 0.00000
962.10000	 0.00000	 0.00000
962.15000	 0.00000	 0.00000
962.20000	 0.00000	 0.00000
962.25000	 0.00000	 0.00000
962.30000	 0.00000	 0.00000
962.35000	 0.00000	 0.00000
962.40000	 0.00000	 0.00000
962.45000	 0.00000	 0.00000
962.50000	 0.00000	 0.00000
962.55000	 0.00000	 0.00000
962.60000	 0.00000	 0.00000
962.65000	 0.00000	 0.00000
962.70000	 0.00000	 0.00000
962.75000	 0.00000	 0.00000
962.80000	 0.00000	 0.00000
962.85000	 0.00000	 0.00000
962.90000	 0.00000	 0.00000
962.95000	 0.00000	 0.00000
963.00000	 0.00000	 0.00000
963.05000	 0.00000	 0.00000
963.10000	 0.00000	 0.00000
963.15000	 0.00000	 0.00000
963.20000	 0.00000	 0.00000
963.25000	 0.00000	 0.00000
963.30000	 0.00000	 0.00000
963.35000	 0.00000	 0.00000
963.40000	 0.00000	 0.00000
963.45000	 0.00000	 0.00000
963.50000	 0.00000	 0.00000
963.55000	 0.00000	 0.00000
963.60000	 0.00000	 0.00000
963.65000	 0.00000	 0.00000
963.70000	 0.00000	 0.00000
963.75000	 0.00000	 0.00000
963.80000	 0.00000	 0.00000
963.85000	 0.00000	 0.00000
963.90000	 0.00000	 0.00000
963.95000	 0.00000	 0.00000
964.00000	 0.00000	 0.00000
964.05000	 0.00000	 0.00000
964.10000	 0.00000	 0.00000
964.15000	 0.00000	 0.00000
964.20000	 0.00000	 0.00000
964.25000	 0.00000	 0.00000
964.30000	 0.00000	 0.00000
964.35000	 0.00000	 0.00000
964.40000	 0.00000	 0.00000
964.45000	 0.00000	 0.00000
964.50000	 0.00000	 0.00000
964.55000	 0.00000	 0.00000
964.60000	 0.00000	 0.00000
964.65000	 0.00000	 0.00000
964.70000	 0.00000	 0.00000
964.75000	 0.00000	 0.00000
964.80000	 0.00000	 0.00000
964.85000	 0.00000	 0.00000
964.90000	 0.00000	 0.00000
964.95000	 0.00000	 0.00000
965.00000	 0.00000	 0.00000
965.05000	 0.00000	 0.00000
965.10000	 0.00000	 0.00000
965.15000	 0.00000	 0.00000
965.20000	 0.00000	 0.00000
965.25000	 0.00000	 0.00000
965.30000	 0.00000	 0.00000
965.35000	 0.00000	 0.00000
965.40000	 0.00000	 0.00000
965.45000	 0.00000	 0.00000
965.50000	 0.00000	 0.00000
965.55000	 0.00000	 0.00000
965.60000	 0.00000	 0.00000
965.65000	 0.00000	 0.00000
965.70000	 0.00000	 0.00000
965.75000	 0.00000	 0.00000
965.80000	 0.00000	 0.00000
965.85000	 0.00000	 0.00000
965.90000	 0.00000	 0.00000
965.95000	 0.00000	 0.00000
966.00000	 0.00000	 0.00000
966.05000	 0.00000	 0.00000
966.10000	 0.00000	 0.00000
966.15000	 0.00000	 0.00000
966.20000	 0.00000	 0.00000
966.25000	 0.00000	 0.00000
966.30000	 0.00000	 0.00000
966.35000	 0.00000	 0.00000
966.40000	 0.00000	 0.00000
966.45000	 0.00000	 0.00000
966.50000	 0.00000	 0.00000
966.55000	 0.00000	 0.00000
966.60000	 0.00000	 0.00000
966.65000	 0.00000	 0.00000
966.70000	 0.00000	 0.00000
966.75000	 0.00000	 0.00000
966.80000	 0.00000	 0.00000
966.85000	 0.00000	 0.00000
966.90000	 0.00000	 0.00000
966.95000	 0.00000	 0.00000
967.00000	 0.00000	 0.00000
967.05000	 0.00000	 0.00000
967.10000	 0.00000	 0.00000
967.15000	 0.00000	 0.00000
967.20000	 0.00000	 0.00000
967.25000	 0.00000	 0.00000
967.30000	 0.00000	 0.00000
967.35000	 0.00000	 0.00000
967.40000	 0.00000	 0.00000
967.45000	 0.00000	 0.00000
967.50000	 0.00000	 0.00000
967.55000	 0.00000	 0.00000
967.60000	 0.00000	 0.00000
967.65000	 0.00000	 0.00000
967.70000	 0.00000	 0.00000
967.75000	 0.00000	 0.00000
967.80000	 0.00000	 0.00000
967.85000	 0.00000	 0.00000
967.90000	 0.00000	 0.00000
967.95000	 0.00000	 0.00000
968.00000	 0.00000	 0.00000
968.05000	 0.00000	 0.00000
968.10000	 0.00000	 0.00000
968.15000	 0.00000	 0.00000
968.20000	 0.00000	 0.00000
968.25000	 0.00000	 0.00000
968.30000	 0.00000	 0.00000
968.35000	 0.00000	 0.00000
968.40000	 0.00000	 0.00000
968.45000	 0.00000	 0.00000
968.50000	 0.00000	 0.00000
968.55000	 0.00000	 0.00000
968.60000	 0.00000	 0.00000
968.65000	 0.00000	 0.00000
968.70000	 0.00000	 0.00000
968.75000	 0.00000	 0.00000
968.80000	 0.00000	 0.00000
968.85000	 0.00000	 0.00000
968.90000	 0.00000	 0.00000
968.95000	 0.00000	 0.00000
969.00000	 0.00000	 0.00000
969.05000	 0.00000	 0.00000
969.10000	 0.00000	 0.00000
969.15000	 0.00000	 0.00000
969.20000	 0.00000	 0.00000
969.25000	 0.00000	 0.00000
969.30000	 0.00000	 0.00000
969.35000	 0.00000	 0.00000
969.40000	 0.00000	 0.00000
969.45000	 0.00000	 0.00000
969.50000	 0.00000	 0.00000
969.55000	 0.00000	 0.00000
969.60000	 0.00000	 0.00000
969.65000	 0.00000	 0.00000
969.70000	 0.00000	 0.00000
969.75000	 0.00000	 0.00000
969.80000	 0.00000	 0.00000
969.85000	 0.00000	 0.00000
969.90000	 0.00000	 0.00000
969.95000	 0.00000	 0.00000
970.00000	 0.00000	 0.00000
970.05000	 0.00000	 0.00000
970.10000	 0.00000	 0.00000
970.15000	 0.00000	 0.00000
970.20000	 0.00000	 0.00000
970.25000	 0.00000	 0.00000
970.30000	 0.00000	 0.00000
970.35000	 0.00000	 0.00000
970.40000	 0.00000	 0.00000
970.45000	 0.00000	 0.00000
970.50000	 0.00000	 0.00000
970.55000	 0.00000	 0.00000
970.60000	 0.00000	 0.00000
970.65000	 0.00000	 0.00000
970.70000	 0.00000	 0.00000
970.75000	 0.00000	 0.00000
970.80000	 0.00000	 0.00000
970.85000	 0.00000	 0.00000
970.90000	 0.00000	 0.00000
970.95000	 0.00000	 0.00000
971.00000	 0.00000	 0.00000
971.05000	 0.00000	 0.00000
971.10000	 0.00000	 0.00000
971.15000	 0.00000	 0.00000
971.20000	 0.00000	 0.00000
971.25000	 0.00000	 0.00000
971.30000	 0.00000	 0.00000
971.35000	 0.00000	 0.00000
971.40000	 0.00000	 0.00000
971.45000	 0.00000	 0.00000
971.50000	 0.00000	 0.00000
971.55000	 0.00000	 0.00000
971.60000	 0.00000	 0.00000
971.65000	 0.00000	 0.00000
971.70000	 0.00000	 0.00000
971.75000	 0.00000	 0.00000
971.80000	 0.00000	 0.00000
971.85000	 0.00000	 0.00000
971.90000	 0.00000	 0.00000
971.95000	 0.00000	 0.00000
972.00000	 0.00000	 0.00000
972.05000	 0.00000	 0.00000
972.10000	 0.00000	 0.00000
972.15000	 0.00000	 0.00000
972.20000	 0.00000	 0.00000
972.25000	 0.00000	 0.00000
972.30000	 0.00000	 0.00000
972.35000	 0.00000	 0.00000
972.40000	 0.00000	 0.00000
972.45000	 0.00000	 0.00000
972.50000	 0.00000	 0.00000
972.55000	 0.00000	 0.00000
972.60000	 0.00000	 0.00000
972.65000	 0.00000	 0.00000
972.70000	 0.00000	 0.00000
972.75000	 0.00000	 0.00000
972.80000	 0.00000	 0.00000
972.85000	 0.00000	 0.00000
972.90000	 0.00000	 0.00000
972.95000	 0.00000	 0.00000
973.00000	 0.00000	 0.00000
973.05000	 0.00000	 0.00000
973.10000	 0.00000	 0.00000
973.15000	 0.00000	 0.00000
973.20000	 0.00000	 0.00000
973.25000	 0.00000	 0.00000
973.30000	 0.00000	 0.00000
973.35000	 0.00000	 0.00000
973.40000	 0.00000	 0.00000
973.45000	 0.00000	 0.00000
973.50000	 0.00000	 0.00000
973.55000	 0.00000	 0.00000
973.60000	 0.00000	 0.00000
973.65000	 0.00000	 0.00000
973.70000	 0.00000	 0.00000
973.75000	 0.00000	 0.00000
973.80000	 0.00000	 0.00000
973.85000	 0.00000	 0.00000
973.90000	 0.00000	 0.00000
973.95000	 0.00000	 0.00000
974.00000	 0.00000	 0.00000
974.05000	 0.00000	 0.00000
974.10000	 0.00000	 0.00000
974.15000	 0.00000	 0.00000
974.20000	 0.00000	 0.00000
974.25000	 0.00000	 0.00000
974.30000	 0.00000	 0.00000
974.35000	 0.00000	 0.00000
974.40000	 0.00000	 0.00000
974.45000	 0.00000	 0.00000
974.50000	 0.00000	 0.00000
974.55000	 0.00000	 0.00000
974.60000	 0.00000	 0.00000
974.65000	 0.00000	 0.00000
974.70000	 0.00000	 0.00000
974.75000	 0.00000	 0.00000
974.80000	 0.00000	 0.00000
974.85000	 0.00000	 0.00000
974.90000	 0.00000	 0.00000
974.95000	 0.00000	 0.00000
975.00000	 0.00000	 0.00000
975.05000	 0.00000	 0.00000
975.10000	 0.00000	 0.00000
975.15000	 0.00000	 0.00000
975.20000	 0.00000	 0.00000
975.25000	 0.00000	 0.00000
975.30000	 0.00000	 0.00000
975.35000	 0.00000	 0.00000
975.40000	 0.00000	 0.00000
975.45000	 0.00000	 0.00000
975.50000	 0.00000	 0.00000
975.55000	 0.00000	 0.00000
975.60000	 0.00000	 0.00000
975.65000	 0.00000	 0.00000
975.70000	 0.00000	 0.00000
975.75000	 0.00000	 0.00000
975.80000	 0.00000	 0.00000
975.85000	 0.00000	 0.00000
975.90000	 0.00000	 0.00000
975.95000	 0.00000	 0.00000
976.00000	 0.00000	 0.00000
976.05000	 0.00000	 0.00000
976.10000	 0.00000	 0.00000
976.15000	 0.00000	 0.00000
976.20000	 0.00000	 0.00000
976.25000	 0.00000	 0.00000
976.30000	 0.00000	 0.00000
976.35000	 0.00000	 0.00000
976.40000	 0.00000	 0.00000
976.45000	 0.00000	 0.00000
976.50000	 0.00000	 0.00000
976.55000	 0.00000	 0.00000
976.60000	 0.00000	 0.00000
976.65000	 0.00000	 0.00000
976.70000	 0.00000	 0.00000
976.75000	 0.00000	 0.00000
976.80000	 0.00000	 0.00000
976.85000	 0.00000	 0.00000
976.90000	 0.00000	 0.00000
976.95000	 0.00000	 0.00000
977.00000	 0.00000	 0.00000
977.05000	 0.00000	 0.00000
977.10000	 0.00000	 0.00000
977.15000	 0.00000	 0.00000
977.20000	 0.00000	 0.00000
977.25000	 0.00000	 0.00000
977.30000	 0.00000	 0.00000
977.35000	 0.00000	 0.00000
977.40000	 0.00000	 0.00000
977.45000	 0.00000	 0.00000
977.50000	 0.00000	 0.00000
977.55000	 0.00000	 0.00000
977.60000	 0.00000	 0.00000
977.65000	 0.00000	 0.00000
977.70000	 0.00000	 0.00000
977.75000	 0.00000	 0.00000
977.80000	 0.00000	 0.00000
977.85000	 0.00000	 0.00000
977.90000	 0.00000	 0.00000
977.95000	 0.00000	 0.00000
978.00000	 0.00000	 0.00000
978.05000	 0.00000	 0.00000
978.10000	 0.00000	 0.00000
978.15000	 0.00000	 0.00000
978.20000	 0.00000	 0.00000
978.25000	 0.00000	 0.00000
978.30000	 0.00000	 0.00000
978.35000	 0.00000	 0.00000
978.40000	 0.00000	 0.00000
978.45000	 0.00000	 0.00000
978.50000	 0.00000	 0.00000
978.55000	 0.00000	 0.00000
978.60000	 0.00000	 0.00000
978.65000	 0.00000	 0.00000
978.70000	 0.00000	 0.00000
978.75000	 0.00000	 0.00000
978.80000	 0.00000	 0.00000
978.85000	 0.00000	 0.00000
978.90000	 0.00000	 0.00000
978.95000	 0.00000	 0.00000
979.00000	 0.00000	 0.00000
979.05000	 0.00000	 0.00000
979.10000	 0.00000	 0.00000
979.15000	 0.00000	 0.00000
979.20000	 0.00000	 0.00000
979.25000	 0.00000	 0.00000
979.30000	 0.00000	 0.00000
979.35000	 0.00000	 0.00000
979.40000	 0.00000	 0.00000
979.45000	 0.00000	 0.00000
979.50000	 0.00000	 0.00000
979.55000	 0.00000	 0.00000
979.60000	 0.00000	 0.00000
979.65000	 0.00000	 0.00000
979.70000	 0.00000	 0.00000
979.75000	 0.00000	 0.00000
979.80000	 0.00000	 0.00000
979.85000	 0.00000	 0.00000
979.90000	 0.00000	 0.00000
979.95000	 0.00000	 0.00000
980.00000	 0.00000	 0.00000
980.05000	 0.00000	 0.00000
980.10000	 0.00000	 0.00000
980.15000	 0.00000	 0.00000
980.20000	 0.00000	 0.00000
980.25000	 0.00000	 0.00000
980.30000	 0.00000	 0.00000
980.35000	 0.00000	 0.00000
980.40000	 0.00000	 0.00000
980.45000	 0.00000	 0.00000
980.50000	 0.00000	 0.00000
980.55000	 0.00000	 0.00000
980.60000	 0.00000	 0.00000
980.65000	 0.00000	 0.00000
980.70000	 0.00000	 0.00000
980.75000	 0.00000	 0.00000
980.80000	 0.00000	 0.00000
980.85000	 0.00000	 0.00000
980.90000	 0.00000	 0.00000
980.95000	 0.00000	 0.00000
981.00000	 0.00000	 0.00000
981.05000	 0.00000	 0.00000
981.10000	 0.00000	 0.00000
981.15000	 0.00000	 0.00000
981.20000	 0.00000	 0.00000
981.25000	 0.00000	 0.00000
981.30000	 0.00000	 0.00000
981.35000	 0.00000	 0.00000
981.40000	 0.00000	 0.00000
981.45000	 0.00000	 0.00000
981.50000	 0.00000	 0.00000
981.55000	 0.00000	 0.00000
981.60000	 0.00000	 0.00000
981.65000	 0.00000	 0.00000
981.70000	 0.00000	 0.00000
981.75000	 0.00000	 0.00000
981.80000	 0.00000	 0.00000
981.85000	 0.00000	 0.00000
981.90000	 0.00000	 0.00000
981.95000	 0.00000	 0.00000
982.00000	 0.00000	 0.00000
982.05000	 0.00000	 0.00000
982.10000	 0.00000	 0.00000
982.15000	 0.00000	 0.00000
982.20000	 0.00000	 0.00000
982.25000	 0.00000	 0.00000
982.30000	 0.00000	 0.00000
982.35000	 0.00000	 0.00000
982.40000	 0.00000	 0.00000
982.45000	 0.00000	 0.00000
982.50000	 0.00000	 0.00000
982.55000	 0.00000	 0.00000
982.60000	 0.00000	 0.00000
982.65000	 0.00000	 0.00000
982.70000	 0.00000	 0.00000
982.75000	 0.00000	 0.00000
982.80000	 0.00000	 0.00000
982.85000	 0.00000	 0.00000
982.90000	 0.00000	 0.00000
982.95000	 0.00000	 0.00000
983.00000	 0.00000	 0.00000
983.05000	 0.00000	 0.00000
983.10000	 0.00000	 0.00000
983.15000	 0.00000	 0.00000
983.20000	 0.00000	 0.00000
983.25000	 0.00000	 0.00000
983.30000	 0.00000	 0.00000
983.35000	 0.00000	 0.00000
983.40000	 0.00000	 0.00000
983.45000	 0.00000	 0.00000
983.50000	 0.00000	 0.00000
983.55000	 0.00000	 0.00000
983.60000	 0.00000	 0.00000
983.65000	 0.00000	 0.00000
983.70000	 0.00000	 0.00000
983.75000	 0.00000	 0.00000
983.80000	 0.00000	 0.00000
983.85000	 0.00000	 0.00000
983.90000	 0.00000	 0.00000
983.95000	 0.00000	 0.00000
984.00000	 0.00000	 0.00000
984.05000	 0.00000	 0.00000
984.10000	 0.00000	 0.00000
984.15000	 0.00000	 0.00000
984.20000	 0.00000	 0.00000
984.25000	 0.00000	 0.00000
984.30000	 0.00000	 0.00000
984.35000	 0.00000	 0.00000
984.40000	 0.00000	 0.00000
984.45000	 0.00000	 0.00000
984.50000	 0.00000	 0.00000
984.55000	 0.00000	 0.00000
984.60000	 0.00000	 0.00000
984.65000	 0.00000	 0.00000
984.70000	 0.00000	 0.00000
984.75000	 0.00000	 0.00000
984.80000	 0.00000	 0.00000
984.85000	 0.00000	 0.00000
984.90000	 0.00000	 0.00000
984.95000	 0.00000	 0.00000
985.00000	 0.00000	 0.00000
985.05000	 0.00000	 0.00000
985.10000	 0.00000	 0.00000
985.15000	 0.00000	 0.00000
985.20000	 0.00000	 0.00000
985.25000	 0.00000	 0.00000
985.30000	 0.00000	 0.00000
985.35000	 0.00000	 0.00000
985.40000	 0.00000	 0.00000
985.45000	 0.00000	 0.00000
985.50000	 0.00000	 0.00000
985.55000	 0.00000	 0.00000
985.60000	 0.00000	 0.00000
985.65000	 0.00000	 0.00000
985.70000	 0.00000	 0.00000
985.75000	 0.00000	 0.00000
985.80000	 0.00000	 0.00000
985.85000	 0.00000	 0.00000
985.90000	 0.00000	 0.00000
985.95000	 0.00000	 0.00000
986.00000	 0.00000	 0.00000
986.05000	 0.00000	 0.00000
986.10000	 0.00000	 0.00000
986.15000	 0.00000	 0.00000
986.20000	 0.00000	 0.00000
986.25000	 0.00000	 0.00000
986.30000	 0.00000	 0.00000
986.35000	 0.00000	 0.00000
986.40000	 0.00000	 0.00000
986.45000	 0.00000	 0.00000
986.50000	 0.00000	 0.00000
986.55000	 0.00000	 0.00000
986.60000	 0.00000	 0.00000
986.65000	 0.00000	 0.00000
986.70000	 0.00000	 0.00000
986.75000	 0.00000	 0.00000
986.80000	 0.00000	 0.00000
986.85000	 0.00000	 0.00000
986.90000	 0.00000	 0.00000
986.95000	 0.00000	 0.00000
987.00000	 0.00000	 0.00000
987.05000	 0.00000	 0.00000
987.10000	 0.00000	 0.00000
987.15000	 0.00000	 0.00000
987.20000	 0.00000	 0.00000
987.25000	 0.00000	 0.00000
987.30000	 0.00000	 0.00000
987.35000	 0.00000	 0.00000
987.40000	 0.00000	 0.00000
987.45000	 0.00000	 0.00000
987.50000	 0.00000	 0.00000
987.55000	 0.00000	 0.00000
987.60000	 0.00000	 0.00000
987.65000	 0.00000	 0.00000
987.70000	 0.00000	 0.00000
987.75000	 0.00000	 0.00000
987.80000	 0.00000	 0.00000
987.85000	 0.00000	 0.00000
987.90000	 0.00000	 0.00000
987.95000	 0.00000	 0.00000
988.00000	 0.00000	 0.00000
988.05000	 0.00000	 0.00000
988.10000	 0.00000	 0.00000
988.15000	 0.00000	 0.00000
988.20000	 0.00000	 0.00000
988.25000	 0.00000	 0.00000
988.30000	 0.00000	 0.00000
988.35000	 0.00000	 0.00000
988.40000	 0.00000	 0.00000
988.45000	 0.00000	 0.00000
988.50000	 0.00000	 0.00000
988.55000	 0.00000	 0.00000
988.60000	 0.00000	 0.00000
988.65000	 0.00000	 0.00000
988.70000	 0.00000	 0.00000
988.75000	 0.00000	 0.00000
988.80000	 0.00000	 0.00000
988.85000	 0.00000	 0.00000
988.90000	 0.00000	 0.00000
988.95000	 0.00000	 0.00000
989.00000	 0.00000	 0.00000
989.05000	 0.00000	 0.00000
989.10000	 0.00000	 0.00000
989.15000	 0.00000	 0.00000
989.20000	 0.00000	 0.00000
989.25000	 0.00000	 0.00000
989.30000	 0.00000	 0.00000
989.35000	 0.00000	 0.00000
989.40000	 0.00000	 0.00000
989.45000	 0.00000	 0.00000
989.50000	 0.00000	 0.00000
989.55000	 0.00000	 0.00000
989.60000	 0.00000	 0.00000
989.65000	 0.00000	 0.00000
989.70000	 0.00000	 0.00000
989.75000	 0.00000	 0.00000
989.80000	 0.00000	 0.00000
989.85000	 0.00000	 0.00000
989.90000	 0.00000	 0.00000
989.95000	 0.00000	 0.00000
990.00000	 0.00000	 0.00000
990.05000	 0.00000	 0.00000
990.10000	 0.00000	 0.00000
990.15000	 0.00000	 0.00000
990.20000	 0.00000	 0.00000
990.25000	 0.00000	 0.00000
990.30000	 0.00000	 0.00000
990.35000	 0.00000	 0.00000
990.40000	 0.00000	 0.00000
990.45000	 0.00000	 0.00000
990.50000	 0.00000	 0.00000
990.55000	 0.00000	 0.00000
990.60000	 0.00000	 0.00000
990.65000	 0.00000	 0.00000
990.70000	 0.00000	 0.00000
990.75000	 0.00000	 0.00000
990.80000	 0.00000	 0.00000
990.85000	 0.00000	 0.00000
990.90000	 0.00000	 0.00000
990.95000	 0.00000	 0.00000
991.00000	 0.00000	 0.00000
991.05000	 0.00000	 0.00000
991.10000	 0.00000	 0.00000
991.15000	 0.00000	 0.00000
991.20000	 0.00000	 0.00000
991.25000	 0.00000	 0.00000
991.30000	 0.00000	 0.00000
991.35000	 0.00000	 0.00000
991.40000	 0.00000	 0.00000
991.45000	 0.00000	 0.00000
991.50000	 0.00000	 0.00000
991.55000	 0.00000	 0.00000
991.60000	 0.00000	 0.00000
991.65000	 0.00000	 0.00000
991.70000	 0.00000	 0.00000
991.75000	 0.00000	 0.00000
991.80000	 0.00000	 0.00000
991.85000	 0.00000	 0.00000
991.90000	 0.00000	 0.00000
991.95000	 0.00000	 0.00000
992.00000	 0.00000	 0.00000
992.05000	 0.00000	 0.00000
992.10000	 0.00000	 0.00000
992.15000	 0.00000	 0.00000
992.20000	 0.00000	 0.00000
992.25000	 0.00000	 0.00000
992.30000	 0.00000	 0.00000
992.35000	 0.00000	 0.00000
992.40000	 0.00000	 0.00000
992.45000	 0.00000	 0.00000
992.50000	 0.00000	 0.00000
992.55000	 0.00000	 0.00000
992.60000	 0.00000	 0.00000
992.65000	 0.00000	 0.00000
992.70000	 0.00000	 0.00000
992.75000	 0.00000	 0.00000
992.80000	 0.00000	 0.00000
992.85000	 0.00000	 0.00000
992.90000	 0.00000	 0.00000
992.95000	 0.00000	 0.00000
993.00000	 0.00000	 0.00000
993.05000	 0.00000	 0.00000
993.10000	 0.00000	 0.00000
993.15000	 0.00000	 0.00000
993.20000	 0.00000	 0.00000
993.25000	 0.00000	 0.00000
993.30000	 0.00000	 0.00000
993.35000	 0.00000	 0.00000
993.40000	 0.00000	 0.00000
993.45000	 0.00000	 0.00000
993.50000	 0.00000	 0.00000
993.55000	 0.00000	 0.00000
993.60000	 0.00000	 0.00000
993.65000	 0.00000	 0.00000
993.70000	 0.00000	 0.00000
993.75000	 0.00000	 0.00000
993.80000	 0.00000	 0.00000
993.85000	 0.00000	 0.00000
993.90000	 0.00000	 0.00000
993.95000	 0.00000	 0.00000
994.00000	 0.00000	 0.00000
994.05000	 0.00000	 0.00000
994.10000	 0.00000	 0.00000
994.15000	 0.00000	 0.00000
994.20000	 0.00000	 0.00000
994.25000	 0.00000	 0.00000
994.30000	 0.00000	 0.00000
994.35000	 0.00000	 0.00000
994.40000	 0.00000	 0.00000
994.45000	 0.00000	 0.00000
994.50000	 0.00000	 0.00000
994.55000	 0.00000	 0.00000
994.60000	 0.00000	 0.00000
994.65000	 0.00000	 0.00000
994.70000	 0.00000	 0.00000
994.75000	 0.00000	 0.00000
994.80000	 0.00000	 0.00000
994.85000	 0.00000	 0.00000
994.90000	 0.00000	 0.00000
994.95000	 0.00000	 0.00000
995.00000	 0.00000	 0.00000
995.05000	 0.00000	 0.00000
995.10000	 0.00000	 0.00000
995.15000	 0.00000	 0.00000
995.20000	 0.00000	 0.00000
995.25000	 0.00000	 0.00000
995.30000	 0.00000	 0.00000
995.35000	 0.00000	 0.00000
995.40000	 0.00000	 0.00000
995.45000	 0.00000	 0.00000
995.50000	 0.00000	 0.00000
995.55000	 0.00000	 0.00000
995.60000	 0.00000	 0.00000
995.65000	 0.00000	 0.00000
995.70000	 0.00000	 0.00000
995.75000	 0.00000	 0.00000
995.80000	 0.00000	 0.00000
995.85000	 0.00000	 0.00000
995.90000	 0.00000	 0.00000
995.95000	 0.00000	 0.00000
996.00000	 0.00000	 0.00000
996.05000	 0.00000	 0.00000
996.10000	 0.00000	 0.00000
996.15000	 0.00000	 0.00000
996.20000	 0.00000	 0.00000
996.25000	 0.00000	 0.00000
996.30000	 0.00000	 0.00000
996.35000	 0.00000	 0.00000
996.40000	 0.00000	 0.00000
996.45000	 0.00000	 0.00000
996.50000	 0.00000	 0.00000
996.55000	 0.00000	 0.00000
996.60000	 0.00000	 0.00000
996.65000	 0.00000	 0.00000
996.70000	 0.00000	 0.00000
996.75000	 0.00000	 0.00000
996.80000	 0.00000	 0.00000
996.85000	 0.00000	 0.00000
996.90000	 0.00000	 0.00000
996.95000	 0.00000	 0.00000
997.00000	 0.00000	 0.00000
997.05000	 0.00000	 0.00000
997.10000	 0.00000	 0.00000
997.15000	 0.00000	 0.00000
997.20000	 0.00000	 0.00000
997.25000	 0.00000	 0.00000
997.30000	 0.00000	 0.00000
997.35000	 0.00000	 0.00000
997.40000	 0.00000	 0.00000
997.45000	 0.00000	 0.00000
997.50000	 0.00000	 0.00000
997.55000	 0.00000	 0.00000
997.60000	 0.00000	 0.00000
997.65000	 0.00000	 0.00000
997.70000	 0.00000	 0.00000
997.75000	 0.00000	 0.00000
997.80000	 0.00000	 0.00000
997.85000	 0.00000	 0.00000
997.90000	 0.00000	 0.00000
997.95000	 0.00000	 0.00000
998.00000	 0.00000	 0.00000
998.05000	 0.00000	 0.00000
998.10000	 0.00000	 0.00000
998.15000	 0.00000	 0.00000
998.20000	 0.00000	 0.00000
998.25000	 0.00000	 0.00000
998.30000	 0.00000	 0.00000
998.35000	 0.00000	 0.00000
998.40000	 0.00001	 0.00000
998.45000	 0.00001	 0.00000
998.50000	 0.00001	 0.00000
998.55000	 0.00001	 0.00000
998.60000	 0.00001	 0.00000
998.65000	 0.00001	 0.00000
998.70000	 0.00001	 0.00000
998.75000	 0.00001	 0.00000
998.80000	 0.00001	 0.00000
998.85000	 0.00001	 0.00000
998.90000	 0.00001	 0.00000
998.95000	 0.00001	 0.00000
999.00000	 0.00001	 0.00000
999.05000	 0.00001	 0.00000
999.10000	 0.00001	 0.00000
999.15000	 0.00001	 0.00000
999.20000	 0.00001	 0.00000
999.25000	 0.00001	 0.00000
999.30000	 0.00001	 0.00000
999.35000	 0.00001	 0.00000
999.40000	 0.00002	 0.00000
999.45000	 0.00002	 0.00000
999.50000	 0.00002	 0.00000
999.55000	 0.00002	 0.00000
999.60000	 0.00002	 0.00000
999.65000	 0.00002	 0.00000
999.70000	 0.00002	 0.00000
999.75000	 0.00002	 0.00000
999.80000	 0.00002	 0.00000
999.85000	 0.00003	 0.00000
999.90000	 0.00003	 0.00000
999.95000	 0.00003	 0.00000
1000.00000	 0.00003	 0.00000
