-5.000000	 -3.000000	 -0.590833	 -20.437500
-5.000000	 -2.950000	 -0.153334	 -20.445056
-5.000000	 -2.900000	 0.292190	 -20.434402
-5.000000	 -2.850000	 0.744908	 -20.405933
-5.000000	 -2.800000	 1.204010	 -20.360036
-5.000000	 -2.750000	 1.668705	 -20.297087
-5.000000	 -2.700000	 2.138224	 -20.217456
-5.000000	 -2.650000	 2.611815	 -20.121504
-5.000000	 -2.600000	 3.088747	 -20.009585
-5.000000	 -2.550000	 3.568305	 -19.882048
-5.000000	 -2.500000	 4.049792	 -19.739236
-5.000000	 -2.450000	 4.532526	 -19.581489
-5.000000	 -2.400000	 5.015843	 -19.409139
-5.000000	 -2.350000	 5.499095	 -19.222519
-5.000000	 -2.300000	 5.981650	 -19.021953
-5.000000	 -2.250000	 6.462890	 -18.807767
-5.000000	 -2.200000	 6.942213	 -18.580280
-5.000000	 -2.150000	 7.419031	 -18.339811
-5.000000	 -2.100000	 7.892773	 -18.086675
-5.000000	 -2.050000	 8.362881	 -17.821184
-5.000000	 -2.000000	 8.828810	 -17.543651
-5.000000	 -1.950000	 9.290031	 -17.254384
-5.000000	 -1.900000	 9.746029	 -16.953691
-5.000000	 -1.850000	 10.196302	 -16.641878
-5.000000	 -1.800000	 10.640364	 -16.319250
-5.000000	 -1.750000	 11.077739	 -15.986109
-5.000000	 -1.700000	 11.507968	 -15.642758
-5.000000	 -1.650000	 11.930605	 -15.289497
-5.000000	 -1.600000	 12.345215	 -14.926626
-5.000000	 -1.550000	 12.751380	 -14.554444
-5.000000	 -1.500000	 13.148693	 -14.173249
-5.000000	 -1.450000	 13.536760	 -13.783337
-5.000000	 -1.400000	 13.915203	 -13.385005
-5.000000	 -1.350000	 14.283654	 -12.978548
-5.000000	 -1.300000	 14.641759	 -12.564261
-5.000000	 -1.250000	 14.989180	 -12.142439
-5.000000	 -1.200000	 15.325587	 -11.713375
-5.000000	 -1.150000	 15.650668	 -11.277362
-5.000000	 -1.100000	 15.964120	 -10.834693
-5.000000	 -1.050000	 16.265656	 -10.385661
-5.000000	 -1.000000	 16.555000	 -9.930556
-5.000000	 -0.950000	 16.831890	 -9.469670
-5.000000	 -0.900000	 17.096077	 -9.003294
-5.000000	 -0.850000	 17.347323	 -8.531719
-5.000000	 -0.800000	 17.585406	 -8.055236
-5.000000	 -0.750000	 17.810114	 -7.574134
-5.000000	 -0.700000	 18.021250	 -7.088703
-5.000000	 -0.650000	 18.218629	 -6.599233
-5.000000	 -0.600000	 18.402077	 -6.106013
-5.000000	 -0.550000	 18.571436	 -5.609332
-5.000000	 -0.500000	 18.726559	 -5.109480
-5.000000	 -0.450000	 18.867312	 -4.606745
-5.000000	 -0.400000	 18.993575	 -4.101416
-5.000000	 -0.350000	 19.105237	 -3.593781
-5.000000	 -0.300000	 19.202205	 -3.084129
-5.000000	 -0.250000	 19.284394	 -2.572749
-5.000000	 -0.200000	 19.351736	 -2.059927
-5.000000	 -0.150000	 18.846429	 -1.193940
-5.000000	 -0.100000	 18.856741	 -0.796334
-5.000000	 -0.050000	 18.862934	 -0.398279
-5.000000	 -0.000000	 18.865000	 -0.000000
-5.000000	 0.050000	 18.862934	 0.398279
-5.000000	 0.100000	 18.856741	 0.796334
-5.000000	 0.150000	 18.846429	 1.193940
-5.000000	 0.200000	 19.351736	 2.059927
-5.000000	 0.250000	 19.284394	 2.572749
-5.000000	 0.300000	 19.202205	 3.084129
-5.000000	 0.350000	 19.105237	 3.593781
-5.000000	 0.400000	 18.993575	 4.101416
-5.000000	 0.450000	 18.867312	 4.606745
-5.000000	 0.500000	 18.726559	 5.109480
-5.000000	 0.550000	 18.571436	 5.609332
-5.000000	 0.600000	 18.402077	 6.106013
-5.000000	 0.650000	 18.218629	 6.599233
-5.000000	 0.700000	 18.021250	 7.088703
-5.000000	 0.750000	 17.810114	 7.574134
-5.000000	 0.800000	 17.585406	 8.055236
-5.000000	 0.850000	 17.347323	 8.531719
-5.000000	 0.900000	 17.096077	 9.003294
-5.000000	 0.950000	 16.831890	 9.469670
-5.000000	 1.000000	 16.555000	 9.930556
-5.000000	 1.050000	 16.265656	 10.385661
-5.000000	 1.100000	 15.964120	 10.834693
-5.000000	 1.150000	 15.650668	 11.277362
-5.000000	 1.200000	 15.325587	 11.713375
-5.000000	 1.250000	 14.989180	 12.142439
-5.000000	 1.300000	 14.641759	 12.564261
-5.000000	 1.350000	 14.283654	 12.978548
-5.000000	 1.400000	 13.915203	 13.385005
-5.000000	 1.450000	 13.536760	 13.783337
-5.000000	 1.500000	 13.148693	 14.173249
-5.000000	 1.550000	 12.751380	 14.554444
-5.000000	 1.600000	 12.345215	 14.926626
-5.000000	 1.650000	 11.930605	 15.289497
-5.000000	 1.700000	 11.507968	 15.642758
-5.000000	 1.750000	 11.077739	 15.986109
-5.000000	 1.800000	 10.640364	 16.319250
-5.000000	 1.850000	 10.196302	 16.641878
-5.000000	 1.900000	 9.746029	 16.953691
-5.000000	 1.950000	 9.290031	 17.254384
-5.000000	 2.000000	 8.828810	 17.543651
-5.000000	 2.050000	 8.362881	 17.821184
-5.000000	 2.100000	 7.892773	 18.086675
-5.000000	 2.150000	 7.419031	 18.339811
-5.000000	 2.200000	 6.942213	 18.580280
-5.000000	 2.250000	 6.462890	 18.807767
-5.000000	 2.300000	 5.981650	 19.021953
-5.000000	 2.350000	 5.499095	 19.222519
-5.000000	 2.400000	 5.015843	 19.409139
-5.000000	 2.450000	 4.532526	 19.581489
-5.000000	 2.500000	 4.049792	 19.739236
-5.000000	 2.550000	 3.568305	 19.882048
-5.000000	 2.600000	 3.088747	 20.009585
-5.000000	 2.650000	 2.611815	 20.121504
-5.000000	 2.700000	 2.138224	 20.217456
-5.000000	 2.750000	 1.668705	 20.297087
-5.000000	 2.800000	 1.204010	 20.360036
-5.000000	 2.850000	 0.744908	 20.405933
-5.000000	 2.900000	 0.292190	 20.434402
-5.000000	 2.950000	 -0.153334	 20.445056
-5.000000	 3.000000	 -0.590833	 20.437500
-4.950000	 -3.000000	 -0.847314	 -19.731500
-4.950000	 -2.950000	 -0.428314	 -19.750048
-4.950000	 -2.900000	 -0.000902	 -19.750366
-4.950000	 -2.850000	 0.434080	 -19.732860
-4.950000	 -2.800000	 0.875815	 -19.697924
-4.950000	 -2.750000	 1.323505	 -19.645943
-4.950000	 -2.700000	 1.776374	 -19.577290
-4.950000	 -2.650000	 2.233665	 -19.492332
-4.950000	 -2.600000	 2.694641	 -19.391428
-4.950000	 -2.550000	 3.158583	 -19.274931
-4.950000	 -2.500000	 3.624788	 -19.143186
-4.950000	 -2.450000	 4.092573	 -18.996536
-4.950000	 -2.400000	 4.561270	 -18.835316
-4.950000	 -2.350000	 5.030228	 -18.659860
-4.950000	 -2.300000	 5.498811	 -18.470496
-4.950000	 -2.250000	 5.966399	 -18.267548
-4.950000	 -2.200000	 6.432389	 -18.051338
-4.950000	 -2.150000	 6.896190	 -17.822185
-4.950000	 -2.100000	 7.357229	 -17.580404
-4.950000	 -2.050000	 7.814946	 -17.326310
-4.950000	 -2.000000	 8.268796	 -17.060214
-4.950000	 -1.950000	 8.718247	 -16.782425
-4.950000	 -1.900000	 9.162784	 -16.493251
-4.950000	 -1.850000	 9.601903	 -16.192997
-4.950000	 -1.800000	 10.035116	 -15.881968
-4.950000	 -1.750000	 10.461948	 -15.560467
-4.950000	 -1.700000	 10.881938	 -15.228794
-4.950000	 -1.650000	 11.294639	 -14.887251
-4.950000	 -1.600000	 11.699616	 -14.536136
-4.950000	 -1.550000	 12.096449	 -14.175748
-4.950000	 -1.500000	 12.484731	 -13.806383
-4.950000	 -1.450000	 12.864069	 -13.428338
-4.950000	 -1.400000	 13.234082	 -13.041908
-4.950000	 -1.350000	 13.594402	 -12.647387
-4.950000	 -1.300000	 13.944676	 -12.245070
-4.950000	 -1.250000	 14.284564	 -11.835250
-4.950000	 -1.200000	 14.613736	 -11.418219
-4.950000	 -1.150000	 14.931880	 -10.994270
-4.950000	 -1.100000	 15.238692	 -10.563694
-4.950000	 -1.050000	 15.533885	 -10.126783
-4.950000	 -1.000000	 15.817184	 -9.683826
-4.950000	 -0.950000	 16.088324	 -9.235114
-4.950000	 -0.900000	 16.347057	 -8.780937
-4.950000	 -0.850000	 16.593146	 -8.321584
-4.950000	 -0.800000	 16.826368	 -7.857345
-4.950000	 -0.750000	 17.046510	 -7.388508
-4.950000	 -0.700000	 17.253375	 -6.915362
-4.950000	 -0.650000	 17.446778	 -6.438196
-4.950000	 -0.600000	 17.626546	 -5.957297
-4.950000	 -0.550000	 17.792520	 -5.472953
-4.950000	 -0.500000	 17.944552	 -4.985452
-4.950000	 -0.450000	 18.082510	 -4.495081
-4.950000	 -0.400000	 18.206270	 -4.002129
-4.950000	 -0.350000	 18.315726	 -3.506882
-4.950000	 -0.300000	 18.410781	 -3.009626
-4.950000	 -0.250000	 18.491352	 -2.510651
-4.950000	 -0.200000	 18.557370	 -2.010241
-4.950000	 -0.150000	 18.057649	 -1.162682
-4.950000	 -0.100000	 18.067732	 -0.775493
-4.950000	 -0.050000	 18.073789	 -0.387858
-4.950000	 -0.000000	 18.075809	 -0.000000
-4.950000	 0.050000	 18.073789	 0.387858
-4.950000	 0.100000	 18.067732	 0.775493
-4.950000	 0.150000	 18.057649	 1.162682
-4.950000	 0.200000	 18.557370	 2.010241
-4.950000	 0.250000	 18.491352	 2.510651
-4.950000	 0.300000	 18.410781	 3.009626
-4.950000	 0.350000	 18.315726	 3.506882
-4.950000	 0.400000	 18.206270	 4.002129
-4.950000	 0.450000	 18.082510	 4.495081
-4.950000	 0.500000	 17.944552	 4.985452
-4.950000	 0.550000	 17.792520	 5.472953
-4.950000	 0.600000	 17.626546	 5.957297
-4.950000	 0.650000	 17.446778	 6.438196
-4.950000	 0.700000	 17.253375	 6.915362
-4.950000	 0.750000	 17.046510	 7.388508
-4.950000	 0.800000	 16.826368	 7.857345
-4.950000	 0.850000	 16.593146	 8.321584
-4.950000	 0.900000	 16.347057	 8.780937
-4.950000	 0.950000	 16.088324	 9.235114
-4.950000	 1.000000	 15.817184	 9.683826
-4.950000	 1.050000	 15.533885	 10.126783
-4.950000	 1.100000	 15.238692	 10.563694
-4.950000	 1.150000	 14.931880	 10.994270
-4.950000	 1.200000	 14.613736	 11.418219
-4.950000	 1.250000	 14.284564	 11.835250
-4.950000	 1.300000	 13.944676	 12.245070
-4.950000	 1.350000	 13.594402	 12.647387
-4.950000	 1.400000	 13.234082	 13.041908
-4.950000	 1.450000	 12.864069	 13.428338
-4.950000	 1.500000	 12.484731	 13.806383
-4.950000	 1.550000	 12.096449	 14.175748
-4.950000	 1.600000	 11.699616	 14.536136
-4.950000	 1.650000	 11.294639	 14.887251
-4.950000	 1.700000	 10.881938	 15.228794
-4.950000	 1.750000	 10.461948	 15.560467
-4.950000	 1.800000	 10.035116	 15.881968
-4.950000	 1.850000	 9.601903	 16.192997
-4.950000	 1.900000	 9.162784	 16.493251
-4.950000	 1.950000	 8.718247	 16.782425
-4.950000	 2.000000	 8.268796	 17.060214
-4.950000	 2.050000	 7.814946	 17.326310
-4.950000	 2.100000	 7.357229	 17.580404
-4.950000	 2.150000	 6.896190	 17.822185
-4.950000	 2.200000	 6.432389	 18.051338
-4.950000	 2.250000	 5.966399	 18.267548
-4.950000	 2.300000	 5.498811	 18.470496
-4.950000	 2.350000	 5.030228	 18.659860
-4.950000	 2.400000	 4.561270	 18.835316
-4.950000	 2.450000	 4.092573	 18.996536
-4.950000	 2.500000	 3.624788	 19.143186
-4.950000	 2.550000	 3.158583	 19.274931
-4.950000	 2.600000	 2.694641	 19.391428
-4.950000	 2.650000	 2.233665	 19.492332
-4.950000	 2.700000	 1.776374	 19.577290
-4.950000	 2.750000	 1.323505	 19.645943
-4.950000	 2.800000	 0.875815	 19.697924
-4.950000	 2.850000	 0.434080	 19.732860
-4.950000	 2.900000	 -0.000902	 19.750366
-4.950000	 2.950000	 -0.428314	 19.750048
-4.950000	 3.000000	 -0.847314	 19.731500
-4.900000	 -3.000000	 -1.083098	 -19.036033
-4.900000	 -2.950000	 -0.682501	 -19.065482
-4.900000	 -2.900000	 -0.273100	 -19.076671
-4.900000	 -2.850000	 0.144254	 -19.070018
-4.900000	 -2.800000	 0.568733	 -19.045925
-4.900000	 -2.750000	 0.999533	 -19.004784
-4.900000	 -2.700000	 1.435869	 -18.946977
-4.900000	 -2.650000	 1.876979	 -18.872874
-4.900000	 -2.600000	 2.322119	 -18.782841
-4.900000	 -2.550000	 2.770565	 -18.677234
-4.900000	 -2.500000	 3.221612	 -18.556404
-4.900000	 -2.450000	 3.674570	 -18.420694
-4.900000	 -2.400000	 4.128768	 -18.270445
-4.900000	 -2.350000	 4.583552	 -18.105991
-4.900000	 -2.300000	 5.038283	 -17.927661
-4.900000	 -2.250000	 5.492339	 -17.735783
-4.900000	 -2.200000	 5.945113	 -17.530680
-4.900000	 -2.150000	 6.396013	 -17.312670
-4.900000	 -2.100000	 6.844464	 -17.082071
-4.900000	 -2.050000	 7.289904	 -16.839198
-4.900000	 -2.000000	 7.731785	 -16.584362
-4.900000	 -1.950000	 8.169576	 -16.317872
-4.900000	 -1.900000	 8.602758	 -16.040036
-4.900000	 -1.850000	 9.030828	 -15.751160
-4.900000	 -1.800000	 9.453296	 -15.451548
-4.900000	 -1.750000	 9.869685	 -15.141503
-4.900000	 -1.700000	 10.279535	 -14.821326
-4.900000	 -1.650000	 10.682395	 -14.491315
-4.900000	 -1.600000	 11.077832	 -14.151771
-4.900000	 -1.550000	 11.465425	 -13.802990
-4.900000	 -1.500000	 11.844765	 -13.445268
-4.900000	 -1.450000	 12.215458	 -13.078902
-4.900000	 -1.400000	 12.577124	 -12.704186
-4.900000	 -1.350000	 12.929394	 -12.321413
-4.900000	 -1.300000	 13.271914	 -11.930877
-4.900000	 -1.250000	 13.604343	 -11.532869
-4.900000	 -1.200000	 13.926353	 -11.127682
-4.900000	 -1.150000	 14.237629	 -10.715606
-4.900000	 -1.100000	 14.537868	 -10.296933
-4.900000	 -1.050000	 14.826782	 -9.871951
-4.900000	 -1.000000	 15.104094	 -9.440951
-4.900000	 -0.950000	 15.369543	 -9.004222
-4.900000	 -0.900000	 15.622878	 -8.562052
-4.900000	 -0.850000	 15.863862	 -8.114729
-4.900000	 -0.800000	 16.092271	 -7.662542
-4.900000	 -0.750000	 16.307893	 -7.205779
-4.900000	 -0.700000	 16.510531	 -6.744725
-4.900000	 -0.650000	 16.699999	 -6.279670
-4.900000	 -0.600000	 16.876124	 -5.810899
-4.900000	 -0.550000	 17.038746	 -5.338699
-4.900000	 -0.500000	 17.187719	 -4.863356
-4.900000	 -0.450000	 17.322909	 -4.385158
-4.900000	 -0.400000	 17.444194	 -3.904389
-4.900000	 -0.350000	 17.551465	 -3.421336
-4.900000	 -0.300000	 17.644627	 -2.936284
-4.900000	 -0.250000	 17.723596	 -2.449520
-4.900000	 -0.200000	 17.788304	 -1.961328
-4.900000	 -0.150000	 17.294178	 -1.131937
-4.900000	 -0.100000	 17.304035	 -0.754994
-4.900000	 -0.050000	 17.309956	 -0.377608
-4.900000	 -0.000000	 17.311930	 -0.000000
-4.900000	 0.050000	 17.309956	 0.377608
-4.900000	 0.100000	 17.304035	 0.754994
-4.900000	 0.150000	 17.294178	 1.131937
-4.900000	 0.200000	 17.788304	 1.961328
-4.900000	 0.250000	 17.723596	 2.449520
-4.900000	 0.300000	 17.644627	 2.936284
-4.900000	 0.350000	 17.551465	 3.421336
-4.900000	 0.400000	 17.444194	 3.904389
-4.900000	 0.450000	 17.322909	 4.385158
-4.900000	 0.500000	 17.187719	 4.863356
-4.900000	 0.550000	 17.038746	 5.338699
-4.900000	 0.600000	 16.876124	 5.810899
-4.900000	 0.650000	 16.699999	 6.279670
-4.900000	 0.700000	 16.510531	 6.744725
-4.900000	 0.750000	 16.307893	 7.205779
-4.900000	 0.800000	 16.092271	 7.662542
-4.900000	 0.850000	 15.863862	 8.114729
-4.900000	 0.900000	 15.622878	 8.562052
-4.900000	 0.950000	 15.369543	 9.004222
-4.900000	 1.000000	 15.104094	 9.440951
-4.900000	 1.050000	 14.826782	 9.871951
-4.900000	 1.100000	 14.537868	 10.296933
-4.900000	 1.150000	 14.237629	 10.715606
-4.900000	 1.200000	 13.926353	 11.127682
-4.900000	 1.250000	 13.604343	 11.532869
-4.900000	 1.300000	 13.271914	 11.930877
-4.900000	 1.350000	 12.929394	 12.321413
-4.900000	 1.400000	 12.577124	 12.704186
-4.900000	 1.450000	 12.215458	 13.078902
-4.900000	 1.500000	 11.844765	 13.445268
-4.900000	 1.550000	 11.465425	 13.802990
-4.900000	 1.600000	 11.077832	 14.151771
-4.900000	 1.650000	 10.682395	 14.491315
-4.900000	 1.700000	 10.279535	 14.821326
-4.900000	 1.750000	 9.869685	 15.141503
-4.900000	 1.800000	 9.453296	 15.451548
-4.900000	 1.850000	 9.030828	 15.751160
-4.900000	 1.900000	 8.602758	 16.040036
-4.900000	 1.950000	 8.169576	 16.317872
-4.900000	 2.000000	 7.731785	 16.584362
-4.900000	 2.050000	 7.289904	 16.839198
-4.900000	 2.100000	 6.844464	 17.082071
-4.900000	 2.150000	 6.396013	 17.312670
-4.900000	 2.200000	 5.945113	 17.530680
-4.900000	 2.250000	 5.492339	 17.735783
-4.900000	 2.300000	 5.038283	 17.927661
-4.900000	 2.350000	 4.583552	 18.105991
-4.900000	 2.400000	 4.128768	 18.270445
-4.900000	 2.450000	 3.674570	 18.420694
-4.900000	 2.500000	 3.221612	 18.556404
-4.900000	 2.550000	 2.770565	 18.677234
-4.900000	 2.600000	 2.322119	 18.782841
-4.900000	 2.650000	 1.876979	 18.872874
-4.900000	 2.700000	 1.435869	 18.946977
-4.900000	 2.750000	 0.999533	 19.004784
-4.900000	 2.800000	 0.568733	 19.045925
-4.900000	 2.850000	 0.144254	 19.070018
-4.900000	 2.900000	 -0.273100	 19.076671
-4.900000	 2.950000	 -0.682501	 19.065482
-4.900000	 3.000000	 -1.083098	 19.036033
-4.850000	 -3.000000	 -1.298657	 -18.350905
-4.850000	 -2.950000	 -0.916376	 -18.391176
-4.850000	 -2.900000	 -0.524891	 -18.413147
-4.850000	 -2.850000	 -0.125065	 -18.417246
-4.850000	 -2.800000	 0.282265	 -18.403886
-4.850000	 -2.750000	 0.696283	 -18.373467
-4.850000	 -2.700000	 1.116199	 -18.326379
-4.850000	 -2.650000	 1.541242	 -18.263000
-4.850000	 -2.600000	 1.970663	 -18.183700
-4.850000	 -2.550000	 2.403732	 -18.088841
-4.850000	 -2.500000	 2.839738	 -17.978777
-4.850000	 -2.450000	 3.277988	 -17.853857
-4.850000	 -2.400000	 3.717806	 -17.714422
-4.850000	 -2.350000	 4.158535	 -17.560810
-4.850000	 -2.300000	 4.599532	 -17.393354
-4.850000	 -2.250000	 5.040173	 -17.212381
-4.850000	 -2.200000	 5.479848	 -17.018217
-4.850000	 -2.150000	 5.917962	 -16.811182
-4.850000	 -2.100000	 6.353939	 -16.591594
-4.850000	 -2.050000	 6.787213	 -16.359769
-4.850000	 -2.000000	 7.217236	 -16.116017
-4.850000	 -1.950000	 7.643475	 -15.860650
-4.850000	 -1.900000	 8.065409	 -15.593976
-4.850000	 -1.850000	 8.482534	 -15.316299
-4.850000	 -1.800000	 8.894359	 -15.027925
-4.850000	 -1.750000	 9.300406	 -14.729155
-4.850000	 -1.700000	 9.700211	 -14.420290
-4.850000	 -1.650000	 10.093327	 -14.101630
-4.850000	 -1.600000	 10.479317	 -13.773472
-4.850000	 -1.550000	 10.857759	 -13.436114
-4.850000	 -1.500000	 11.228245	 -13.089852
-4.850000	 -1.450000	 11.590379	 -12.734979
-4.850000	 -1.400000	 11.943780	 -12.371790
-4.850000	 -1.350000	 12.288080	 -12.000578
-4.850000	 -1.300000	 12.622924	 -11.621636
-4.850000	 -1.250000	 12.947969	 -11.235253
-4.850000	 -1.200000	 13.262888	 -10.841721
-4.850000	 -1.150000	 13.567364	 -10.441331
-4.850000	 -1.100000	 13.861096	 -10.034371
-4.850000	 -1.050000	 14.143794	 -9.621131
-4.850000	 -1.000000	 14.415182	 -9.201898
-4.850000	 -0.950000	 14.674997	 -8.776962
-4.850000	 -0.900000	 14.922988	 -8.346609
-4.850000	 -0.850000	 15.158918	 -7.911126
-4.850000	 -0.800000	 15.382563	 -7.470801
-4.850000	 -0.750000	 15.593712	 -7.025920
-4.850000	 -0.700000	 15.792165	 -6.576769
-4.850000	 -0.650000	 15.977738	 -6.123634
-4.850000	 -0.600000	 16.150258	 -5.666800
-4.850000	 -0.550000	 16.309563	 -5.206553
-4.850000	 -0.500000	 16.455508	 -4.743177
-4.850000	 -0.450000	 16.587959	 -4.276959
-4.850000	 -0.400000	 16.706793	 -3.808182
-4.850000	 -0.350000	 16.811902	 -3.337132
-4.850000	 -0.300000	 16.903190	 -2.864092
-4.850000	 -0.250000	 16.980575	 -2.389347
-4.850000	 -0.200000	 17.043985	 -1.913182
-4.850000	 -0.150000	 16.555464	 -1.101699
-4.850000	 -0.100000	 16.565097	 -0.734833
-4.850000	 -0.050000	 16.570883	 -0.367527
-4.850000	 -0.000000	 16.572812	 -0.000000
-4.850000	 0.050000	 16.570883	 0.367527
-4.850000	 0.100000	 16.565097	 0.734833
-4.850000	 0.150000	 16.555464	 1.101699
-4.850000	 0.200000	 17.043985	 1.913182
-4.850000	 0.250000	 16.980575	 2.389347
-4.850000	 0.300000	 16.903190	 2.864092
-4.850000	 0.350000	 16.811902	 3.337132
-4.850000	 0.400000	 16.706793	 3.808182
-4.850000	 0.450000	 16.587959	 4.276959
-4.850000	 0.500000	 16.455508	 4.743177
-4.850000	 0.550000	 16.309563	 5.206553
-4.850000	 0.600000	 16.150258	 5.666800
-4.850000	 0.650000	 15.977738	 6.123634
-4.850000	 0.700000	 15.792165	 6.576769
-4.850000	 0.750000	 15.593712	 7.025920
-4.850000	 0.800000	 15.382563	 7.470801
-4.850000	 0.850000	 15.158918	 7.911126
-4.850000	 0.900000	 14.922988	 8.346609
-4.850000	 0.950000	 14.674997	 8.776962
-4.850000	 1.000000	 14.415182	 9.201898
-4.850000	 1.050000	 14.143794	 9.621131
-4.850000	 1.100000	 13.861096	 10.034371
-4.850000	 1.150000	 13.567364	 10.441331
-4.850000	 1.200000	 13.262888	 10.841721
-4.850000	 1.250000	 12.947969	 11.235253
-4.850000	 1.300000	 12.622924	 11.621636
-4.850000	 1.350000	 12.288080	 12.000578
-4.850000	 1.400000	 11.943780	 12.371790
-4.850000	 1.450000	 11.590379	 12.734979
-4.850000	 1.500000	 11.228245	 13.089852
-4.850000	 1.550000	 10.857759	 13.436114
-4.850000	 1.600000	 10.479317	 13.773472
-4.850000	 1.650000	 10.093327	 14.101630
-4.850000	 1.700000	 9.700211	 14.420290
-4.850000	 1.750000	 9.300406	 14.729155
-4.850000	 1.800000	 8.894359	 15.027925
-4.850000	 1.850000	 8.482534	 15.316299
-4.850000	 1.900000	 8.065409	 15.593976
-4.850000	 1.950000	 7.643475	 15.860650
-4.850000	 2.000000	 7.217236	 16.116017
-4.850000	 2.050000	 6.787213	 16.359769
-4.850000	 2.100000	 6.353939	 16.591594
-4.850000	 2.150000	 5.917962	 16.811182
-4.850000	 2.200000	 5.479848	 17.018217
-4.850000	 2.250000	 5.040173	 17.212381
-4.850000	 2.300000	 4.599532	 17.393354
-4.850000	 2.350000	 4.158535	 17.560810
-4.850000	 2.400000	 3.717806	 17.714422
-4.850000	 2.450000	 3.277988	 17.853857
-4.850000	 2.500000	 2.839738	 17.978777
-4.850000	 2.550000	 2.403732	 18.088841
-4.850000	 2.600000	 1.970663	 18.183700
-4.850000	 2.650000	 1.541242	 18.263000
-4.850000	 2.700000	 1.116199	 18.326379
-4.850000	 2.750000	 0.696283	 18.373467
-4.850000	 2.800000	 0.282265	 18.403886
-4.850000	 2.850000	 -0.125065	 18.417246
-4.850000	 2.900000	 -0.524891	 18.413147
-4.850000	 2.950000	 -0.916376	 18.391176
-4.850000	 3.000000	 -1.298657	 18.350905
-4.800000	 -3.000000	 -1.494445	 -17.675909
-4.800000	 -2.950000	 -1.130403	 -17.726940
-4.800000	 -2.900000	 -0.756749	 -17.759615
-4.800000	 -2.850000	 -0.374358	 -17.774377
-4.800000	 -2.800000	 0.015919	 -17.771649
-4.800000	 -2.750000	 0.413259	 -17.751843
-4.800000	 -2.700000	 0.816862	 -17.715357
-4.800000	 -2.650000	 1.225949	 -17.662577
-4.800000	 -2.600000	 1.639763	 -17.593878
-4.800000	 -2.550000	 2.057569	 -17.509630
-4.800000	 -2.500000	 2.478650	 -17.410190
-4.800000	 -2.450000	 2.902308	 -17.295912
-4.800000	 -2.400000	 3.327863	 -17.167141
-4.800000	 -2.350000	 3.754653	 -17.024217
-4.800000	 -2.300000	 4.182033	 -16.867477
-4.800000	 -2.250000	 4.609374	 -16.697249
-4.800000	 -2.200000	 5.036064	 -16.513861
-4.800000	 -2.150000	 5.461506	 -16.317635
-4.800000	 -2.100000	 5.885120	 -16.108890
-4.800000	 -2.050000	 6.306339	 -15.887942
-4.800000	 -2.000000	 6.724614	 -15.655104
-4.800000	 -1.950000	 7.139408	 -15.410686
-4.800000	 -1.900000	 7.550200	 -15.154998
-4.800000	 -1.850000	 7.956483	 -14.888345
-4.800000	 -1.800000	 8.357766	 -14.611030
-4.800000	 -1.750000	 8.753569	 -14.323357
-4.800000	 -1.700000	 9.143429	 -14.025626
-4.800000	 -1.650000	 9.526895	 -13.718135
-4.800000	 -1.600000	 9.903530	 -13.401183
-4.800000	 -1.550000	 10.272911	 -13.075066
-4.800000	 -1.500000	 10.634630	 -12.740080
-4.800000	 -1.450000	 10.988290	 -12.396517
-4.800000	 -1.400000	 11.333509	 -12.044672
-4.800000	 -1.350000	 11.669918	 -11.684836
-4.800000	 -1.300000	 11.997162	 -11.317302
-4.800000	 -1.250000	 12.314897	 -10.942358
-4.800000	 -1.200000	 12.622796	 -10.560296
-4.800000	 -1.150000	 12.920542	 -10.171404
-4.800000	 -1.100000	 13.207833	 -9.775971
-4.800000	 -1.050000	 13.484378	 -9.374285
-4.800000	 -1.000000	 13.749902	 -8.966633
-4.800000	 -0.950000	 14.004140	 -8.553301
-4.800000	 -0.900000	 14.246842	 -8.134577
-4.800000	 -0.850000	 14.477771	 -7.710747
-4.800000	 -0.800000	 14.696701	 -7.282095
-4.800000	 -0.750000	 14.903422	 -6.848908
-4.800000	 -0.700000	 15.097734	 -6.411470
-4.800000	 -0.650000	 15.279452	 -5.970065
-4.800000	 -0.600000	 15.448403	 -5.524979
-4.800000	 -0.550000	 15.604426	 -5.076495
-4.800000	 -0.500000	 15.747374	 -4.624898
-4.800000	 -0.450000	 15.877114	 -4.170470
-4.800000	 -0.400000	 15.993523	 -3.713496
-4.800000	 -0.350000	 16.096492	 -3.254258
-4.800000	 -0.300000	 16.185926	 -2.793040
-4.800000	 -0.250000	 16.261742	 -2.330126
-4.800000	 -0.200000	 16.323869	 -1.865797
-4.800000	 -0.150000	 15.840962	 -1.071963
-4.800000	 -0.100000	 15.850372	 -0.715007
-4.800000	 -0.050000	 15.856024	 -0.357613
-4.800000	 -0.000000	 15.857909	 -0.000000
-4.800000	 0.050000	 15.856024	 0.357613
-4.800000	 0.100000	 15.850372	 0.715007
-4.800000	 0.150000	 15.840962	 1.071963
-4.800000	 0.200000	 16.323869	 1.865797
-4.800000	 0.250000	 16.261742	 2.330126
-4.800000	 0.300000	 16.185926	 2.793040
-4.800000	 0.350000	 16.096492	 3.254258
-4.800000	 0.400000	 15.993523	 3.713496
-4.800000	 0.450000	 15.877114	 4.170470
-4.800000	 0.500000	 15.747374	 4.624898
-4.800000	 0.550000	 15.604426	 5.076495
-4.800000	 0.600000	 15.448403	 5.524979
-4.800000	 0.650000	 15.279452	 5.970065
-4.800000	 0.700000	 15.097734	 6.411470
-4.800000	 0.750000	 14.903422	 6.848908
-4.800000	 0.800000	 14.696701	 7.282095
-4.800000	 0.850000	 14.477771	 7.710747
-4.800000	 0.900000	 14.246842	 8.134577
-4.800000	 0.950000	 14.004140	 8.553301
-4.800000	 1.000000	 13.749902	 8.966633
-4.800000	 1.050000	 13.484378	 9.374285
-4.800000	 1.100000	 13.207833	 9.775971
-4.800000	 1.150000	 12.920542	 10.171404
-4.800000	 1.200000	 12.622796	 10.560296
-4.800000	 1.250000	 12.314897	 10.942358
-4.800000	 1.300000	 11.997162	 11.317302
-4.800000	 1.350000	 11.669918	 11.684836
-4.800000	 1.400000	 11.333509	 12.044672
-4.800000	 1.450000	 10.988290	 12.396517
-4.800000	 1.500000	 10.634630	 12.740080
-4.800000	 1.550000	 10.272911	 13.075066
-4.800000	 1.600000	 9.903530	 13.401183
-4.800000	 1.650000	 9.526895	 13.718135
-4.800000	 1.700000	 9.143429	 14.025626
-4.800000	 1.750000	 8.753569	 14.323357
-4.800000	 1.800000	 8.357766	 14.611030
-4.800000	 1.850000	 7.956483	 14.888345
-4.800000	 1.900000	 7.550200	 15.154998
-4.800000	 1.950000	 7.139408	 15.410686
-4.800000	 2.000000	 6.724614	 15.655104
-4.800000	 2.050000	 6.306339	 15.887942
-4.800000	 2.100000	 5.885120	 16.108890
-4.800000	 2.150000	 5.461506	 16.317635
-4.800000	 2.200000	 5.036064	 16.513861
-4.800000	 2.250000	 4.609374	 16.697249
-4.800000	 2.300000	 4.182033	 16.867477
-4.800000	 2.350000	 3.754653	 17.024217
-4.800000	 2.400000	 3.327863	 17.167141
-4.800000	 2.450000	 2.902308	 17.295912
-4.800000	 2.500000	 2.478650	 17.410190
-4.800000	 2.550000	 2.057569	 17.509630
-4.800000	 2.600000	 1.639763	 17.593878
-4.800000	 2.650000	 1.225949	 17.662577
-4.800000	 2.700000	 0.816862	 17.715357
-4.800000	 2.750000	 0.413259	 17.751843
-4.800000	 2.800000	 0.015919	 17.771649
-4.800000	 2.850000	 -0.374358	 17.774377
-4.800000	 2.900000	 -0.756749	 17.759615
-4.800000	 2.950000	 -1.130403	 17.726940
-4.800000	 3.000000	 -1.494445	 17.675909
-4.750000	 -3.000000	 -1.670900	 -17.010828
-4.750000	 -2.950000	 -1.325034	 -17.072571
-4.750000	 -2.900000	 -0.969135	 -17.115887
-4.750000	 -2.850000	 -0.604097	 -17.141234
-4.750000	 -2.800000	 -0.230780	 -17.149050
-4.750000	 -2.750000	 0.149978	 -17.139757
-4.750000	 -2.700000	 0.537369	 -17.113764
-4.750000	 -2.650000	 0.930604	 -17.071465
-4.750000	 -2.600000	 1.328919	 -17.013244
-4.750000	 -2.550000	 1.731573	 -16.939475
-4.750000	 -2.500000	 2.137840	 -16.850524
-4.750000	 -2.450000	 2.547019	 -16.746746
-4.750000	 -2.400000	 2.958424	 -16.628493
-4.750000	 -2.350000	 3.371390	 -16.496108
-4.750000	 -2.300000	 3.785266	 -16.349930
-4.750000	 -2.250000	 4.199420	 -16.190290
-4.750000	 -2.200000	 4.613238	 -16.017519
-4.750000	 -2.150000	 5.026120	 -15.831939
-4.750000	 -2.100000	 5.437482	 -15.633872
-4.750000	 -2.050000	 5.846756	 -15.423635
-4.750000	 -2.000000	 6.253390	 -15.201542
-4.750000	 -1.950000	 6.656845	 -14.967904
-4.750000	 -1.900000	 7.056600	 -14.723030
-4.750000	 -1.850000	 7.452144	 -14.467227
-4.750000	 -1.800000	 7.842986	 -14.200798
-4.750000	 -1.750000	 8.228644	 -13.924045
-4.750000	 -1.700000	 8.608654	 -13.637270
-4.750000	 -1.650000	 8.982564	 -13.340771
-4.750000	 -1.600000	 9.349936	 -13.034846
-4.750000	 -1.550000	 9.710346	 -12.719790
-4.750000	 -1.500000	 10.063384	 -12.395898
-4.750000	 -1.450000	 10.408654	 -12.063465
-4.750000	 -1.400000	 10.745773	 -11.722781
-4.750000	 -1.350000	 11.074371	 -11.374139
-4.750000	 -1.300000	 11.394091	 -11.017830
-4.750000	 -1.250000	 11.704591	 -10.654142
-4.750000	 -1.200000	 12.005542	 -10.283365
-4.750000	 -1.150000	 12.296626	 -9.905787
-4.750000	 -1.100000	 12.577541	 -9.521696
-4.750000	 -1.050000	 12.847997	 -9.131378
-4.750000	 -1.000000	 13.107716	 -8.735120
-4.750000	 -0.950000	 13.356435	 -8.333208
-4.750000	 -0.900000	 13.593902	 -7.925927
-4.750000	 -0.850000	 13.819881	 -7.513562
-4.750000	 -0.800000	 14.034145	 -7.096396
-4.750000	 -0.750000	 14.236484	 -6.674716
-4.750000	 -0.700000	 14.426698	 -6.248804
-4.750000	 -0.650000	 14.604601	 -5.818943
-4.750000	 -0.600000	 14.770020	 -5.385417
-4.750000	 -0.550000	 14.922795	 -4.948509
-4.750000	 -0.500000	 15.062778	 -4.508501
-4.750000	 -0.450000	 15.189835	 -4.065676
-4.750000	 -0.400000	 15.303844	 -3.620316
-4.750000	 -0.350000	 15.404696	 -3.172703
-4.750000	 -0.300000	 15.492295	 -2.723119
-4.750000	 -0.250000	 15.566558	 -2.271846
-4.750000	 -0.200000	 15.627415	 -1.819166
-4.750000	 -0.150000	 15.150131	 -1.042723
-4.750000	 -0.100000	 15.159320	 -0.695512
-4.750000	 -0.050000	 15.164840	 -0.347865
-4.750000	 -0.000000	 15.166682	 -0.000000
-4.750000	 0.050000	 15.164840	 0.347865
-4.750000	 0.100000	 15.159320	 0.695512
-4.750000	 0.150000	 15.150131	 1.042723
-4.750000	 0.200000	 15.627415	 1.819166
-4.750000	 0.250000	 15.566558	 2.271846
-4.750000	 0.300000	 15.492295	 2.723119
-4.750000	 0.350000	 15.404696	 3.172703
-4.750000	 0.400000	 15.303844	 3.620316
-4.750000	 0.450000	 15.189835	 4.065676
-4.750000	 0.500000	 15.062778	 4.508501
-4.750000	 0.550000	 14.922795	 4.948509
-4.750000	 0.600000	 14.770020	 5.385417
-4.750000	 0.650000	 14.604601	 5.818943
-4.750000	 0.700000	 14.426698	 6.248804
-4.750000	 0.750000	 14.236484	 6.674716
-4.750000	 0.800000	 14.034145	 7.096396
-4.750000	 0.850000	 13.819881	 7.513562
-4.750000	 0.900000	 13.593902	 7.925927
-4.750000	 0.950000	 13.356435	 8.333208
-4.750000	 1.000000	 13.107716	 8.735120
-4.750000	 1.050000	 12.847997	 9.131378
-4.750000	 1.100000	 12.577541	 9.521696
-4.750000	 1.150000	 12.296626	 9.905787
-4.750000	 1.200000	 12.005542	 10.283365
-4.750000	 1.250000	 11.704591	 10.654142
-4.750000	 1.300000	 11.394091	 11.017830
-4.750000	 1.350000	 11.074371	 11.374139
-4.750000	 1.400000	 10.745773	 11.722781
-4.750000	 1.450000	 10.408654	 12.063465
-4.750000	 1.500000	 10.063384	 12.395898
-4.750000	 1.550000	 9.710346	 12.719790
-4.750000	 1.600000	 9.349936	 13.034846
-4.750000	 1.650000	 8.982564	 13.340771
-4.750000	 1.700000	 8.608654	 13.637270
-4.750000	 1.750000	 8.228644	 13.924045
-4.750000	 1.800000	 7.842986	 14.200798
-4.750000	 1.850000	 7.452144	 14.467227
-4.750000	 1.900000	 7.056600	 14.723030
-4.750000	 1.950000	 6.656845	 14.967904
-4.750000	 2.000000	 6.253390	 15.201542
-4.750000	 2.050000	 5.846756	 15.423635
-4.750000	 2.100000	 5.437482	 15.633872
-4.750000	 2.150000	 5.026120	 15.831939
-4.750000	 2.200000	 4.613238	 16.017519
-4.750000	 2.250000	 4.199420	 16.190290
-4.750000	 2.300000	 3.785266	 16.349930
-4.750000	 2.350000	 3.371390	 16.496108
-4.750000	 2.400000	 2.958424	 16.628493
-4.750000	 2.450000	 2.547019	 16.746746
-4.750000	 2.500000	 2.137840	 16.850524
-4.750000	 2.550000	 1.731573	 16.939475
-4.750000	 2.600000	 1.328919	 17.013244
-4.750000	 2.650000	 0.930604	 17.071465
-4.750000	 2.700000	 0.537369	 17.113764
-4.750000	 2.750000	 0.149978	 17.139757
-4.750000	 2.800000	 -0.230780	 17.149050
-4.750000	 2.850000	 -0.604097	 17.141234
-4.750000	 2.900000	 -0.969135	 17.115887
-4.750000	 2.950000	 -1.325034	 17.072571
-4.750000	 3.000000	 -1.670900	 17.010828
-4.700000	 -3.000000	 -1.828442	 -16.355428
-4.700000	 -2.950000	 -1.500700	 -16.427854
-4.700000	 -2.900000	 -1.162494	 -16.481763
-4.700000	 -2.850000	 -0.814735	 -16.517631
-4.700000	 -2.800000	 -0.458298	 -16.535914
-4.700000	 -2.750000	 -0.094032	 -16.537045
-4.700000	 -2.700000	 0.277240	 -16.521446
-4.700000	 -2.650000	 0.654723	 -16.489520
-4.700000	 -2.600000	 1.037642	 -16.441660
-4.700000	 -2.550000	 1.425248	 -16.378248
-4.700000	 -2.500000	 1.816810	 -16.299655
-4.700000	 -2.450000	 2.211619	 -16.206243
-4.700000	 -2.400000	 2.608985	 -16.098368
-4.700000	 -2.350000	 3.008237	 -15.976376
-4.700000	 -2.300000	 3.408720	 -15.840611
-4.700000	 -2.250000	 3.809800	 -15.691408
-4.700000	 -2.200000	 4.210857	 -15.529097
-4.700000	 -2.150000	 4.611288	 -15.354006
-4.700000	 -2.100000	 5.010507	 -15.166457
-4.700000	 -2.050000	 5.407944	 -14.966767
-4.700000	 -2.000000	 5.803044	 -14.755254
-4.700000	 -1.950000	 6.195266	 -14.532228
-4.700000	 -1.900000	 6.584086	 -14.297999
-4.700000	 -1.850000	 6.968994	 -14.052874
-4.700000	 -1.800000	 7.349494	 -13.797158
-4.700000	 -1.750000	 7.725105	 -13.531153
-4.700000	 -1.700000	 8.095360	 -13.255160
-4.700000	 -1.650000	 8.459807	 -12.969477
-4.700000	 -1.600000	 8.818007	 -12.674401
-4.700000	 -1.550000	 9.169535	 -12.370229
-4.700000	 -1.500000	 9.513980	 -12.057254
-4.700000	 -1.450000	 9.850944	 -11.735770
-4.700000	 -1.400000	 10.180044	 -11.406068
-4.700000	 -1.350000	 10.500909	 -11.068439
-4.700000	 -1.300000	 10.813183	 -10.723173
-4.700000	 -1.250000	 11.116521	 -10.370559
-4.700000	 -1.200000	 11.410594	 -10.010886
-4.700000	 -1.150000	 11.695085	 -9.644439
-4.700000	 -1.100000	 11.969690	 -9.271507
-4.700000	 -1.050000	 12.234118	 -8.892374
-4.700000	 -1.000000	 12.488093	 -8.507327
-4.700000	 -0.950000	 12.731349	 -8.116649
-4.700000	 -0.900000	 12.963637	 -7.720626
-4.700000	 -0.850000	 13.184717	 -7.319541
-4.700000	 -0.800000	 13.394364	 -6.913678
-4.700000	 -0.750000	 13.592366	 -6.503319
-4.700000	 -0.700000	 13.778525	 -6.088747
-4.700000	 -0.650000	 13.952653	 -5.670244
-4.700000	 -0.600000	 14.114577	 -5.248093
-4.700000	 -0.550000	 14.264138	 -4.822574
-4.700000	 -0.500000	 14.401186	 -4.393970
-4.700000	 -0.450000	 14.525589	 -3.962561
-4.700000	 -0.400000	 14.637223	 -3.528629
-4.700000	 -0.350000	 14.735980	 -3.092455
-4.700000	 -0.300000	 14.821764	 -2.654318
-4.700000	 -0.250000	 14.894491	 -2.214500
-4.700000	 -0.200000	 14.954091	 -1.773281
-4.700000	 -0.150000	 14.482438	 -1.013974
-4.700000	 -0.100000	 14.491409	 -0.676344
-4.700000	 -0.050000	 14.496798	 -0.338280
-4.700000	 -0.000000	 14.498596	 -0.000000
-4.700000	 0.050000	 14.496798	 0.338280
-4.700000	 0.100000	 14.491409	 0.676344
-4.700000	 0.150000	 14.482438	 1.013974
-4.700000	 0.200000	 14.954091	 1.773281
-4.700000	 0.250000	 14.894491	 2.214500
-4.700000	 0.300000	 14.821764	 2.654318
-4.700000	 0.350000	 14.735980	 3.092455
-4.700000	 0.400000	 14.637223	 3.528629
-4.700000	 0.450000	 14.525589	 3.962561
-4.700000	 0.500000	 14.401186	 4.393970
-4.700000	 0.550000	 14.264138	 4.822574
-4.700000	 0.600000	 14.114577	 5.248093
-4.700000	 0.650000	 13.952653	 5.670244
-4.700000	 0.700000	 13.778525	 6.088747
-4.700000	 0.750000	 13.592366	 6.503319
-4.700000	 0.800000	 13.394364	 6.913678
-4.700000	 0.850000	 13.184717	 7.319541
-4.700000	 0.900000	 12.963637	 7.720626
-4.700000	 0.950000	 12.731349	 8.116649
-4.700000	 1.000000	 12.488093	 8.507327
-4.700000	 1.050000	 12.234118	 8.892374
-4.700000	 1.100000	 11.969690	 9.271507
-4.700000	 1.150000	 11.695085	 9.644439
-4.700000	 1.200000	 11.410594	 10.010886
-4.700000	 1.250000	 11.116521	 10.370559
-4.700000	 1.300000	 10.813183	 10.723173
-4.700000	 1.350000	 10.500909	 11.068439
-4.700000	 1.400000	 10.180044	 11.406068
-4.700000	 1.450000	 9.850944	 11.735770
-4.700000	 1.500000	 9.513980	 12.057254
-4.700000	 1.550000	 9.169535	 12.370229
-4.700000	 1.600000	 8.818007	 12.674401
-4.700000	 1.650000	 8.459807	 12.969477
-4.700000	 1.700000	 8.095360	 13.255160
-4.700000	 1.750000	 7.725105	 13.531153
-4.700000	 1.800000	 7.349494	 13.797158
-4.700000	 1.850000	 6.968994	 14.052874
-4.700000	 1.900000	 6.584086	 14.297999
-4.700000	 1.950000	 6.195266	 14.532228
-4.700000	 2.000000	 5.803044	 14.755254
-4.700000	 2.050000	 5.407944	 14.966767
-4.700000	 2.100000	 5.010507	 15.166457
-4.700000	 2.150000	 4.611288	 15.354006
-4.700000	 2.200000	 4.210857	 15.529097
-4.700000	 2.250000	 3.809800	 15.691408
-4.700000	 2.300000	 3.408720	 15.840611
-4.700000	 2.350000	 3.008237	 15.976376
-4.700000	 2.400000	 2.608985	 16.098368
-4.700000	 2.450000	 2.211619	 16.206243
-4.700000	 2.500000	 1.816810	 16.299655
-4.700000	 2.550000	 1.425248	 16.378248
-4.700000	 2.600000	 1.037642	 16.441660
-4.700000	 2.650000	 0.654723	 16.489520
-4.700000	 2.700000	 0.277240	 16.521446
-4.700000	 2.750000	 -0.094032	 16.537045
-4.700000	 2.800000	 -0.458298	 16.535914
-4.700000	 2.850000	 -0.814735	 16.517631
-4.700000	 2.900000	 -1.162494	 16.481763
-4.700000	 2.950000	 -1.500700	 16.427854
-4.700000	 3.000000	 -1.828442	 16.355428
-4.650000	 -3.000000	 -1.967471	 -15.709462
-4.650000	 -2.950000	 -1.657818	 -15.792559
-4.650000	 -2.900000	 -1.337256	 -15.857031
-4.650000	 -2.850000	 -1.006713	 -15.903374
-4.650000	 -2.800000	 -0.667084	 -15.932059
-4.650000	 -2.750000	 -0.319231	 -15.943539
-4.650000	 -2.700000	 0.036010	 -15.938244
-4.650000	 -2.650000	 0.397832	 -15.916593
-4.650000	 -2.600000	 0.765453	 -15.878986
-4.650000	 -2.550000	 1.138111	 -15.825815
-4.650000	 -2.500000	 1.515071	 -15.757457
-4.650000	 -2.450000	 1.895616	 -15.674282
-4.650000	 -2.400000	 2.279050	 -15.576650
-4.650000	 -2.350000	 2.664695	 -15.464913
-4.650000	 -2.300000	 3.051895	 -15.339417
-4.650000	 -2.250000	 3.440008	 -15.200502
-4.650000	 -2.200000	 3.828412	 -15.048501
-4.650000	 -2.150000	 4.216501	 -14.883744
-4.650000	 -2.100000	 4.603685	 -14.706554
-4.650000	 -2.050000	 4.989391	 -14.517253
-4.650000	 -2.000000	 5.373062	 -14.316157
-4.650000	 -1.950000	 5.754154	 -14.103579
-4.650000	 -1.900000	 6.132142	 -13.879829
-4.650000	 -1.850000	 6.506514	 -13.645215
-4.650000	 -1.800000	 6.876771	 -13.400043
-4.650000	 -1.750000	 7.242432	 -13.144615
-4.650000	 -1.700000	 7.603028	 -12.879231
-4.650000	 -1.650000	 7.958106	 -12.604190
-4.650000	 -1.600000	 8.307224	 -12.319790
-4.650000	 -1.550000	 8.649958	 -12.026326
-4.650000	 -1.500000	 8.985895	 -11.724092
-4.650000	 -1.450000	 9.314637	 -11.413380
-4.650000	 -1.400000	 9.635799	 -11.094482
-4.650000	 -1.350000	 9.949010	 -10.767688
-4.650000	 -1.300000	 10.253912	 -10.433286
-4.650000	 -1.250000	 10.550162	 -10.091567
-4.650000	 -1.200000	 10.837428	 -9.742816
-4.650000	 -1.150000	 11.115393	 -9.387320
-4.650000	 -1.100000	 11.383753	 -9.025365
-4.650000	 -1.050000	 11.642217	 -8.657236
-4.650000	 -1.000000	 11.890507	 -8.283217
-4.650000	 -0.950000	 12.128359	 -7.903592
-4.650000	 -0.900000	 12.355520	 -7.518645
-4.650000	 -0.850000	 12.571752	 -7.128657
-4.650000	 -0.800000	 12.776831	 -6.733912
-4.650000	 -0.750000	 12.970542	 -6.334691
-4.650000	 -0.700000	 13.152688	 -5.931276
-4.650000	 -0.650000	 13.323081	 -5.523947
-4.650000	 -0.600000	 13.481548	 -5.112986
-4.650000	 -0.550000	 13.627928	 -4.698673
-4.650000	 -0.500000	 13.762073	 -4.281288
-4.650000	 -0.450000	 13.883849	 -3.861112
-4.650000	 -0.400000	 13.993134	 -3.438423
-4.650000	 -0.350000	 14.089818	 -3.013502
-4.650000	 -0.300000	 14.173806	 -2.586627
-4.650000	 -0.250000	 14.245013	 -2.158080
-4.650000	 -0.200000	 14.303370	 -1.728137
-4.650000	 -0.150000	 13.837357	 -0.985712
-4.650000	 -0.100000	 13.846112	 -0.657500
-4.650000	 -0.050000	 13.851371	 -0.328858
-4.650000	 -0.000000	 13.853125	 -0.000000
-4.650000	 0.050000	 13.851371	 0.328858
-4.650000	 0.100000	 13.846112	 0.657500
-4.650000	 0.150000	 13.837357	 0.985712
-4.650000	 0.200000	 14.303370	 1.728137
-4.650000	 0.250000	 14.245013	 2.158080
-4.650000	 0.300000	 14.173806	 2.586627
-4.650000	 0.350000	 14.089818	 3.013502
-4.650000	 0.400000	 13.993134	 3.438423
-4.650000	 0.450000	 13.883849	 3.861112
-4.650000	 0.500000	 13.762073	 4.281288
-4.650000	 0.550000	 13.627928	 4.698673
-4.650000	 0.600000	 13.481548	 5.112986
-4.650000	 0.650000	 13.323081	 5.523947
-4.650000	 0.700000	 13.152688	 5.931276
-4.650000	 0.750000	 12.970542	 6.334691
-4.650000	 0.800000	 12.776831	 6.733912
-4.650000	 0.850000	 12.571752	 7.128657
-4.650000	 0.900000	 12.355520	 7.518645
-4.650000	 0.950000	 12.128359	 7.903592
-4.650000	 1.000000	 11.890507	 8.283217
-4.650000	 1.050000	 11.642217	 8.657236
-4.650000	 1.100000	 11.383753	 9.025365
-4.650000	 1.150000	 11.115393	 9.387320
-4.650000	 1.200000	 10.837428	 9.742816
-4.650000	 1.250000	 10.550162	 10.091567
-4.650000	 1.300000	 10.253912	 10.433286
-4.650000	 1.350000	 9.949010	 10.767687
-4.650000	 1.400000	 9.635799	 11.094482
-4.650000	 1.450000	 9.314637	 11.413380
-4.650000	 1.500000	 8.985895	 11.724092
-4.650000	 1.550000	 8.649958	 12.026326
-4.650000	 1.600000	 8.307224	 12.319790
-4.650000	 1.650000	 7.958106	 12.604190
-4.650000	 1.700000	 7.603028	 12.879231
-4.650000	 1.750000	 7.242432	 13.144615
-4.650000	 1.800000	 6.876771	 13.400043
-4.650000	 1.850000	 6.506514	 13.645215
-4.650000	 1.900000	 6.132142	 13.879829
-4.650000	 1.950000	 5.754154	 14.103579
-4.650000	 2.000000	 5.373062	 14.316157
-4.650000	 2.050000	 4.989391	 14.517253
-4.650000	 2.100000	 4.603685	 14.706554
-4.650000	 2.150000	 4.216501	 14.883744
-4.650000	 2.200000	 3.828412	 15.048501
-4.650000	 2.250000	 3.440008	 15.200502
-4.650000	 2.300000	 3.051895	 15.339417
-4.650000	 2.350000	 2.664695	 15.464913
-4.650000	 2.400000	 2.279050	 15.576650
-4.650000	 2.450000	 1.895616	 15.674282
-4.650000	 2.500000	 1.515071	 15.757457
-4.650000	 2.550000	 1.138111	 15.825815
-4.650000	 2.600000	 0.765453	 15.878986
-4.650000	 2.650000	 0.397832	 15.916593
-4.650000	 2.700000	 0.036010	 15.938244
-4.650000	 2.750000	 -0.319231	 15.943539
-4.650000	 2.800000	 -0.667084	 15.932059
-4.650000	 2.850000	 -1.006713	 15.903374
-4.650000	 2.900000	 -1.337256	 15.857031
-4.650000	 2.950000	 -1.657818	 15.792559
-4.650000	 3.000000	 -1.967471	 15.709462
-4.600000	 -3.000000	 -2.088364	 -15.072658
-4.600000	 -2.950000	 -1.796783	 -15.166442
-4.600000	 -2.900000	 -1.493830	 -15.241467
-4.600000	 -2.850000	 -1.180456	 -15.298253
-4.600000	 -2.800000	 -0.857574	 -15.337293
-4.600000	 -2.750000	 -0.526065	 -15.359056
-4.600000	 -2.700000	 -0.186776	 -15.363991
-4.600000	 -2.650000	 0.159471	 -15.352525
-4.600000	 -2.600000	 0.511882	 -15.325074
-4.600000	 -2.550000	 0.869688	 -15.282036
-4.600000	 -2.500000	 1.232144	 -15.223799
-4.600000	 -2.450000	 1.598526	 -15.150738
-4.600000	 -2.400000	 1.968130	 -15.063221
-4.600000	 -2.350000	 2.340274	 -14.961605
-4.600000	 -2.300000	 2.714296	 -14.846240
-4.600000	 -2.250000	 3.089548	 -14.717470
-4.600000	 -2.200000	 3.465406	 -14.575633
-4.600000	 -2.150000	 3.841258	 -14.421059
-4.600000	 -2.100000	 4.216513	 -14.254076
-4.600000	 -2.050000	 4.590592	 -14.075007
-4.600000	 -2.000000	 4.962938	 -13.884169
-4.600000	 -1.950000	 5.333003	 -13.681878
-4.600000	 -1.900000	 5.700260	 -13.468445
-4.600000	 -1.850000	 6.064195	 -13.244177
-4.600000	 -1.800000	 6.424308	 -13.009382
-4.600000	 -1.750000	 6.780114	 -12.764362
-4.600000	 -1.700000	 7.131145	 -12.509418
-4.600000	 -1.650000	 7.476945	 -12.244850
-4.600000	 -1.600000	 7.817072	 -11.970953
-4.600000	 -1.550000	 8.151099	 -11.688024
-4.600000	 -1.500000	 8.478614	 -11.396357
-4.600000	 -1.450000	 8.799216	 -11.096242
-4.600000	 -1.400000	 9.112521	 -10.787972
-4.600000	 -1.350000	 9.418156	 -10.471836
-4.600000	 -1.300000	 9.715763	 -10.148123
-4.600000	 -1.250000	 10.004997	 -9.817120
-4.600000	 -1.200000	 10.285526	 -9.479113
-4.600000	 -1.150000	 10.557034	 -9.134389
-4.600000	 -1.100000	 10.819214	 -8.783232
-4.600000	 -1.050000	 11.071776	 -8.425927
-4.600000	 -1.000000	 11.314440	 -8.062757
-4.600000	 -0.950000	 11.546943	 -7.694004
-4.600000	 -0.900000	 11.769032	 -7.319951
-4.600000	 -0.850000	 11.980469	 -6.940880
-4.600000	 -0.800000	 12.181026	 -6.557072
-4.600000	 -0.750000	 12.370493	 -6.168807
-4.600000	 -0.700000	 12.548668	 -5.776367
-4.600000	 -0.650000	 12.715366	 -5.380030
-4.600000	 -0.600000	 12.870412	 -4.980077
-4.600000	 -0.550000	 13.013645	 -4.576787
-4.600000	 -0.500000	 13.144918	 -4.170438
-4.600000	 -0.450000	 13.264096	 -3.761311
-4.600000	 -0.400000	 13.371056	 -3.349683
-4.600000	 -0.350000	 13.465690	 -2.935832
-4.600000	 -0.300000	 13.547900	 -2.520037
-4.600000	 -0.250000	 13.617604	 -2.102576
-4.600000	 -0.200000	 13.674731	 -1.683726
-4.600000	 -0.150000	 13.214367	 -0.957930
-4.600000	 -0.100000	 13.222907	 -0.638977
-4.600000	 -0.050000	 13.228038	 -0.319595
-4.600000	 -0.000000	 13.229749	 -0.000000
-4.600000	 0.050000	 13.228038	 0.319595
-4.600000	 0.100000	 13.222907	 0.638977
-4.600000	 0.150000	 13.214367	 0.957930
-4.600000	 0.200000	 13.674731	 1.683726
-4.600000	 0.250000	 13.617604	 2.102576
-4.600000	 0.300000	 13.547900	 2.520037
-4.600000	 0.350000	 13.465690	 2.935832
-4.600000	 0.400000	 13.371056	 3.349683
-4.600000	 0.450000	 13.264096	 3.761311
-4.600000	 0.500000	 13.144918	 4.170438
-4.600000	 0.550000	 13.013645	 4.576787
-4.600000	 0.600000	 12.870412	 4.980077
-4.600000	 0.650000	 12.715366	 5.380030
-4.600000	 0.700000	 12.548668	 5.776367
-4.600000	 0.750000	 12.370493	 6.168807
-4.600000	 0.800000	 12.181026	 6.557072
-4.600000	 0.850000	 11.980469	 6.940880
-4.600000	 0.900000	 11.769032	 7.319951
-4.600000	 0.950000	 11.546943	 7.694004
-4.600000	 1.000000	 11.314440	 8.062757
-4.600000	 1.050000	 11.071776	 8.425927
-4.600000	 1.100000	 10.819214	 8.783232
-4.600000	 1.150000	 10.557034	 9.134389
-4.600000	 1.200000	 10.285526	 9.479113
-4.600000	 1.250000	 10.004997	 9.817120
-4.600000	 1.300000	 9.715763	 10.148123
-4.600000	 1.350000	 9.418156	 10.471836
-4.600000	 1.400000	 9.112521	 10.787972
-4.600000	 1.450000	 8.799216	 11.096242
-4.600000	 1.500000	 8.478614	 11.396357
-4.600000	 1.550000	 8.151099	 11.688024
-4.600000	 1.600000	 7.817072	 11.970953
-4.600000	 1.650000	 7.476945	 12.244850
-4.600000	 1.700000	 7.131145	 12.509418
-4.600000	 1.750000	 6.780114	 12.764362
-4.600000	 1.800000	 6.424308	 13.009382
-4.600000	 1.850000	 6.064195	 13.244177
-4.600000	 1.900000	 5.700260	 13.468445
-4.600000	 1.950000	 5.333003	 13.681878
-4.600000	 2.000000	 4.962938	 13.884169
-4.600000	 2.050000	 4.590592	 14.075007
-4.600000	 2.100000	 4.216513	 14.254076
-4.600000	 2.150000	 3.841258	 14.421059
-4.600000	 2.200000	 3.465406	 14.575633
-4.600000	 2.250000	 3.089548	 14.717470
-4.600000	 2.300000	 2.714296	 14.846240
-4.600000	 2.350000	 2.340274	 14.961605
-4.600000	 2.400000	 1.968130	 15.063221
-4.600000	 2.450000	 1.598526	 15.150738
-4.600000	 2.500000	 1.232144	 15.223799
-4.600000	 2.550000	 0.869688	 15.282036
-4.600000	 2.600000	 0.511882	 15.325074
-4.600000	 2.650000	 0.159471	 15.352525
-4.600000	 2.700000	 -0.186776	 15.363991
-4.600000	 2.750000	 -0.526065	 15.359056
-4.600000	 2.800000	 -0.857574	 15.337293
-4.600000	 2.850000	 -1.180456	 15.298253
-4.600000	 2.900000	 -1.493830	 15.241467
-4.600000	 2.950000	 -1.796783	 15.166442
-4.600000	 3.000000	 -2.088364	 15.072658
-4.550000	 -3.000000	 -2.191475	 -14.444726
-4.550000	 -2.950000	 -1.917969	 -14.549236
-4.550000	 -2.900000	 -1.632609	 -14.634826
-4.550000	 -2.850000	 -1.336370	 -14.702045
-4.550000	 -2.800000	 -1.030189	 -14.751410
-4.550000	 -2.750000	 -0.714963	 -14.783409
-4.550000	 -2.700000	 -0.391559	 -14.798509
-4.550000	 -2.650000	 -0.060812	 -14.797153
-4.550000	 -2.600000	 0.276473	 -14.779769
-4.550000	 -2.550000	 0.619516	 -14.746767
-4.550000	 -2.500000	 0.967560	 -14.698543
-4.550000	 -2.450000	 1.319875	 -14.635483
-4.550000	 -2.400000	 1.675748	 -14.557959
-4.550000	 -2.350000	 2.034492	 -14.466336
-4.550000	 -2.300000	 2.395437	 -14.360970
-4.550000	 -2.250000	 2.757933	 -14.242208
-4.550000	 -2.200000	 3.121347	 -14.110392
-4.550000	 -2.150000	 3.485067	 -13.965856
-4.550000	 -2.100000	 3.848494	 -13.808931
-4.550000	 -2.050000	 4.211051	 -13.639942
-4.550000	 -2.000000	 4.572173	 -13.459208
-4.550000	 -1.950000	 4.931312	 -13.267046
-4.550000	 -1.900000	 5.287938	 -13.063769
-4.550000	 -1.850000	 5.641534	 -12.849686
-4.550000	 -1.800000	 5.991599	 -12.625104
-4.550000	 -1.750000	 6.337646	 -12.390328
-4.550000	 -1.700000	 6.679205	 -12.145657
-4.550000	 -1.650000	 7.015818	 -11.891392
-4.550000	 -1.600000	 7.347043	 -11.627830
-4.550000	 -1.550000	 7.672451	 -11.355266
-4.550000	 -1.500000	 7.991627	 -11.073993
-4.550000	 -1.450000	 8.304173	 -10.784304
-4.550000	 -1.400000	 8.609700	 -10.486488
-4.550000	 -1.350000	 8.907837	 -10.180836
-4.550000	 -1.300000	 9.198223	 -9.867636
-4.550000	 -1.250000	 9.480514	 -9.547173
-4.550000	 -1.200000	 9.754377	 -9.219735
-4.550000	 -1.150000	 10.019494	 -8.885606
-4.550000	 -1.100000	 10.275560	 -8.545070
-4.550000	 -1.050000	 10.522281	 -8.198411
-4.550000	 -1.000000	 10.759380	 -7.845910
-4.550000	 -0.950000	 10.986591	 -7.487851
-4.550000	 -0.900000	 11.203662	 -7.124514
-4.550000	 -0.850000	 11.410353	 -6.756180
-4.550000	 -0.800000	 11.606438	 -6.383129
-4.550000	 -0.750000	 11.791704	 -6.005641
-4.550000	 -0.700000	 11.965952	 -5.623995
-4.550000	 -0.650000	 12.128993	 -5.238470
-4.550000	 -0.600000	 12.280655	 -4.849344
-4.550000	 -0.550000	 12.420776	 -4.456896
-4.550000	 -0.500000	 12.549208	 -4.061404
-4.550000	 -0.450000	 12.665815	 -3.663144
-4.550000	 -0.400000	 12.770476	 -3.262395
-4.550000	 -0.350000	 12.863081	 -2.859433
-4.550000	 -0.300000	 12.943534	 -2.454536
-4.550000	 -0.250000	 13.011751	 -2.047980
-4.550000	 -0.200000	 13.067661	 -1.640042
-4.550000	 -0.150000	 12.612954	 -0.930624
-4.550000	 -0.100000	 12.621281	 -0.620770
-4.550000	 -0.050000	 12.626284	 -0.310491
-4.550000	 -0.000000	 12.627953	 -0.000000
-4.550000	 0.050000	 12.626284	 0.310491
-4.550000	 0.100000	 12.621281	 0.620770
-4.550000	 0.150000	 12.612954	 0.930624
-4.550000	 0.200000	 13.067661	 1.640042
-4.550000	 0.250000	 13.011751	 2.047980
-4.550000	 0.300000	 12.943534	 2.454536
-4.550000	 0.350000	 12.863081	 2.859433
-4.550000	 0.400000	 12.770476	 3.262395
-4.550000	 0.450000	 12.665815	 3.663144
-4.550000	 0.500000	 12.549208	 4.061404
-4.550000	 0.550000	 12.420776	 4.456896
-4.550000	 0.600000	 12.280655	 4.849344
-4.550000	 0.650000	 12.128993	 5.238470
-4.550000	 0.700000	 11.965952	 5.623995
-4.550000	 0.750000	 11.791704	 6.005641
-4.550000	 0.800000	 11.606438	 6.383129
-4.550000	 0.850000	 11.410353	 6.756180
-4.550000	 0.900000	 11.203662	 7.124514
-4.550000	 0.950000	 10.986591	 7.487851
-4.550000	 1.000000	 10.759380	 7.845910
-4.550000	 1.050000	 10.522281	 8.198411
-4.550000	 1.100000	 10.275560	 8.545070
-4.550000	 1.150000	 10.019494	 8.885606
-4.550000	 1.200000	 9.754377	 9.219735
-4.550000	 1.250000	 9.480514	 9.547173
-4.550000	 1.300000	 9.198223	 9.867636
-4.550000	 1.350000	 8.907837	 10.180836
-4.550000	 1.400000	 8.609700	 10.486488
-4.550000	 1.450000	 8.304173	 10.784304
-4.550000	 1.500000	 7.991627	 11.073993
-4.550000	 1.550000	 7.672451	 11.355266
-4.550000	 1.600000	 7.347043	 11.627830
-4.550000	 1.650000	 7.015818	 11.891392
-4.550000	 1.700000	 6.679205	 12.145657
-4.550000	 1.750000	 6.337646	 12.390328
-4.550000	 1.800000	 5.991599	 12.625104
-4.550000	 1.850000	 5.641534	 12.849686
-4.550000	 1.900000	 5.287938	 13.063769
-4.550000	 1.950000	 4.931312	 13.267046
-4.550000	 2.000000	 4.572173	 13.459208
-4.550000	 2.050000	 4.211051	 13.639942
-4.550000	 2.100000	 3.848494	 13.808931
-4.550000	 2.150000	 3.485067	 13.965856
-4.550000	 2.200000	 3.121347	 14.110392
-4.550000	 2.250000	 2.757933	 14.242208
-4.550000	 2.300000	 2.395437	 14.360970
-4.550000	 2.350000	 2.034492	 14.466336
-4.550000	 2.400000	 1.675748	 14.557959
-4.550000	 2.450000	 1.319875	 14.635483
-4.550000	 2.500000	 0.967560	 14.698543
-4.550000	 2.550000	 0.619516	 14.746767
-4.550000	 2.600000	 0.276473	 14.779769
-4.550000	 2.650000	 -0.060812	 14.797153
-4.550000	 2.700000	 -0.391559	 14.798509
-4.550000	 2.750000	 -0.714963	 14.783409
-4.550000	 2.800000	 -1.030189	 14.751410
-4.550000	 2.850000	 -1.336370	 14.702045
-4.550000	 2.900000	 -1.632609	 14.634826
-4.550000	 2.950000	 -1.917969	 14.549236
-4.550000	 3.000000	 -2.191475	 14.444726
-4.500000	 -3.000000	 -2.277128	 -13.825347
-4.500000	 -2.950000	 -2.021725	 -13.940655
-4.500000	 -2.900000	 -1.753962	 -14.036849
-4.500000	 -2.850000	 -1.474843	 -14.114513
-4.500000	 -2.800000	 -1.185330	 -14.174190
-4.500000	 -2.750000	 -0.886343	 -14.216394
-4.500000	 -2.700000	 -0.578766	 -14.241611
-4.500000	 -2.650000	 -0.263450	 -14.250302
-4.500000	 -2.600000	 0.058784	 -14.242909
-4.500000	 -2.550000	 0.387143	 -14.219855
-4.500000	 -2.500000	 0.720863	 -14.181548
-4.500000	 -2.450000	 1.059200	 -14.128381
-4.500000	 -2.400000	 1.401437	 -14.060737
-4.500000	 -2.350000	 1.746877	 -13.978987
-4.500000	 -2.300000	 2.094844	 -13.883493
-4.500000	 -2.250000	 2.444682	 -13.774607
-4.500000	 -2.200000	 2.795753	 -13.652675
-4.500000	 -2.150000	 3.147441	 -13.518037
-4.500000	 -2.100000	 3.499143	 -13.371025
-4.500000	 -2.050000	 3.850277	 -13.211967
-4.500000	 -2.000000	 4.200276	 -13.041186
-4.500000	 -1.950000	 4.548588	 -12.859000
-4.500000	 -1.900000	 4.894681	 -12.665723
-4.500000	 -1.850000	 5.238036	 -12.461666
-4.500000	 -1.800000	 5.578148	 -12.247138
-4.500000	 -1.750000	 5.914530	 -12.022442
-4.500000	 -1.700000	 6.246709	 -11.787881
-4.500000	 -1.650000	 6.574226	 -11.543754
-4.500000	 -1.600000	 6.896636	 -11.290359
-4.500000	 -1.550000	 7.213511	 -11.027992
-4.500000	 -1.500000	 7.524434	 -10.756944
-4.500000	 -1.450000	 7.829004	 -10.477510
-4.500000	 -1.400000	 8.126834	 -10.189978
-4.500000	 -1.350000	 8.417549	 -9.894638
-4.500000	 -1.300000	 8.700790	 -9.591777
-4.500000	 -1.250000	 8.976210	 -9.281682
-4.500000	 -1.200000	 9.243477	 -8.964638
-4.500000	 -1.150000	 9.502270	 -8.640929
-4.500000	 -1.100000	 9.752285	 -8.310839
-4.500000	 -1.050000	 9.993228	 -7.974650
-4.500000	 -1.000000	 10.224820	 -7.632643
-4.500000	 -0.950000	 10.446795	 -7.285101
-4.500000	 -0.900000	 10.658901	 -6.932302
-4.500000	 -0.850000	 10.860897	 -6.574528
-4.500000	 -0.800000	 11.052558	 -6.212057
-4.500000	 -0.750000	 11.233670	 -5.845167
-4.500000	 -0.700000	 11.404032	 -5.474137
-4.500000	 -0.650000	 11.563457	 -5.099245
-4.500000	 -0.600000	 11.711771	 -4.720768
-4.500000	 -0.550000	 11.848813	 -4.338983
-4.500000	 -0.500000	 11.974434	 -3.954167
-4.500000	 -0.450000	 12.088499	 -3.566596
-4.500000	 -0.400000	 12.190886	 -3.176546
-4.500000	 -0.350000	 12.281484	 -2.784294
-4.500000	 -0.300000	 12.360198	 -2.390115
-4.500000	 -0.250000	 12.426944	 -1.994285
-4.500000	 -0.200000	 12.481651	 -1.597079
-4.500000	 -0.150000	 12.032609	 -0.903787
-4.500000	 -0.100000	 12.040726	 -0.602877
-4.500000	 -0.050000	 12.045602	 -0.301544
-4.500000	 -0.000000	 12.047229	 -0.000000
-4.500000	 0.050000	 12.045602	 0.301544
-4.500000	 0.100000	 12.040726	 0.602877
-4.500000	 0.150000	 12.032609	 0.903787
-4.500000	 0.200000	 12.481651	 1.597079
-4.500000	 0.250000	 12.426944	 1.994285
-4.500000	 0.300000	 12.360198	 2.390115
-4.500000	 0.350000	 12.281484	 2.784294
-4.500000	 0.400000	 12.190886	 3.176546
-4.500000	 0.450000	 12.088499	 3.566596
-4.500000	 0.500000	 11.974434	 3.954167
-4.500000	 0.550000	 11.848813	 4.338983
-4.500000	 0.600000	 11.711771	 4.720768
-4.500000	 0.650000	 11.563457	 5.099245
-4.500000	 0.700000	 11.404032	 5.474137
-4.500000	 0.750000	 11.233670	 5.845167
-4.500000	 0.800000	 11.052558	 6.212057
-4.500000	 0.850000	 10.860897	 6.574528
-4.500000	 0.900000	 10.658901	 6.932302
-4.500000	 0.950000	 10.446795	 7.285101
-4.500000	 1.000000	 10.224820	 7.632643
-4.500000	 1.050000	 9.993228	 7.974650
-4.500000	 1.100000	 9.752285	 8.310839
-4.500000	 1.150000	 9.502270	 8.640929
-4.500000	 1.200000	 9.243477	 8.964638
-4.500000	 1.250000	 8.976210	 9.281682
-4.500000	 1.300000	 8.700790	 9.591777
-4.500000	 1.350000	 8.417549	 9.894638
-4.500000	 1.400000	 8.126834	 10.189978
-4.500000	 1.450000	 7.829004	 10.477510
-4.500000	 1.500000	 7.524434	 10.756944
-4.500000	 1.550000	 7.213511	 11.027992
-4.500000	 1.600000	 6.896636	 11.290359
-4.500000	 1.650000	 6.574226	 11.543754
-4.500000	 1.700000	 6.246709	 11.787881
-4.500000	 1.750000	 5.914530	 12.022442
-4.500000	 1.800000	 5.578148	 12.247138
-4.500000	 1.850000	 5.238036	 12.461666
-4.500000	 1.900000	 4.894681	 12.665723
-4.500000	 1.950000	 4.548588	 12.859000
-4.500000	 2.000000	 4.200276	 13.041186
-4.500000	 2.050000	 3.850277	 13.211967
-4.500000	 2.100000	 3.499143	 13.371025
-4.500000	 2.150000	 3.147441	 13.518037
-4.500000	 2.200000	 2.795753	 13.652675
-4.500000	 2.250000	 2.444682	 13.774607
-4.500000	 2.300000	 2.094844	 13.883493
-4.500000	 2.350000	 1.746877	 13.978987
-4.500000	 2.400000	 1.401437	 14.060737
-4.500000	 2.450000	 1.059200	 14.128381
-4.500000	 2.500000	 0.720863	 14.181548
-4.500000	 2.550000	 0.387143	 14.219855
-4.500000	 2.600000	 0.058784	 14.242909
-4.500000	 2.650000	 -0.263450	 14.250302
-4.500000	 2.700000	 -0.578766	 14.241611
-4.500000	 2.750000	 -0.886343	 14.216394
-4.500000	 2.800000	 -1.185330	 14.174190
-4.500000	 2.850000	 -1.474843	 14.114513
-4.500000	 2.900000	 -1.753962	 14.036849
-4.500000	 2.950000	 -2.021725	 13.940655
-4.500000	 3.000000	 -2.277128	 13.825347
-4.450000	 -3.000000	 -2.345617	 -13.214173
-4.450000	 -2.950000	 -2.108374	 -13.340384
-4.450000	 -2.900000	 -1.858235	 -13.447252
-4.450000	 -2.850000	 -1.596241	 -13.535398
-4.450000	 -2.800000	 -1.323380	 -13.605400
-4.450000	 -2.750000	 -1.040600	 -13.657797
-4.450000	 -2.700000	 -0.748806	 -13.693099
-4.450000	 -2.650000	 -0.448867	 -13.711789
-4.450000	 -2.600000	 -0.141619	 -13.714323
-4.450000	 -2.550000	 0.172131	 -13.701141
-4.450000	 -2.500000	 0.491605	 -13.672663
-4.450000	 -2.450000	 0.816050	 -13.629294
-4.450000	 -2.400000	 1.144738	 -13.571424
-4.450000	 -2.350000	 1.476965	 -13.499434
-4.450000	 -2.300000	 1.812048	 -13.413691
-4.450000	 -2.250000	 2.149324	 -13.314556
-4.450000	 -2.200000	 2.488151	 -13.202378
-4.450000	 -2.150000	 2.827905	 -13.077501
-4.450000	 -2.100000	 3.167980	 -12.940262
-4.450000	 -2.050000	 3.507789	 -12.790993
-4.450000	 -2.000000	 3.846763	 -12.630017
-4.450000	 -1.950000	 4.184346	 -12.457656
-4.450000	 -1.900000	 4.520003	 -12.274227
-4.450000	 -1.850000	 4.853211	 -12.080042
-4.450000	 -1.800000	 5.183465	 -11.875409
-4.450000	 -1.750000	 5.510275	 -11.660635
-4.450000	 -1.700000	 5.833165	 -11.436022
-4.450000	 -1.650000	 6.151674	 -11.201871
-4.450000	 -1.600000	 6.465358	 -10.958479
-4.450000	 -1.550000	 6.773786	 -10.706142
-4.450000	 -1.500000	 7.076539	 -10.445154
-4.450000	 -1.450000	 7.373215	 -10.175807
-4.450000	 -1.400000	 7.663426	 -9.898390
-4.450000	 -1.350000	 7.946796	 -9.613192
-4.450000	 -1.300000	 8.222966	 -9.320500
-4.450000	 -1.250000	 8.491587	 -9.020601
-4.450000	 -1.200000	 8.752326	 -8.713779
-4.450000	 -1.150000	 9.004862	 -8.400318
-4.450000	 -1.100000	 9.248890	 -8.080500
-4.450000	 -1.050000	 9.484116	 -7.754607
-4.450000	 -1.000000	 9.710260	 -7.422920
-4.450000	 -0.950000	 9.927056	 -7.085719
-4.450000	 -0.900000	 10.134250	 -6.743284
-4.450000	 -0.850000	 10.331603	 -6.395894
-4.450000	 -0.800000	 10.518887	 -6.043826
-4.450000	 -0.750000	 10.695888	 -5.687358
-4.450000	 -0.700000	 10.862407	 -5.326768
-4.450000	 -0.650000	 11.018255	 -4.962332
-4.450000	 -0.600000	 11.163258	 -4.594327
-4.450000	 -0.550000	 11.297255	 -4.223028
-4.450000	 -0.500000	 11.420096	 -3.848710
-4.450000	 -0.450000	 11.531647	 -3.471651
-4.450000	 -0.400000	 11.631784	 -3.092123
-4.450000	 -0.350000	 11.720398	 -2.710402
-4.450000	 -0.300000	 11.797392	 -2.326763
-4.450000	 -0.250000	 11.862683	 -1.941481
-4.450000	 -0.200000	 11.461784	 -1.168906
-4.450000	 -0.150000	 11.472831	 -0.877415
-4.450000	 -0.100000	 11.480739	 -0.585293
-4.450000	 -0.050000	 11.485490	 -0.292752
-4.450000	 -0.000000	 11.487075	 -0.000000
-4.450000	 0.050000	 11.485490	 0.292752
-4.450000	 0.100000	 11.480739	 0.585293
-4.450000	 0.150000	 11.472831	 0.877415
-4.450000	 0.200000	 11.461784	 1.168906
-4.450000	 0.250000	 11.862683	 1.941481
-4.450000	 0.300000	 11.797392	 2.326763
-4.450000	 0.350000	 11.720398	 2.710402
-4.450000	 0.400000	 11.631784	 3.092123
-4.450000	 0.450000	 11.531647	 3.471651
-4.450000	 0.500000	 11.420096	 3.848710
-4.450000	 0.550000	 11.297255	 4.223028
-4.450000	 0.600000	 11.163258	 4.594327
-4.450000	 0.650000	 11.018255	 4.962332
-4.450000	 0.700000	 10.862407	 5.326768
-4.450000	 0.750000	 10.695888	 5.687358
-4.450000	 0.800000	 10.518887	 6.043826
-4.450000	 0.850000	 10.331603	 6.395894
-4.450000	 0.900000	 10.134250	 6.743284
-4.450000	 0.950000	 9.927056	 7.085719
-4.450000	 1.000000	 9.710260	 7.422920
-4.450000	 1.050000	 9.484116	 7.754607
-4.450000	 1.100000	 9.248890	 8.080500
-4.450000	 1.150000	 9.004862	 8.400318
-4.450000	 1.200000	 8.752326	 8.713779
-4.450000	 1.250000	 8.491587	 9.020601
-4.450000	 1.300000	 8.222966	 9.320500
-4.450000	 1.350000	 7.946796	 9.613192
-4.450000	 1.400000	 7.663426	 9.898390
-4.450000	 1.450000	 7.373215	 10.175807
-4.450000	 1.500000	 7.076539	 10.445154
-4.450000	 1.550000	 6.773786	 10.706142
-4.450000	 1.600000	 6.465358	 10.958479
-4.450000	 1.650000	 6.151674	 11.201871
-4.450000	 1.700000	 5.833165	 11.436022
-4.450000	 1.750000	 5.510275	 11.660635
-4.450000	 1.800000	 5.183465	 11.875409
-4.450000	 1.850000	 4.853211	 12.080042
-4.450000	 1.900000	 4.520003	 12.274227
-4.450000	 1.950000	 4.184346	 12.457656
-4.450000	 2.000000	 3.846763	 12.630017
-4.450000	 2.050000	 3.507789	 12.790993
-4.450000	 2.100000	 3.167980	 12.940262
-4.450000	 2.150000	 2.827905	 13.077501
-4.450000	 2.200000	 2.488151	 13.202378
-4.450000	 2.250000	 2.149324	 13.314556
-4.450000	 2.300000	 1.812048	 13.413691
-4.450000	 2.350000	 1.476965	 13.499434
-4.450000	 2.400000	 1.144738	 13.571424
-4.450000	 2.450000	 0.816050	 13.629294
-4.450000	 2.500000	 0.491605	 13.672663
-4.450000	 2.550000	 0.172131	 13.701141
-4.450000	 2.600000	 -0.141619	 13.714323
-4.450000	 2.650000	 -0.448867	 13.711789
-4.450000	 2.700000	 -0.748806	 13.693099
-4.450000	 2.750000	 -1.040600	 13.657797
-4.450000	 2.800000	 -1.323380	 13.605400
-4.450000	 2.850000	 -1.596241	 13.535398
-4.450000	 2.900000	 -1.858235	 13.447252
-4.450000	 2.950000	 -2.108374	 13.340384
-4.450000	 3.000000	 -2.345617	 13.214173
-4.400000	 -3.000000	 -2.397199	 -12.610819
-4.400000	 -2.950000	 -2.178205	 -12.748080
-4.400000	 -2.900000	 -1.945747	 -12.865726
-4.400000	 -2.850000	 -1.700905	 -12.964423
-4.400000	 -2.800000	 -1.444703	 -13.044785
-4.400000	 -2.750000	 -1.178116	 -13.107386
-4.400000	 -2.700000	 -0.902073	 -13.152761
-4.400000	 -2.650000	 -0.617467	 -13.181417
-4.400000	 -2.600000	 -0.325150	 -13.193831
-4.400000	 -2.550000	 -0.025947	 -13.190458
-4.400000	 -2.500000	 0.279352	 -13.171733
-4.400000	 -2.450000	 0.589982	 -13.138074
-4.400000	 -2.400000	 0.905204	 -13.089882
-4.400000	 -2.350000	 1.224305	 -13.027547
-4.400000	 -2.300000	 1.546594	 -12.951444
-4.400000	 -2.250000	 1.871400	 -12.861939
-4.400000	 -2.200000	 2.198075	 -12.759390
-4.400000	 -2.150000	 2.525989	 -12.644145
-4.400000	 -2.100000	 2.854533	 -12.516544
-4.400000	 -2.050000	 3.183114	 -12.376924
-4.400000	 -2.000000	 3.511158	 -12.225611
-4.400000	 -1.950000	 3.838108	 -12.062930
-4.400000	 -1.900000	 4.163423	 -11.889200
-4.400000	 -1.850000	 4.486579	 -11.704734
-4.400000	 -1.800000	 4.807067	 -11.509843
-4.400000	 -1.750000	 5.124396	 -11.304835
-4.400000	 -1.700000	 5.438087	 -11.090012
-4.400000	 -1.650000	 5.747678	 -10.865677
-4.400000	 -1.600000	 6.052723	 -10.632127
-4.400000	 -1.550000	 6.352787	 -10.389659
-4.400000	 -1.500000	 6.647452	 -10.138565
-4.400000	 -1.450000	 6.936315	 -9.879139
-4.400000	 -1.400000	 7.218985	 -9.611670
-4.400000	 -1.350000	 7.495087	 -9.336447
-4.400000	 -1.300000	 7.764259	 -9.053757
-4.400000	 -1.250000	 8.026152	 -8.763884
-4.400000	 -1.200000	 8.280432	 -8.467114
-4.400000	 -1.150000	 8.526778	 -8.163730
-4.400000	 -1.100000	 8.764883	 -7.854013
-4.400000	 -1.050000	 8.994453	 -7.538244
-4.400000	 -1.000000	 9.215208	 -7.216704
-4.400000	 -0.950000	 9.426880	 -6.889673
-4.400000	 -0.900000	 9.629216	 -6.557428
-4.400000	 -0.850000	 9.821975	 -6.220248
-4.400000	 -0.800000	 10.004930	 -5.878409
-4.400000	 -0.750000	 10.177866	 -5.532189
-4.400000	 -0.700000	 10.340584	 -5.181864
-4.400000	 -0.650000	 10.492894	 -4.827709
-4.400000	 -0.600000	 10.634622	 -4.470000
-4.400000	 -0.550000	 10.765607	 -4.109011
-4.400000	 -0.500000	 10.885699	 -3.745017
-4.400000	 -0.450000	 10.994762	 -3.378293
-4.400000	 -0.400000	 11.092675	 -3.009111
-4.400000	 -0.350000	 11.179327	 -2.637746
-4.400000	 -0.300000	 11.254620	 -2.264471
-4.400000	 -0.250000	 11.318473	 -1.889559
-4.400000	 -0.200000	 10.922368	 -1.134360
-4.400000	 -0.150000	 10.933125	 -0.851501
-4.400000	 -0.100000	 10.940825	 -0.568016
-4.400000	 -0.050000	 10.945452	 -0.284112
-4.400000	 -0.000000	 10.946995	 -0.000000
-4.400000	 0.050000	 10.945452	 0.284112
-4.400000	 0.100000	 10.940825	 0.568016
-4.400000	 0.150000	 10.933125	 0.851501
-4.400000	 0.200000	 10.922368	 1.134360
-4.400000	 0.250000	 11.318473	 1.889559
-4.400000	 0.300000	 11.254620	 2.264471
-4.400000	 0.350000	 11.179327	 2.637746
-4.400000	 0.400000	 11.092675	 3.009111
-4.400000	 0.450000	 10.994762	 3.378293
-4.400000	 0.500000	 10.885699	 3.745017
-4.400000	 0.550000	 10.765607	 4.109011
-4.400000	 0.600000	 10.634622	 4.470000
-4.400000	 0.650000	 10.492894	 4.827709
-4.400000	 0.700000	 10.340584	 5.181864
-4.400000	 0.750000	 10.177866	 5.532189
-4.400000	 0.800000	 10.004930	 5.878409
-4.400000	 0.850000	 9.821975	 6.220248
-4.400000	 0.900000	 9.629216	 6.557428
-4.400000	 0.950000	 9.426880	 6.889673
-4.400000	 1.000000	 9.215208	 7.216704
-4.400000	 1.050000	 8.994453	 7.538244
-4.400000	 1.100000	 8.764883	 7.854013
-4.400000	 1.150000	 8.526778	 8.163730
-4.400000	 1.200000	 8.280432	 8.467114
-4.400000	 1.250000	 8.026152	 8.763884
-4.400000	 1.300000	 7.764259	 9.053757
-4.400000	 1.350000	 7.495087	 9.336447
-4.400000	 1.400000	 7.218985	 9.611670
-4.400000	 1.450000	 6.936315	 9.879139
-4.400000	 1.500000	 6.647452	 10.138565
-4.400000	 1.550000	 6.352787	 10.389659
-4.400000	 1.600000	 6.052723	 10.632127
-4.400000	 1.650000	 5.747678	 10.865677
-4.400000	 1.700000	 5.438087	 11.090012
-4.400000	 1.750000	 5.124396	 11.304835
-4.400000	 1.800000	 4.807067	 11.509843
-4.400000	 1.850000	 4.486579	 11.704734
-4.400000	 1.900000	 4.163423	 11.889200
-4.400000	 1.950000	 3.838108	 12.062930
-4.400000	 2.000000	 3.511158	 12.225611
-4.400000	 2.050000	 3.183114	 12.376924
-4.400000	 2.100000	 2.854533	 12.516544
-4.400000	 2.150000	 2.525989	 12.644145
-4.400000	 2.200000	 2.198075	 12.759390
-4.400000	 2.250000	 1.871400	 12.861939
-4.400000	 2.300000	 1.546594	 12.951444
-4.400000	 2.350000	 1.224305	 13.027547
-4.400000	 2.400000	 0.905204	 13.089882
-4.400000	 2.450000	 0.589982	 13.138074
-4.400000	 2.500000	 0.279352	 13.171733
-4.400000	 2.550000	 -0.025947	 13.190458
-4.400000	 2.600000	 -0.325150	 13.193831
-4.400000	 2.650000	 -0.617467	 13.181417
-4.400000	 2.700000	 -0.902073	 13.152761
-4.400000	 2.750000	 -1.178116	 13.107386
-4.400000	 2.800000	 -1.444703	 13.044785
-4.400000	 2.850000	 -1.700905	 12.964423
-4.400000	 2.900000	 -1.945747	 12.865726
-4.400000	 2.950000	 -2.178205	 12.748080
-4.400000	 3.000000	 -2.397199	 12.610819
-4.350000	 -3.000000	 -2.432090	 -12.014855
-4.350000	 -2.950000	 -2.231474	 -12.163364
-4.350000	 -2.900000	 -2.016785	 -12.291933
-4.350000	 -2.850000	 -1.789151	 -12.401282
-4.350000	 -2.800000	 -1.549635	 -12.492072
-4.350000	 -2.750000	 -1.299246	 -12.564911
-4.350000	 -2.700000	 -1.038943	 -12.620370
-4.350000	 -2.650000	 -0.769640	 -12.658979
-4.350000	 -2.600000	 -0.492213	 -12.681239
-4.350000	 -2.550000	 -0.207502	 -12.687627
-4.350000	 -2.500000	 0.083684	 -12.678592
-4.350000	 -2.450000	 0.380568	 -12.654568
-4.350000	 -2.400000	 0.682400	 -12.615968
-4.350000	 -2.350000	 0.988455	 -12.563191
-4.350000	 -2.300000	 1.298033	 -12.496623
-4.350000	 -2.250000	 1.610457	 -12.416637
-4.350000	 -2.200000	 1.925069	 -12.323599
-4.350000	 -2.150000	 2.241236	 -12.217861
-4.350000	 -2.100000	 2.558341	 -12.099769
-4.350000	 -2.050000	 2.875787	 -11.969664
-4.350000	 -2.000000	 3.192995	 -11.827877
-4.350000	 -1.950000	 3.509404	 -11.674734
-4.350000	 -1.900000	 3.824470	 -11.510558
-4.350000	 -1.850000	 4.137666	 -11.335664
-4.350000	 -1.800000	 4.448480	 -11.150365
-4.350000	 -1.750000	 4.756418	 -10.954969
-4.350000	 -1.700000	 5.060999	 -10.749782
-4.350000	 -1.650000	 5.361759	 -10.535106
-4.350000	 -1.600000	 5.658248	 -10.311239
-4.350000	 -1.550000	 5.950033	 -10.078479
-4.350000	 -1.500000	 6.236693	 -9.837119
-4.350000	 -1.450000	 6.517822	 -9.587452
-4.350000	 -1.400000	 6.793029	 -9.329767
-4.350000	 -1.350000	 7.061938	 -9.064354
-4.350000	 -1.300000	 7.324185	 -8.791498
-4.350000	 -1.250000	 7.579421	 -8.511485
-4.350000	 -1.200000	 7.827311	 -8.224599
-4.350000	 -1.150000	 8.067533	 -7.931123
-4.350000	 -1.100000	 8.299778	 -7.631338
-4.350000	 -1.050000	 8.523753	 -7.325524
-4.350000	 -1.000000	 8.739176	 -7.013961
-4.350000	 -0.950000	 8.945780	 -6.696927
-4.350000	 -0.900000	 9.143310	 -6.374701
-4.350000	 -0.850000	 9.331526	 -6.047559
-4.350000	 -0.800000	 9.510199	 -5.715778
-4.350000	 -0.750000	 9.679115	 -5.379633
-4.350000	 -0.700000	 9.838073	 -5.039400
-4.350000	 -0.650000	 9.986885	 -4.695353
-4.350000	 -0.600000	 10.125374	 -4.347767
-4.350000	 -0.550000	 10.253380	 -3.996915
-4.350000	 -0.500000	 10.370753	 -3.643071
-4.350000	 -0.450000	 10.477358	 -3.286507
-4.350000	 -0.400000	 10.573071	 -2.927497
-4.350000	 -0.350000	 10.657782	 -2.566313
-4.350000	 -0.300000	 10.731394	 -2.203227
-4.350000	 -0.250000	 10.793823	 -1.838512
-4.350000	 -0.200000	 10.402531	 -1.100419
-4.350000	 -0.150000	 10.413001	 -0.826041
-4.350000	 -0.100000	 10.420495	 -0.551040
-4.350000	 -0.050000	 10.424999	 -0.275624
-4.350000	 -0.000000	 10.426501	 -0.000000
-4.350000	 0.050000	 10.424999	 0.275624
-4.350000	 0.100000	 10.420495	 0.551040
-4.350000	 0.150000	 10.413001	 0.826041
-4.350000	 0.200000	 10.402531	 1.100419
-4.350000	 0.250000	 10.793823	 1.838512
-4.350000	 0.300000	 10.731394	 2.203227
-4.350000	 0.350000	 10.657782	 2.566313
-4.350000	 0.400000	 10.573071	 2.927497
-4.350000	 0.450000	 10.477358	 3.286507
-4.350000	 0.500000	 10.370753	 3.643071
-4.350000	 0.550000	 10.253380	 3.996915
-4.350000	 0.600000	 10.125374	 4.347767
-4.350000	 0.650000	 9.986885	 4.695353
-4.350000	 0.700000	 9.838073	 5.039400
-4.350000	 0.750000	 9.679115	 5.379633
-4.350000	 0.800000	 9.510199	 5.715778
-4.350000	 0.850000	 9.331526	 6.047559
-4.350000	 0.900000	 9.143310	 6.374701
-4.350000	 0.950000	 8.945780	 6.696927
-4.350000	 1.000000	 8.739176	 7.013961
-4.350000	 1.050000	 8.523753	 7.325524
-4.350000	 1.100000	 8.299778	 7.631338
-4.350000	 1.150000	 8.067533	 7.931123
-4.350000	 1.200000	 7.827311	 8.224599
-4.350000	 1.250000	 7.579421	 8.511485
-4.350000	 1.300000	 7.324185	 8.791498
-4.350000	 1.350000	 7.061938	 9.064354
-4.350000	 1.400000	 6.793029	 9.329767
-4.350000	 1.450000	 6.517822	 9.587452
-4.350000	 1.500000	 6.236693	 9.837119
-4.350000	 1.550000	 5.950033	 10.078479
-4.350000	 1.600000	 5.658248	 10.311239
-4.350000	 1.650000	 5.361759	 10.535106
-4.350000	 1.700000	 5.060999	 10.749782
-4.350000	 1.750000	 4.756418	 10.954969
-4.350000	 1.800000	 4.448480	 11.150365
-4.350000	 1.850000	 4.137666	 11.335664
-4.350000	 1.900000	 3.824470	 11.510558
-4.350000	 1.950000	 3.509404	 11.674734
-4.350000	 2.000000	 3.192995	 11.827877
-4.350000	 2.050000	 2.875787	 11.969664
-4.350000	 2.100000	 2.558341	 12.099769
-4.350000	 2.150000	 2.241236	 12.217861
-4.350000	 2.200000	 1.925069	 12.323599
-4.350000	 2.250000	 1.610457	 12.416637
-4.350000	 2.300000	 1.298033	 12.496623
-4.350000	 2.350000	 0.988455	 12.563191
-4.350000	 2.400000	 0.682400	 12.615968
-4.350000	 2.450000	 0.380568	 12.654568
-4.350000	 2.500000	 0.083684	 12.678592
-4.350000	 2.550000	 -0.207502	 12.687627
-4.350000	 2.600000	 -0.492213	 12.681239
-4.350000	 2.650000	 -0.769640	 12.658979
-4.350000	 2.700000	 -1.038943	 12.620370
-4.350000	 2.750000	 -1.299246	 12.564911
-4.350000	 2.800000	 -1.549635	 12.492072
-4.350000	 2.850000	 -1.789151	 12.401282
-4.350000	 2.900000	 -2.016785	 12.291933
-4.350000	 2.950000	 -2.231474	 12.163364
-4.350000	 3.000000	 -2.432090	 12.014855
-4.300000	 -3.000000	 -2.450457	 -11.425801
-4.300000	 -2.950000	 -2.268395	 -11.585812
-4.300000	 -2.900000	 -2.071603	 -11.725498
-4.300000	 -2.850000	 -1.861264	 -11.845643
-4.300000	 -2.800000	 -1.638490	 -11.946960
-4.300000	 -2.750000	 -1.404328	 -12.030103
-4.300000	 -2.700000	 -1.159769	 -12.095679
-4.300000	 -2.650000	 -0.905756	 -12.144250
-4.300000	 -2.600000	 -0.643191	 -12.176344
-4.300000	 -2.550000	 -0.372932	 -12.192459
-4.300000	 -2.500000	 -0.095807	 -12.193066
-4.300000	 -2.450000	 0.187392	 -12.178614
-4.300000	 -2.400000	 0.475901	 -12.149529
-4.300000	 -2.350000	 0.768983	 -12.106225
-4.300000	 -2.300000	 1.065929	 -12.049096
-4.300000	 -2.250000	 1.366052	 -11.978526
-4.300000	 -2.200000	 1.668688	 -11.894887
-4.300000	 -2.150000	 1.973194	 -11.798538
-4.300000	 -2.100000	 2.278949	 -11.689833
-4.300000	 -2.050000	 2.585349	 -11.569115
-4.300000	 -2.000000	 2.891812	 -11.436720
-4.300000	 -1.950000	 3.197771	 -11.292979
-4.300000	 -1.900000	 3.502679	 -11.138215
-4.300000	 -1.850000	 3.806005	 -10.972750
-4.300000	 -1.800000	 4.107235	 -10.796895
-4.300000	 -1.750000	 4.405870	 -10.610964
-4.300000	 -1.700000	 4.701428	 -10.415261
-4.300000	 -1.650000	 4.993443	 -10.210090
-4.300000	 -1.600000	 5.281462	 -9.995751
-4.300000	 -1.550000	 5.565051	 -9.772541
-4.300000	 -1.500000	 5.843785	 -9.540756
-4.300000	 -1.450000	 6.117260	 -9.300687
-4.300000	 -1.400000	 6.385082	 -9.052626
-4.300000	 -1.350000	 6.646872	 -8.796859
-4.300000	 -1.300000	 6.902267	 -8.533675
-4.300000	 -1.250000	 7.150916	 -8.263357
-4.300000	 -1.200000	 7.392484	 -7.986190
-4.300000	 -1.150000	 7.626646	 -7.702456
-4.300000	 -1.100000	 7.853095	 -7.412435
-4.300000	 -1.050000	 8.071535	 -7.116408
-4.300000	 -1.000000	 8.281685	 -6.814653
-4.300000	 -0.950000	 8.483276	 -6.507449
-4.300000	 -0.900000	 8.676053	 -6.195072
-4.300000	 -0.850000	 8.859775	 -5.877799
-4.300000	 -0.800000	 9.034214	 -5.555904
-4.300000	 -0.750000	 9.199154	 -5.229664
-4.300000	 -0.700000	 9.354394	 -4.899352
-4.300000	 -0.650000	 9.499745	 -4.565242
-4.300000	 -0.600000	 9.635033	 -4.227607
-4.300000	 -0.550000	 9.760093	 -3.886719
-4.300000	 -0.500000	 9.874778	 -3.542852
-4.300000	 -0.450000	 9.978951	 -3.196278
-4.300000	 -0.400000	 10.072488	 -2.847267
-4.300000	 -0.350000	 10.155280	 -2.496091
-4.300000	 -0.300000	 10.227230	 -2.143022
-4.300000	 -0.250000	 10.288253	 -1.788330
-4.300000	 -0.200000	 9.901792	 -1.067075
-4.300000	 -0.150000	 9.911976	 -0.801029
-4.300000	 -0.100000	 9.919267	 -0.534363
-4.300000	 -0.050000	 9.923648	 -0.267285
-4.300000	 -0.000000	 9.925109	 -0.000000
-4.300000	 0.050000	 9.923648	 0.267285
-4.300000	 0.100000	 9.919267	 0.534363
-4.300000	 0.150000	 9.911976	 0.801029
-4.300000	 0.200000	 9.901792	 1.067075
-4.300000	 0.250000	 10.288253	 1.788330
-4.300000	 0.300000	 10.227230	 2.143022
-4.300000	 0.350000	 10.155280	 2.496091
-4.300000	 0.400000	 10.072488	 2.847267
-4.300000	 0.450000	 9.978951	 3.196278
-4.300000	 0.500000	 9.874778	 3.542852
-4.300000	 0.550000	 9.760093	 3.886719
-4.300000	 0.600000	 9.635033	 4.227607
-4.300000	 0.650000	 9.499745	 4.565242
-4.300000	 0.700000	 9.354394	 4.899352
-4.300000	 0.750000	 9.199154	 5.229664
-4.300000	 0.800000	 9.034214	 5.555904
-4.300000	 0.850000	 8.859775	 5.877799
-4.300000	 0.900000	 8.676053	 6.195072
-4.300000	 0.950000	 8.483276	 6.507449
-4.300000	 1.000000	 8.281685	 6.814653
-4.300000	 1.050000	 8.071535	 7.116408
-4.300000	 1.100000	 7.853095	 7.412435
-4.300000	 1.150000	 7.626646	 7.702456
-4.300000	 1.200000	 7.392484	 7.986190
-4.300000	 1.250000	 7.150916	 8.263357
-4.300000	 1.300000	 6.902267	 8.533675
-4.300000	 1.350000	 6.646872	 8.796859
-4.300000	 1.400000	 6.385082	 9.052626
-4.300000	 1.450000	 6.117260	 9.300687
-4.300000	 1.500000	 5.843785	 9.540756
-4.300000	 1.550000	 5.565051	 9.772541
-4.300000	 1.600000	 5.281462	 9.995751
-4.300000	 1.650000	 4.993443	 10.210090
-4.300000	 1.700000	 4.701428	 10.415261
-4.300000	 1.750000	 4.405870	 10.610964
-4.300000	 1.800000	 4.107235	 10.796895
-4.300000	 1.850000	 3.806005	 10.972750
-4.300000	 1.900000	 3.502679	 11.138215
-4.300000	 1.950000	 3.197771	 11.292979
-4.300000	 2.000000	 2.891812	 11.436720
-4.300000	 2.050000	 2.585349	 11.569115
-4.300000	 2.100000	 2.278949	 11.689833
-4.300000	 2.150000	 1.973194	 11.798538
-4.300000	 2.200000	 1.668688	 11.894887
-4.300000	 2.250000	 1.366052	 11.978526
-4.300000	 2.300000	 1.065929	 12.049096
-4.300000	 2.350000	 0.768983	 12.106225
-4.300000	 2.400000	 0.475901	 12.149529
-4.300000	 2.450000	 0.187392	 12.178614
-4.300000	 2.500000	 -0.095807	 12.193066
-4.300000	 2.550000	 -0.372932	 12.192459
-4.300000	 2.600000	 -0.643191	 12.176344
-4.300000	 2.650000	 -0.905756	 12.144250
-4.300000	 2.700000	 -1.159769	 12.095679
-4.300000	 2.750000	 -1.404328	 12.030103
-4.300000	 2.800000	 -1.638490	 11.946960
-4.300000	 2.850000	 -1.861264	 11.845643
-4.300000	 2.900000	 -2.071603	 11.725498
-4.300000	 2.950000	 -2.268395	 11.585812
-4.300000	 3.000000	 -2.450457	 11.425801
-4.250000	 -3.000000	 -2.452411	 -10.843117
-4.250000	 -2.950000	 -2.289134	 -11.014951
-4.250000	 -2.900000	 -2.110412	 -11.166004
-4.250000	 -2.850000	 -1.917495	 -11.297136
-4.250000	 -2.800000	 -1.711550	 -11.409120
-4.250000	 -2.750000	 -1.493669	 -11.502666
-4.250000	 -2.700000	 -1.264882	 -11.578422
-4.250000	 -2.650000	 -1.026167	 -11.636989
-4.250000	 -2.600000	 -0.778450	 -11.678924
-4.250000	 -2.550000	 -0.522617	 -11.704754
-4.250000	 -2.500000	 -0.259513	 -11.714969
-4.250000	 -2.450000	 0.010051	 -11.710039
-4.250000	 -2.400000	 0.285295	 -11.690408
-4.250000	 -2.350000	 0.565472	 -11.656501
-4.250000	 -2.300000	 0.849857	 -11.608725
-4.250000	 -2.250000	 1.137756	 -11.547476
-4.250000	 -2.200000	 1.428495	 -11.473132
-4.250000	 -2.150000	 1.721423	 -11.386063
-4.250000	 -2.100000	 2.015912	 -11.286627
-4.250000	 -2.050000	 2.311354	 -11.175173
-4.250000	 -2.000000	 2.607159	 -11.052043
-4.250000	 -1.950000	 2.902757	 -10.917571
-4.250000	 -1.900000	 3.197595	 -10.772085
-4.250000	 -1.850000	 3.491139	 -10.615908
-4.250000	 -1.800000	 3.782872	 -10.449357
-4.250000	 -1.750000	 4.072291	 -10.272743
-4.250000	 -1.700000	 4.358913	 -10.086376
-4.250000	 -1.650000	 4.642266	 -9.890560
-4.250000	 -1.600000	 4.921899	 -9.685597
-4.250000	 -1.550000	 5.197372	 -9.471784
-4.250000	 -1.500000	 5.468262	 -9.249417
-4.250000	 -1.450000	 5.734160	 -9.018790
-4.250000	 -1.400000	 5.994672	 -8.780192
-4.250000	 -1.350000	 6.249418	 -8.533912
-4.250000	 -1.300000	 6.498033	 -8.280237
-4.250000	 -1.250000	 6.740165	 -8.019452
-4.250000	 -1.200000	 6.975477	 -7.751841
-4.250000	 -1.150000	 7.203646	 -7.477684
-4.250000	 -1.100000	 7.424361	 -7.197263
-4.250000	 -1.050000	 7.637326	 -6.910857
-4.250000	 -1.000000	 7.842260	 -6.618745
-4.250000	 -0.950000	 8.038893	 -6.321203
-4.250000	 -0.900000	 8.226969	 -6.018508
-4.250000	 -0.850000	 8.406248	 -5.710935
-4.250000	 -0.800000	 8.576499	 -5.398759
-4.250000	 -0.750000	 8.737507	 -5.082254
-4.250000	 -0.700000	 8.889071	 -4.761694
-4.250000	 -0.650000	 9.031001	 -4.437351
-4.250000	 -0.600000	 9.163121	 -4.109497
-4.250000	 -0.550000	 9.285270	 -3.778405
-4.250000	 -0.500000	 9.397296	 -3.444345
-4.250000	 -0.450000	 9.499065	 -3.107589
-4.250000	 -0.400000	 9.590452	 -2.768406
-4.250000	 -0.350000	 9.671347	 -2.427068
-4.250000	 -0.300000	 9.741652	 -2.083844
-4.250000	 -0.250000	 9.801284	 -1.739005
-4.250000	 -0.200000	 9.419673	 -1.034320
-4.250000	 -0.150000	 9.429574	 -0.776459
-4.250000	 -0.100000	 9.436663	 -0.517981
-4.250000	 -0.050000	 9.440923	 -0.259093
-4.250000	 -0.000000	 9.442344	 -0.000000
-4.250000	 0.050000	 9.440923	 0.259093
-4.250000	 0.100000	 9.436663	 0.517981
-4.250000	 0.150000	 9.429574	 0.776459
-4.250000	 0.200000	 9.419673	 1.034320
-4.250000	 0.250000	 9.801284	 1.739005
-4.250000	 0.300000	 9.741652	 2.083844
-4.250000	 0.350000	 9.671347	 2.427068
-4.250000	 0.400000	 9.590452	 2.768406
-4.250000	 0.450000	 9.499065	 3.107589
-4.250000	 0.500000	 9.397296	 3.444345
-4.250000	 0.550000	 9.285270	 3.778405
-4.250000	 0.600000	 9.163121	 4.109497
-4.250000	 0.650000	 9.031001	 4.437351
-4.250000	 0.700000	 8.889071	 4.761694
-4.250000	 0.750000	 8.737507	 5.082254
-4.250000	 0.800000	 8.576499	 5.398759
-4.250000	 0.850000	 8.406248	 5.710935
-4.250000	 0.900000	 8.226969	 6.018508
-4.250000	 0.950000	 8.038893	 6.321203
-4.250000	 1.000000	 7.842260	 6.618745
-4.250000	 1.050000	 7.637326	 6.910857
-4.250000	 1.100000	 7.424361	 7.197263
-4.250000	 1.150000	 7.203646	 7.477684
-4.250000	 1.200000	 6.975477	 7.751841
-4.250000	 1.250000	 6.740165	 8.019452
-4.250000	 1.300000	 6.498033	 8.280237
-4.250000	 1.350000	 6.249418	 8.533912
-4.250000	 1.400000	 5.994672	 8.780192
-4.250000	 1.450000	 5.734160	 9.018790
-4.250000	 1.500000	 5.468262	 9.249417
-4.250000	 1.550000	 5.197372	 9.471784
-4.250000	 1.600000	 4.921899	 9.685597
-4.250000	 1.650000	 4.642266	 9.890560
-4.250000	 1.700000	 4.358913	 10.086376
-4.250000	 1.750000	 4.072291	 10.272743
-4.250000	 1.800000	 3.782872	 10.449357
-4.250000	 1.850000	 3.491139	 10.615908
-4.250000	 1.900000	 3.197595	 10.772085
-4.250000	 1.950000	 2.902757	 10.917571
-4.250000	 2.000000	 2.607159	 11.052043
-4.250000	 2.050000	 2.311354	 11.175173
-4.250000	 2.100000	 2.015912	 11.286627
-4.250000	 2.150000	 1.721423	 11.386063
-4.250000	 2.200000	 1.428495	 11.473132
-4.250000	 2.250000	 1.137756	 11.547476
-4.250000	 2.300000	 0.849857	 11.608725
-4.250000	 2.350000	 0.565472	 11.656501
-4.250000	 2.400000	 0.285295	 11.690408
-4.250000	 2.450000	 0.010051	 11.710039
-4.250000	 2.500000	 -0.259513	 11.714969
-4.250000	 2.550000	 -0.522617	 11.704754
-4.250000	 2.600000	 -0.778450	 11.678924
-4.250000	 2.650000	 -1.026167	 11.636989
-4.250000	 2.700000	 -1.264882	 11.578422
-4.250000	 2.750000	 -1.493669	 11.502666
-4.250000	 2.800000	 -1.711550	 11.409120
-4.250000	 2.850000	 -1.917495	 11.297136
-4.250000	 2.900000	 -2.110412	 11.166004
-4.250000	 2.950000	 -2.289134	 11.014951
-4.250000	 3.000000	 -2.452411	 10.843117
-4.200000	 -3.000000	 -2.437995	 -10.266185
-4.200000	 -2.950000	 -2.293801	 -10.450248
-4.200000	 -2.900000	 -2.133378	 -10.612986
-4.200000	 -2.850000	 -1.958054	 -10.755350
-4.200000	 -2.800000	 -1.769062	 -10.878190
-4.200000	 -2.750000	 -1.567548	 -10.982277
-4.200000	 -2.700000	 -1.354589	 -11.068310
-4.200000	 -2.650000	 -1.131199	 -11.136933
-4.200000	 -2.600000	 -0.898338	 -11.188743
-4.200000	 -2.550000	 -0.656919	 -11.224293
-4.200000	 -2.500000	 -0.407810	 -11.244103
-4.200000	 -2.450000	 -0.151843	 -11.248663
-4.200000	 -2.400000	 0.110187	 -11.238435
-4.200000	 -2.350000	 0.377514	 -11.213862
-4.200000	 -2.300000	 0.649403	 -11.175366
-4.200000	 -2.250000	 0.925147	 -11.123351
-4.200000	 -2.200000	 1.204063	 -11.058208
-4.200000	 -2.150000	 1.485492	 -10.980315
-4.200000	 -2.100000	 1.768796	 -10.890038
-4.200000	 -2.050000	 2.053362	 -10.787733
-4.200000	 -2.000000	 2.338593	 -10.673746
-4.200000	 -1.950000	 2.623914	 -10.548417
-4.200000	 -1.900000	 2.908769	 -10.412078
-4.200000	 -1.850000	 3.192617	 -10.265054
-4.200000	 -1.800000	 3.474938	 -10.107667
-4.200000	 -1.750000	 3.755227	 -9.940230
-4.200000	 -1.700000	 4.032995	 -9.763054
-4.200000	 -1.650000	 4.307771	 -9.576447
-4.200000	 -1.600000	 4.579099	 -9.380709
-4.200000	 -1.550000	 4.846538	 -9.176142
-4.200000	 -1.500000	 5.109662	 -8.963041
-4.200000	 -1.450000	 5.368060	 -8.741700
-4.200000	 -1.400000	 5.621338	 -8.512410
-4.200000	 -1.350000	 5.869113	 -8.275459
-4.200000	 -1.300000	 6.111019	 -8.031135
-4.200000	 -1.250000	 6.346703	 -7.779723
-4.200000	 -1.200000	 6.575827	 -7.521506
-4.200000	 -1.150000	 6.798066	 -7.256765
-4.200000	 -1.100000	 7.013109	 -6.985782
-4.200000	 -1.050000	 7.220659	 -6.708833
-4.200000	 -1.000000	 7.420434	 -6.426199
-4.200000	 -0.950000	 7.612164	 -6.138154
-4.200000	 -0.900000	 7.795591	 -5.844975
-4.200000	 -0.850000	 7.970475	 -5.546937
-4.200000	 -0.800000	 8.136585	 -5.244314
-4.200000	 -0.750000	 8.293706	 -4.937378
-4.200000	 -0.700000	 8.441634	 -4.626402
-4.200000	 -0.650000	 8.580182	 -4.311659
-4.200000	 -0.600000	 8.709171	 -3.993419
-4.200000	 -0.550000	 8.828440	 -3.671953
-4.200000	 -0.500000	 8.937839	 -3.347531
-4.200000	 -0.450000	 9.037231	 -3.020424
-4.200000	 -0.400000	 9.126491	 -2.690901
-4.200000	 -0.350000	 9.205511	 -2.359232
-4.200000	 -0.300000	 9.274191	 -2.025684
-4.200000	 -0.250000	 9.332448	 -1.690528
-4.200000	 -0.200000	 8.955705	 -1.002147
-4.200000	 -0.150000	 8.965325	 -0.752325
-4.200000	 -0.100000	 8.972214	 -0.501890
-4.200000	 -0.050000	 8.976353	 -0.251047
-4.200000	 -0.000000	 8.977734	 -0.000000
-4.200000	 0.050000	 8.976353	 0.251047
-4.200000	 0.100000	 8.972214	 0.501890
-4.200000	 0.150000	 8.965325	 0.752325
-4.200000	 0.200000	 8.955705	 1.002147
-4.200000	 0.250000	 9.332448	 1.690528
-4.200000	 0.300000	 9.274191	 2.025684
-4.200000	 0.350000	 9.205511	 2.359232
-4.200000	 0.400000	 9.126491	 2.690901
-4.200000	 0.450000	 9.037231	 3.020424
-4.200000	 0.500000	 8.937839	 3.347531
-4.200000	 0.550000	 8.828440	 3.671953
-4.200000	 0.600000	 8.709171	 3.993419
-4.200000	 0.650000	 8.580182	 4.311659
-4.200000	 0.700000	 8.441634	 4.626402
-4.200000	 0.750000	 8.293706	 4.937378
-4.200000	 0.800000	 8.136585	 5.244314
-4.200000	 0.850000	 7.970475	 5.546937
-4.200000	 0.900000	 7.795591	 5.844975
-4.200000	 0.950000	 7.612164	 6.138154
-4.200000	 1.000000	 7.420434	 6.426199
-4.200000	 1.050000	 7.220659	 6.708833
-4.200000	 1.100000	 7.013109	 6.985782
-4.200000	 1.150000	 6.798066	 7.256765
-4.200000	 1.200000	 6.575827	 7.521506
-4.200000	 1.250000	 6.346703	 7.779723
-4.200000	 1.300000	 6.111019	 8.031135
-4.200000	 1.350000	 5.869113	 8.275459
-4.200000	 1.400000	 5.621338	 8.512410
-4.200000	 1.450000	 5.368060	 8.741700
-4.200000	 1.500000	 5.109662	 8.963041
-4.200000	 1.550000	 4.846538	 9.176142
-4.200000	 1.600000	 4.579099	 9.380709
-4.200000	 1.650000	 4.307771	 9.576447
-4.200000	 1.700000	 4.032995	 9.763054
-4.200000	 1.750000	 3.755227	 9.940230
-4.200000	 1.800000	 3.474938	 10.107667
-4.200000	 1.850000	 3.192617	 10.265054
-4.200000	 1.900000	 2.908769	 10.412078
-4.200000	 1.950000	 2.623914	 10.548417
-4.200000	 2.000000	 2.338593	 10.673746
-4.200000	 2.050000	 2.053362	 10.787733
-4.200000	 2.100000	 1.768796	 10.890038
-4.200000	 2.150000	 1.485492	 10.980315
-4.200000	 2.200000	 1.204063	 11.058208
-4.200000	 2.250000	 0.925147	 11.123351
-4.200000	 2.300000	 0.649403	 11.175366
-4.200000	 2.350000	 0.377514	 11.213862
-4.200000	 2.400000	 0.110187	 11.238435
-4.200000	 2.450000	 -0.151843	 11.248663
-4.200000	 2.500000	 -0.407810	 11.244103
-4.200000	 2.550000	 -0.656919	 11.224293
-4.200000	 2.600000	 -0.898338	 11.188743
-4.200000	 2.650000	 -1.131199	 11.136933
-4.200000	 2.700000	 -1.354589	 11.068310
-4.200000	 2.750000	 -1.567548	 10.982277
-4.200000	 2.800000	 -1.769062	 10.878190
-4.200000	 2.850000	 -1.958054	 10.755350
-4.200000	 2.900000	 -2.133378	 10.612986
-4.200000	 2.950000	 -2.293801	 10.450248
-4.200000	 3.000000	 -2.437995	 10.266185
-4.150000	 -3.000000	 6.880770	 4.774847
-4.150000	 -2.950000	 -2.282441	 -9.891095
-4.150000	 -2.900000	 -2.140611	 -10.065917
-4.150000	 -2.850000	 -1.983106	 -10.219827
-4.150000	 -2.800000	 -1.811236	 -10.353766
-4.150000	 -2.750000	 -1.626212	 -10.468577
-4.150000	 -2.700000	 -1.429166	 -10.565023
-4.150000	 -2.650000	 -1.221156	 -10.643799
-4.150000	 -2.600000	 -1.003179	 -10.705542
-4.150000	 -2.550000	 -0.776181	 -10.750844
-4.150000	 -2.500000	 -0.541056	 -10.780255
-4.150000	 -2.450000	 -0.298660	 -10.794289
-4.150000	 -2.400000	 -0.049809	 -10.793432
-4.150000	 -2.350000	 0.204716	 -10.778144
-4.150000	 -2.300000	 0.464165	 -10.748863
-4.150000	 -2.250000	 0.727817	 -10.706008
-4.150000	 -2.200000	 0.994978	 -10.649982
-4.150000	 -2.150000	 1.264979	 -10.581171
-4.150000	 -2.100000	 1.537175	 -10.499951
-4.150000	 -2.050000	 1.810943	 -10.406684
-4.150000	 -2.000000	 2.085681	 -10.301725
-4.150000	 -1.950000	 2.360807	 -10.185418
-4.150000	 -1.900000	 2.635760	 -10.058100
-4.150000	 -1.850000	 2.909996	 -9.920100
-4.150000	 -1.800000	 3.182989	 -9.771742
-4.150000	 -1.750000	 3.454230	 -9.613345
-4.150000	 -1.700000	 3.723228	 -9.445221
-4.150000	 -1.650000	 3.989508	 -9.267678
-4.150000	 -1.600000	 4.252611	 -9.081021
-4.150000	 -1.550000	 4.512095	 -8.885551
-4.150000	 -1.500000	 4.767530	 -8.681566
-4.150000	 -1.450000	 5.018506	 -8.469359
-4.150000	 -1.400000	 5.264623	 -8.249223
-4.150000	 -1.350000	 5.505500	 -8.021447
-4.150000	 -1.300000	 5.740767	 -7.786318
-4.150000	 -1.250000	 5.970072	 -7.544122
-4.150000	 -1.200000	 6.193073	 -7.295140
-4.150000	 -1.150000	 6.409446	 -7.039656
-4.150000	 -1.100000	 6.618879	 -6.777949
-4.150000	 -1.050000	 6.821074	 -6.510297
-4.150000	 -1.000000	 7.015746	 -6.236978
-4.150000	 -0.950000	 7.202627	 -5.958268
-4.150000	 -0.900000	 7.381457	 -5.674442
-4.150000	 -0.850000	 7.551995	 -5.385775
-4.150000	 -0.800000	 7.714011	 -5.092539
-4.150000	 -0.750000	 7.867288	 -4.795007
-4.150000	 -0.700000	 8.011622	 -4.493451
-4.150000	 -0.650000	 8.146825	 -4.188141
-4.150000	 -0.600000	 8.272719	 -3.879348
-4.150000	 -0.550000	 8.389142	 -3.567342
-4.150000	 -0.500000	 8.495943	 -3.252393
-4.150000	 -0.450000	 8.592984	 -2.934769
-4.150000	 -0.400000	 8.680143	 -2.614738
-4.150000	 -0.350000	 8.757309	 -2.292570
-4.150000	 -0.300000	 8.824383	 -1.968531
-4.150000	 -0.250000	 8.881281	 -1.642890
-4.150000	 -0.200000	 8.509424	 -0.970548
-4.150000	 -0.150000	 8.518765	 -0.728622
-4.150000	 -0.100000	 8.525455	 -0.486086
-4.150000	 -0.050000	 8.529475	 -0.243145
-4.150000	 -0.000000	 8.530816	 -0.000000
-4.150000	 0.050000	 8.529475	 0.243145
-4.150000	 0.100000	 8.525455	 0.486086
-4.150000	 0.150000	 8.518765	 0.728622
-4.150000	 0.200000	 8.509424	 0.970548
-4.150000	 0.250000	 8.881281	 1.642890
-4.150000	 0.300000	 8.824383	 1.968531
-4.150000	 0.350000	 8.757309	 2.292570
-4.150000	 0.400000	 8.680143	 2.614738
-4.150000	 0.450000	 8.592984	 2.934769
-4.150000	 0.500000	 8.495943	 3.252393
-4.150000	 0.550000	 8.389142	 3.567342
-4.150000	 0.600000	 8.272719	 3.879348
-4.150000	 0.650000	 8.146825	 4.188141
-4.150000	 0.700000	 8.011622	 4.493451
-4.150000	 0.750000	 7.867288	 4.795007
-4.150000	 0.800000	 7.714011	 5.092539
-4.150000	 0.850000	 7.551995	 5.385775
-4.150000	 0.900000	 7.381457	 5.674442
-4.150000	 0.950000	 7.202627	 5.958268
-4.150000	 1.000000	 7.015746	 6.236978
-4.150000	 1.050000	 6.821074	 6.510297
-4.150000	 1.100000	 6.618879	 6.777949
-4.150000	 1.150000	 6.409446	 7.039656
-4.150000	 1.200000	 6.193073	 7.295140
-4.150000	 1.250000	 5.970072	 7.544122
-4.150000	 1.300000	 5.740767	 7.786318
-4.150000	 1.350000	 5.505500	 8.021447
-4.150000	 1.400000	 5.264623	 8.249223
-4.150000	 1.450000	 5.018506	 8.469359
-4.150000	 1.500000	 4.767530	 8.681566
-4.150000	 1.550000	 4.512095	 8.885551
-4.150000	 1.600000	 4.252611	 9.081021
-4.150000	 1.650000	 3.989508	 9.267678
-4.150000	 1.700000	 3.723228	 9.445221
-4.150000	 1.750000	 3.454230	 9.613345
-4.150000	 1.800000	 3.182989	 9.771742
-4.150000	 1.850000	 2.909996	 9.920100
-4.150000	 1.900000	 2.635760	 10.058100
-4.150000	 1.950000	 2.360807	 10.185418
-4.150000	 2.000000	 2.085681	 10.301725
-4.150000	 2.050000	 1.810943	 10.406684
-4.150000	 2.100000	 1.537175	 10.499951
-4.150000	 2.150000	 1.264979	 10.581171
-4.150000	 2.200000	 0.994978	 10.649982
-4.150000	 2.250000	 0.727817	 10.706008
-4.150000	 2.300000	 0.464165	 10.748863
-4.150000	 2.350000	 0.204716	 10.778144
-4.150000	 2.400000	 -0.049809	 10.793432
-4.150000	 2.450000	 -0.298660	 10.794289
-4.150000	 2.500000	 -0.541056	 10.780255
-4.150000	 2.550000	 -0.776181	 10.750844
-4.150000	 2.600000	 -1.003179	 10.705542
-4.150000	 2.650000	 -1.221156	 10.643799
-4.150000	 2.700000	 -1.429166	 10.565023
-4.150000	 2.750000	 -1.626212	 10.468577
-4.150000	 2.800000	 -1.811236	 10.353766
-4.150000	 2.850000	 -1.983106	 10.219827
-4.150000	 2.900000	 -2.140611	 10.065917
-4.150000	 2.950000	 -2.282441	 9.891095
-4.150000	 3.000000	 6.880770	 -4.774847
-4.100000	 -3.000000	 6.460423	 4.552561
-4.100000	 -2.950000	 6.641079	 4.588728
-4.100000	 -2.900000	 -2.132156	 -9.524198
-4.100000	 -2.850000	 -1.992760	 -9.690048
-4.100000	 -2.800000	 -1.838234	 -9.835394
-4.100000	 -2.750000	 -1.669869	 -9.961169
-4.100000	 -2.700000	 -1.488857	 -10.068209
-4.100000	 -2.650000	 -1.296310	 -10.157270
-4.100000	 -2.600000	 -1.093272	 -10.229041
-4.100000	 -2.550000	 -0.880723	 -10.284154
-4.100000	 -2.500000	 -0.659590	 -10.323194
-4.100000	 -2.450000	 -0.430756	 -10.346708
-4.100000	 -2.400000	 -0.195059	 -10.355206
-4.100000	 -2.350000	 0.046701	 -10.349169
-4.100000	 -2.300000	 0.293755	 -10.329055
-4.100000	 -2.250000	 0.545369	 -10.295298
-4.100000	 -2.200000	 0.800835	 -10.248313
-4.100000	 -2.150000	 1.059475	 -10.188499
-4.100000	 -2.100000	 1.320632	 -10.116242
-4.100000	 -2.050000	 1.583676	 -10.031913
-4.100000	 -2.000000	 1.847997	 -9.935873
-4.100000	 -1.950000	 2.113007	 -9.828473
-4.100000	 -1.900000	 2.378139	 -9.710056
-4.100000	 -1.850000	 2.642842	 -9.580955
-4.100000	 -1.800000	 2.906586	 -9.441498
-4.100000	 -1.750000	 3.168861	 -9.292007
-4.100000	 -1.700000	 3.429169	 -9.132797
-4.100000	 -1.650000	 3.687033	 -8.964180
-4.100000	 -1.600000	 3.941990	 -8.786462
-4.100000	 -1.550000	 4.193596	 -8.599945
-4.100000	 -1.500000	 4.441420	 -8.404929
-4.100000	 -1.450000	 4.685047	 -8.201708
-4.100000	 -1.400000	 4.924078	 -7.990576
-4.100000	 -1.350000	 5.158127	 -7.771822
-4.100000	 -1.300000	 5.386826	 -7.545734
-4.100000	 -1.250000	 5.609819	 -7.312598
-4.100000	 -1.200000	 5.826764	 -7.072696
-4.100000	 -1.150000	 6.037334	 -6.826311
-4.100000	 -1.100000	 6.241218	 -6.573722
-4.100000	 -1.050000	 6.438115	 -6.315208
-4.100000	 -1.000000	 6.627742	 -6.051045
-4.100000	 -0.950000	 6.809827	 -5.781509
-4.100000	 -0.900000	 6.984112	 -5.506875
-4.100000	 -0.850000	 7.150353	 -5.227416
-4.100000	 -0.800000	 7.308321	 -4.943406
-4.100000	 -0.750000	 7.457797	 -4.655115
-4.100000	 -0.700000	 7.598578	 -4.362814
-4.100000	 -0.650000	 7.730475	 -4.066774
-4.100000	 -0.600000	 7.853309	 -3.767265
-4.100000	 -0.550000	 7.966918	 -3.464555
-4.100000	 -0.500000	 8.071150	 -3.158912
-4.100000	 -0.450000	 8.165869	 -2.850606
-4.100000	 -0.400000	 8.250951	 -2.539902
-4.100000	 -0.350000	 8.326284	 -2.227069
-4.100000	 -0.300000	 8.391770	 -1.912374
-4.100000	 -0.250000	 8.447325	 -1.596082
-4.100000	 -0.200000	 8.080371	 -0.939516
-4.100000	 -0.150000	 8.089436	 -0.705344
-4.100000	 -0.100000	 8.095928	 -0.470566
-4.100000	 -0.050000	 8.099830	 -0.235384
-4.100000	 -0.000000	 8.101132	 -0.000000
-4.100000	 0.050000	 8.099830	 0.235384
-4.100000	 0.100000	 8.095928	 0.470566
-4.100000	 0.150000	 8.089436	 0.705344
-4.100000	 0.200000	 8.080371	 0.939516
-4.100000	 0.250000	 8.447325	 1.596082
-4.100000	 0.300000	 8.391770	 1.912374
-4.100000	 0.350000	 8.326284	 2.227069
-4.100000	 0.400000	 8.250951	 2.539902
-4.100000	 0.450000	 8.165869	 2.850606
-4.100000	 0.500000	 8.071150	 3.158912
-4.100000	 0.550000	 7.966918	 3.464555
-4.100000	 0.600000	 7.853309	 3.767265
-4.100000	 0.650000	 7.730475	 4.066774
-4.100000	 0.700000	 7.598578	 4.362814
-4.100000	 0.750000	 7.457797	 4.655115
-4.100000	 0.800000	 7.308321	 4.943406
-4.100000	 0.850000	 7.150353	 5.227416
-4.100000	 0.900000	 6.984112	 5.506875
-4.100000	 0.950000	 6.809827	 5.781509
-4.100000	 1.000000	 6.627742	 6.051045
-4.100000	 1.050000	 6.438115	 6.315208
-4.100000	 1.100000	 6.241218	 6.573722
-4.100000	 1.150000	 6.037334	 6.826311
-4.100000	 1.200000	 5.826764	 7.072696
-4.100000	 1.250000	 5.609819	 7.312598
-4.100000	 1.300000	 5.386826	 7.545734
-4.100000	 1.350000	 5.158127	 7.771822
-4.100000	 1.400000	 4.924078	 7.990576
-4.100000	 1.450000	 4.685047	 8.201708
-4.100000	 1.500000	 4.441420	 8.404929
-4.100000	 1.550000	 4.193596	 8.599945
-4.100000	 1.600000	 3.941990	 8.786462
-4.100000	 1.650000	 3.687033	 8.964180
-4.100000	 1.700000	 3.429169	 9.132797
-4.100000	 1.750000	 3.168861	 9.292007
-4.100000	 1.800000	 2.906586	 9.441498
-4.100000	 1.850000	 2.642842	 9.580955
-4.100000	 1.900000	 2.378139	 9.710056
-4.100000	 1.950000	 2.113007	 9.828473
-4.100000	 2.000000	 1.847997	 9.935873
-4.100000	 2.050000	 1.583676	 10.031913
-4.100000	 2.100000	 1.320632	 10.116242
-4.100000	 2.150000	 1.059475	 10.188499
-4.100000	 2.200000	 0.800835	 10.248313
-4.100000	 2.250000	 0.545369	 10.295298
-4.100000	 2.300000	 0.293755	 10.329055
-4.100000	 2.350000	 0.046701	 10.349169
-4.100000	 2.400000	 -0.195059	 10.355206
-4.100000	 2.450000	 -0.430756	 10.346708
-4.100000	 2.500000	 -0.659590	 10.323194
-4.100000	 2.550000	 -0.880723	 10.284154
-4.100000	 2.600000	 -1.093272	 10.229041
-4.100000	 2.650000	 -1.296310	 10.157270
-4.100000	 2.700000	 -1.488857	 10.068209
-4.100000	 2.750000	 -1.669869	 9.961169
-4.100000	 2.800000	 -1.838234	 9.835394
-4.100000	 2.850000	 -1.992760	 9.690048
-4.100000	 2.900000	 -2.132156	 9.524198
-4.100000	 2.950000	 6.641079	 -4.588728
-4.100000	 3.000000	 6.460423	 -4.552561
-4.050000	 -3.000000	 6.061719	 4.341741
-4.050000	 -2.950000	 6.234303	 4.375905
-4.050000	 -2.900000	 6.407106	 4.407665
-4.050000	 -2.850000	 -1.987062	 -9.165422
-4.050000	 -2.800000	 -1.850168	 -9.322563
-4.050000	 -2.750000	 -1.698679	 -9.459607
-4.050000	 -2.700000	 -1.533866	 -9.577477
-4.050000	 -2.650000	 -1.356904	 -9.677002
-4.050000	 -2.600000	 -1.168888	 -9.758930
-4.050000	 -2.550000	 -0.970841	 -9.823945
-4.050000	 -2.500000	 -0.763729	 -9.872673
-4.050000	 -2.450000	 -0.548464	 -9.905696
-4.050000	 -2.400000	 -0.325912	 -9.923553
-4.050000	 -2.350000	 -0.096895	 -9.926751
-4.050000	 -2.300000	 0.137799	 -9.915769
-4.050000	 -2.250000	 0.377419	 -9.891060
-4.050000	 -2.200000	 0.621244	 -9.853053
-4.050000	 -2.150000	 0.868581	 -9.802163
-4.050000	 -2.100000	 1.118764	 -9.738784
-4.050000	 -2.050000	 1.371152	 -9.663300
-4.050000	 -2.000000	 1.625128	 -9.576078
-4.050000	 -1.950000	 1.880095	 -9.477477
-4.050000	 -1.900000	 2.135480	 -9.367846
-4.050000	 -1.850000	 2.390728	 -9.247525
-4.050000	 -1.800000	 2.645303	 -9.116845
-4.050000	 -1.750000	 2.898689	 -8.976132
-4.050000	 -1.700000	 3.150385	 -8.825706
-4.050000	 -1.650000	 3.399910	 -8.665879
-4.050000	 -1.600000	 3.646800	 -8.496961
-4.050000	 -1.550000	 3.890604	 -8.319256
-4.050000	 -1.500000	 4.130891	 -8.133065
-4.050000	 -1.450000	 4.367244	 -7.938685
-4.050000	 -1.400000	 4.599260	 -7.736409
-4.050000	 -1.350000	 4.826553	 -7.526528
-4.050000	 -1.300000	 5.048752	 -7.309331
-4.050000	 -1.250000	 5.265499	 -7.085102
-4.050000	 -1.200000	 5.476453	 -6.854127
-4.050000	 -1.150000	 5.681284	 -6.616686
-4.050000	 -1.100000	 5.879678	 -6.373060
-4.050000	 -1.050000	 6.071337	 -6.123526
-4.050000	 -1.000000	 6.255974	 -5.868361
-4.050000	 -0.950000	 6.433317	 -5.607841
-4.050000	 -0.900000	 6.603107	 -5.342240
-4.050000	 -0.850000	 6.765100	 -5.071830
-4.050000	 -0.800000	 6.919065	 -4.796884
-4.050000	 -0.750000	 7.064783	 -4.517673
-4.050000	 -0.700000	 7.202052	 -4.234467
-4.050000	 -0.650000	 7.330680	 -3.947535
-4.050000	 -0.600000	 7.450490	 -3.657147
-4.050000	 -0.550000	 7.561317	 -3.363570
-4.050000	 -0.500000	 7.663011	 -3.067071
-4.050000	 -0.450000	 7.755435	 -2.767919
-4.050000	 -0.400000	 7.838463	 -2.466379
-4.050000	 -0.350000	 7.911984	 -2.162718
-4.050000	 -0.300000	 7.975901	 -1.857202
-4.050000	 -0.250000	 8.030128	 -1.550096
-4.050000	 -0.200000	 7.668097	 -0.909042
-4.050000	 -0.150000	 7.676888	 -0.682485
-4.050000	 -0.100000	 7.683184	 -0.455324
-4.050000	 -0.050000	 7.686968	 -0.227763
-4.050000	 -0.000000	 7.688230	 -0.000000
-4.050000	 0.050000	 7.686968	 0.227763
-4.050000	 0.100000	 7.683184	 0.455324
-4.050000	 0.150000	 7.676888	 0.682485
-4.050000	 0.200000	 7.668097	 0.909042
-4.050000	 0.250000	 8.030128	 1.550096
-4.050000	 0.300000	 7.975901	 1.857202
-4.050000	 0.350000	 7.911984	 2.162718
-4.050000	 0.400000	 7.838463	 2.466379
-4.050000	 0.450000	 7.755435	 2.767919
-4.050000	 0.500000	 7.663011	 3.067071
-4.050000	 0.550000	 7.561317	 3.363570
-4.050000	 0.600000	 7.450490	 3.657147
-4.050000	 0.650000	 7.330680	 3.947535
-4.050000	 0.700000	 7.202052	 4.234467
-4.050000	 0.750000	 7.064783	 4.517673
-4.050000	 0.800000	 6.919065	 4.796884
-4.050000	 0.850000	 6.765100	 5.071830
-4.050000	 0.900000	 6.603107	 5.342240
-4.050000	 0.950000	 6.433317	 5.607841
-4.050000	 1.000000	 6.255974	 5.868361
-4.050000	 1.050000	 6.071337	 6.123526
-4.050000	 1.100000	 5.879678	 6.373060
-4.050000	 1.150000	 5.681284	 6.616686
-4.050000	 1.200000	 5.476453	 6.854127
-4.050000	 1.250000	 5.265499	 7.085102
-4.050000	 1.300000	 5.048752	 7.309331
-4.050000	 1.350000	 4.826553	 7.526528
-4.050000	 1.400000	 4.599260	 7.736409
-4.050000	 1.450000	 4.367244	 7.938685
-4.050000	 1.500000	 4.130891	 8.133065
-4.050000	 1.550000	 3.890604	 8.319256
-4.050000	 1.600000	 3.646800	 8.496961
-4.050000	 1.650000	 3.399910	 8.665879
-4.050000	 1.700000	 3.150385	 8.825706
-4.050000	 1.750000	 2.898689	 8.976132
-4.050000	 1.800000	 2.645303	 9.116845
-4.050000	 1.850000	 2.390728	 9.247525
-4.050000	 1.900000	 2.135480	 9.367846
-4.050000	 1.950000	 1.880095	 9.477477
-4.050000	 2.000000	 1.625128	 9.576078
-4.050000	 2.050000	 1.371152	 9.663300
-4.050000	 2.100000	 1.118764	 9.738784
-4.050000	 2.150000	 0.868581	 9.802163
-4.050000	 2.200000	 0.621244	 9.853053
-4.050000	 2.250000	 0.377419	 9.891060
-4.050000	 2.300000	 0.137799	 9.915769
-4.050000	 2.350000	 -0.096895	 9.926751
-4.050000	 2.400000	 -0.325912	 9.923553
-4.050000	 2.450000	 -0.548464	 9.905696
-4.050000	 2.500000	 -0.763729	 9.872673
-4.050000	 2.550000	 -0.970841	 9.823945
-4.050000	 2.600000	 -1.168888	 9.758930
-4.050000	 2.650000	 -1.356904	 9.677002
-4.050000	 2.700000	 -1.533866	 9.577477
-4.050000	 2.750000	 -1.698679	 9.459607
-4.050000	 2.800000	 -1.850168	 9.322563
-4.050000	 2.850000	 -1.987062	 9.165422
-4.050000	 2.900000	 6.407106	 -4.407665
-4.050000	 2.950000	 6.234303	 -4.375905
-4.050000	 3.000000	 6.061719	 -4.341741
-4.000000	 -3.000000	 5.684524	 4.142857
-4.000000	 -2.950000	 5.848662	 4.174266
-4.000000	 -2.900000	 6.013602	 4.204051
-4.000000	 -2.850000	 6.178780	 4.231586
-4.000000	 -2.800000	 -1.847082	 -8.814693
-4.000000	 -2.750000	 -1.712753	 -8.963387
-4.000000	 -2.700000	 -1.564356	 -9.092387
-4.000000	 -2.650000	 -1.403141	 -9.202607
-4.000000	 -2.600000	 -1.230265	 -9.294869
-4.000000	 -2.550000	 -1.046804	 -9.369914
-4.000000	 -2.500000	 -0.853766	 -9.428419
-4.000000	 -2.450000	 -0.652099	 -9.471006
-4.000000	 -2.400000	 -0.442700	 -9.498250
-4.000000	 -2.350000	 -0.226418	 -9.510688
-4.000000	 -2.300000	 -0.004061	 -9.508821
-4.000000	 -2.250000	 0.223599	 -9.493125
-4.000000	 -2.200000	 0.455825	 -9.464048
-4.000000	 -2.150000	 0.691910	 -9.422018
-4.000000	 -2.100000	 0.931175	 -9.367443
-4.000000	 -2.050000	 1.172970	 -9.300719
-4.000000	 -2.000000	 1.416667	 -9.222222
-4.000000	 -1.950000	 1.661661	 -9.132320
-4.000000	 -1.900000	 1.907372	 -9.031369
-4.000000	 -1.850000	 2.153238	 -8.919714
-4.000000	 -1.800000	 2.398718	 -8.797693
-4.000000	 -1.750000	 2.643290	 -8.665635
-4.000000	 -1.700000	 2.886451	 -8.523864
-4.000000	 -1.650000	 3.127713	 -8.372697
-4.000000	 -1.600000	 3.366610	 -8.212444
-4.000000	 -1.550000	 3.602687	 -8.043414
-4.000000	 -1.500000	 3.835511	 -7.865909
-4.000000	 -1.450000	 4.064662	 -7.680227
-4.000000	 -1.400000	 4.289734	 -7.486663
-4.000000	 -1.350000	 4.510341	 -7.285509
-4.000000	 -1.300000	 4.726108	 -7.077054
-4.000000	 -1.250000	 4.936676	 -6.861585
-4.000000	 -1.200000	 5.141701	 -6.639385
-4.000000	 -1.150000	 5.340854	 -6.410736
-4.000000	 -1.100000	 5.533820	 -6.175919
-4.000000	 -1.050000	 5.720298	 -5.935211
-4.000000	 -1.000000	 5.900000	 -5.688889
-4.000000	 -0.950000	 6.072654	 -5.437228
-4.000000	 -0.900000	 6.238000	 -5.180502
-4.000000	 -0.850000	 6.395792	 -4.918984
-4.000000	 -0.800000	 6.545800	 -4.652944
-4.000000	 -0.750000	 6.687804	 -4.382654
-4.000000	 -0.700000	 6.821601	 -4.108383
-4.000000	 -0.650000	 6.946998	 -3.830400
-4.000000	 -0.600000	 7.063818	 -3.548972
-4.000000	 -0.550000	 7.171896	 -3.264367
-4.000000	 -0.500000	 7.271081	 -2.976852
-4.000000	 -0.450000	 7.361236	 -2.686693
-4.000000	 -0.400000	 7.442234	 -2.394155
-4.000000	 -0.350000	 7.513966	 -2.099504
-4.000000	 -0.300000	 7.576332	 -1.803005
-4.000000	 -0.250000	 7.629247	 -1.504922
-4.000000	 -0.200000	 7.272155	 -0.879119
-4.000000	 -0.150000	 7.280674	 -0.660039
-4.000000	 -0.100000	 7.286775	 -0.440359
-4.000000	 -0.050000	 7.290443	 -0.220279
-4.000000	 -0.000000	 7.291667	 -0.000000
-4.000000	 0.050000	 7.290443	 0.220279
-4.000000	 0.100000	 7.286775	 0.440359
-4.000000	 0.150000	 7.280674	 0.660039
-4.000000	 0.200000	 7.272155	 0.879119
-4.000000	 0.250000	 7.261243	 1.097401
-4.000000	 0.300000	 7.576332	 1.803005
-4.000000	 0.350000	 7.513966	 2.099504
-4.000000	 0.400000	 7.442234	 2.394155
-4.000000	 0.450000	 7.361236	 2.686693
-4.000000	 0.500000	 7.271081	 2.976852
-4.000000	 0.550000	 7.171896	 3.264367
-4.000000	 0.600000	 7.063818	 3.548972
-4.000000	 0.650000	 6.946998	 3.830400
-4.000000	 0.700000	 6.821601	 4.108383
-4.000000	 0.750000	 6.687804	 4.382654
-4.000000	 0.800000	 6.545800	 4.652944
-4.000000	 0.850000	 6.395792	 4.918984
-4.000000	 0.900000	 6.238000	 5.180502
-4.000000	 0.950000	 6.072654	 5.437228
-4.000000	 1.000000	 5.900000	 5.688889
-4.000000	 1.050000	 5.720298	 5.935211
-4.000000	 1.100000	 5.533820	 6.175919
-4.000000	 1.150000	 5.340854	 6.410736
-4.000000	 1.200000	 5.141701	 6.639385
-4.000000	 1.250000	 4.936676	 6.861585
-4.000000	 1.300000	 4.726108	 7.077054
-4.000000	 1.350000	 4.510341	 7.285509
-4.000000	 1.400000	 4.289734	 7.486663
-4.000000	 1.450000	 4.064662	 7.680227
-4.000000	 1.500000	 3.835511	 7.865909
-4.000000	 1.550000	 3.602687	 8.043414
-4.000000	 1.600000	 3.366610	 8.212444
-4.000000	 1.650000	 3.127713	 8.372697
-4.000000	 1.700000	 2.886451	 8.523864
-4.000000	 1.750000	 2.643290	 8.665635
-4.000000	 1.800000	 2.398718	 8.797693
-4.000000	 1.850000	 2.153238	 8.919714
-4.000000	 1.900000	 1.907372	 9.031369
-4.000000	 1.950000	 1.661661	 9.132320
-4.000000	 2.000000	 1.416667	 9.222222
-4.000000	 2.050000	 1.172970	 9.300719
-4.000000	 2.100000	 0.931175	 9.367443
-4.000000	 2.150000	 0.691910	 9.422018
-4.000000	 2.200000	 0.455825	 9.464048
-4.000000	 2.250000	 0.223599	 9.493125
-4.000000	 2.300000	 -0.004061	 9.508821
-4.000000	 2.350000	 -0.226418	 9.510688
-4.000000	 2.400000	 -0.442700	 9.498250
-4.000000	 2.450000	 -0.652099	 9.471006
-4.000000	 2.500000	 -0.853766	 9.428419
-4.000000	 2.550000	 -1.046804	 9.369914
-4.000000	 2.600000	 -1.230265	 9.294869
-4.000000	 2.650000	 -1.403141	 9.202607
-4.000000	 2.700000	 -1.564356	 9.092387
-4.000000	 2.750000	 -1.712753	 8.963387
-4.000000	 2.800000	 -1.847082	 8.814693
-4.000000	 2.850000	 6.178780	 -4.231586
-4.000000	 2.900000	 6.013602	 -4.204051
-4.000000	 2.950000	 5.848662	 -4.174266
-4.000000	 3.000000	 5.684524	 -4.142857
-3.950000	 -3.000000	 5.328790	 3.956501
-3.950000	 -2.950000	 5.484019	 3.984272
-3.950000	 -2.900000	 5.640731	 4.011341
-3.950000	 -2.850000	 5.798254	 4.036930
-3.950000	 -2.800000	 5.956032	 4.060418
-3.950000	 -2.750000	 -1.712139	 -8.471937
-3.950000	 -2.700000	 -1.580436	 -8.612443
-3.950000	 -2.650000	 -1.435181	 -8.733654
-3.950000	 -2.600000	 -1.277606	 -8.836477
-3.950000	 -2.550000	 -1.108848	 -8.921725
-3.950000	 -2.500000	 -0.929966	 -8.990133
-3.950000	 -2.450000	 -0.741950	 -9.042372
-3.950000	 -2.400000	 -0.545733	 -9.079057
-3.950000	 -2.350000	 -0.342194	 -9.100760
-3.950000	 -2.300000	 -0.132167	 -9.108013
-3.950000	 -2.250000	 0.083555	 -9.101312
-3.950000	 -2.200000	 0.304214	 -9.081130
-3.950000	 -2.150000	 0.529088	 -9.047910
-3.950000	 -2.100000	 0.757486	 -9.002078
-3.950000	 -2.050000	 0.988742	 -8.944039
-3.950000	 -2.000000	 1.222220	 -8.874184
-3.950000	 -1.950000	 1.457306	 -8.792889
-3.950000	 -1.900000	 1.693410	 -8.700517
-3.950000	 -1.850000	 1.929964	 -8.597422
-3.950000	 -1.800000	 2.166420	 -8.483946
-3.950000	 -1.750000	 2.402252	 -8.360426
-3.950000	 -1.700000	 2.636949	 -8.227189
-3.950000	 -1.650000	 2.870022	 -8.084554
-3.950000	 -1.600000	 3.100998	 -7.932838
-3.950000	 -1.550000	 3.329422	 -7.772350
-3.950000	 -1.500000	 3.554855	 -7.603394
-3.950000	 -1.450000	 3.776874	 -7.426271
-3.950000	 -1.400000	 3.995073	 -7.241278
-3.950000	 -1.350000	 4.209061	 -7.048708
-3.950000	 -1.300000	 4.418462	 -6.848850
-3.950000	 -1.250000	 4.622916	 -6.641993
-3.950000	 -1.200000	 4.822077	 -6.428420
-3.950000	 -1.150000	 5.015614	 -6.208414
-3.950000	 -1.100000	 5.203210	 -5.982255
-3.950000	 -1.050000	 5.384563	 -5.750221
-3.950000	 -1.000000	 5.559386	 -5.512589
-3.950000	 -0.950000	 5.727403	 -5.269634
-3.950000	 -0.900000	 5.888354	 -5.021628
-3.950000	 -0.850000	 6.041994	 -4.768846
-3.950000	 -0.800000	 6.188090	 -4.511557
-3.950000	 -0.750000	 6.326423	 -4.250031
-3.950000	 -0.700000	 6.456787	 -3.984537
-3.950000	 -0.650000	 6.578991	 -3.715344
-3.950000	 -0.600000	 6.692856	 -3.442718
-3.950000	 -0.550000	 6.798217	 -3.166927
-3.950000	 -0.500000	 6.894923	 -2.888236
-3.950000	 -0.450000	 6.982835	 -2.606910
-3.950000	 -0.400000	 7.061828	 -2.323215
-3.950000	 -0.350000	 7.131790	 -2.037414
-3.950000	 -0.300000	 7.192624	 -1.749772
-3.950000	 -0.250000	 6.881544	 -1.060683
-3.950000	 -0.200000	 6.892108	 -0.849739
-3.950000	 -0.150000	 6.900357	 -0.638000
-3.950000	 -0.100000	 6.906265	 -0.425664
-3.950000	 -0.050000	 6.909817	 -0.212932
-3.950000	 -0.000000	 6.911002	 -0.000000
-3.950000	 0.050000	 6.909817	 0.212932
-3.950000	 0.100000	 6.906265	 0.425664
-3.950000	 0.150000	 6.900357	 0.638000
-3.950000	 0.200000	 6.892108	 0.849739
-3.950000	 0.250000	 6.881544	 1.060683
-3.950000	 0.300000	 7.192624	 1.749772
-3.950000	 0.350000	 7.131790	 2.037414
-3.950000	 0.400000	 7.061828	 2.323215
-3.950000	 0.450000	 6.982835	 2.606910
-3.950000	 0.500000	 6.894923	 2.888236
-3.950000	 0.550000	 6.798217	 3.166927
-3.950000	 0.600000	 6.692856	 3.442718
-3.950000	 0.650000	 6.578991	 3.715344
-3.950000	 0.700000	 6.456787	 3.984537
-3.950000	 0.750000	 6.326423	 4.250031
-3.950000	 0.800000	 6.188090	 4.511557
-3.950000	 0.850000	 6.041994	 4.768846
-3.950000	 0.900000	 5.888354	 5.021628
-3.950000	 0.950000	 5.727403	 5.269634
-3.950000	 1.000000	 5.559386	 5.512589
-3.950000	 1.050000	 5.384563	 5.750221
-3.950000	 1.100000	 5.203210	 5.982255
-3.950000	 1.150000	 5.015614	 6.208414
-3.950000	 1.200000	 4.822077	 6.428420
-3.950000	 1.250000	 4.622916	 6.641993
-3.950000	 1.300000	 4.418462	 6.848850
-3.950000	 1.350000	 4.209061	 7.048708
-3.950000	 1.400000	 3.995073	 7.241278
-3.950000	 1.450000	 3.776874	 7.426271
-3.950000	 1.500000	 3.554855	 7.603394
-3.950000	 1.550000	 3.329422	 7.772350
-3.950000	 1.600000	 3.100998	 7.932838
-3.950000	 1.650000	 2.870022	 8.084554
-3.950000	 1.700000	 2.636949	 8.227189
-3.950000	 1.750000	 2.402252	 8.360426
-3.950000	 1.800000	 2.166420	 8.483946
-3.950000	 1.850000	 1.929964	 8.597422
-3.950000	 1.900000	 1.693410	 8.700517
-3.950000	 1.950000	 1.457306	 8.792889
-3.950000	 2.000000	 1.222220	 8.874184
-3.950000	 2.050000	 0.988742	 8.944039
-3.950000	 2.100000	 0.757486	 9.002078
-3.950000	 2.150000	 0.529088	 9.047910
-3.950000	 2.200000	 0.304214	 9.081130
-3.950000	 2.250000	 0.083555	 9.101312
-3.950000	 2.300000	 -0.132167	 9.108013
-3.950000	 2.350000	 -0.342194	 9.100760
-3.950000	 2.400000	 -0.545733	 9.079057
-3.950000	 2.450000	 -0.741950	 9.042372
-3.950000	 2.500000	 -0.929966	 8.990133
-3.950000	 2.550000	 -1.108848	 8.921725
-3.950000	 2.600000	 -1.277606	 8.836477
-3.950000	 2.650000	 -1.435181	 8.733654
-3.950000	 2.700000	 -1.580436	 8.612443
-3.950000	 2.750000	 -1.712139	 8.471937
-3.950000	 2.800000	 5.956032	 -4.060418
-3.950000	 2.850000	 5.798254	 -4.036930
-3.950000	 2.900000	 5.640731	 -4.011341
-3.950000	 2.950000	 5.484019	 -3.984272
-3.950000	 3.000000	 5.328790	 -3.956501
-3.900000	 -3.000000	 4.994575	 3.783414
-3.900000	 -2.950000	 5.140322	 3.806506
-3.900000	 -2.900000	 5.288354	 3.829990
-3.900000	 -2.850000	 5.437865	 3.852901
-3.900000	 -2.800000	 5.588194	 3.874472
-3.900000	 -2.750000	 5.738795	 3.894089
-3.900000	 -2.700000	 -1.582153	 -8.137082
-3.900000	 -2.650000	 -1.453134	 -8.269655
-3.900000	 -2.600000	 -1.311070	 -8.383330
-3.900000	 -2.550000	 -1.157174	 -8.479005
-3.900000	 -2.500000	 -0.992563	 -8.557485
-3.900000	 -2.450000	 -0.818280	 -8.619499
-3.900000	 -2.400000	 -0.635296	 -8.665712
-3.900000	 -2.350000	 -0.444529	 -8.696733
-3.900000	 -2.300000	 -0.246842	 -8.713130
-3.900000	 -2.250000	 -0.043052	 -8.715428
-3.900000	 -2.200000	 0.166061	 -8.704121
-3.900000	 -2.150000	 0.379756	 -8.679677
-3.900000	 -2.100000	 0.597326	 -8.642537
-3.900000	 -2.050000	 0.818091	 -8.593122
-3.900000	 -2.000000	 1.041404	 -8.531835
-3.900000	 -1.950000	 1.266640	 -8.459062
-3.900000	 -1.900000	 1.493199	 -8.375178
-3.900000	 -1.850000	 1.720506	 -8.280543
-3.900000	 -1.800000	 1.948006	 -8.175508
-3.900000	 -1.750000	 2.175166	 -8.060414
-3.900000	 -1.700000	 2.401470	 -7.935593
-3.900000	 -1.650000	 2.626424	 -7.801370
-3.900000	 -1.600000	 2.849551	 -7.658065
-3.900000	 -1.550000	 3.070392	 -7.505989
-3.900000	 -1.500000	 3.288503	 -7.345451
-3.900000	 -1.450000	 3.503461	 -7.176752
-3.900000	 -1.400000	 3.714854	 -7.000193
-3.900000	 -1.350000	 3.922291	 -6.816066
-3.900000	 -1.300000	 4.125392	 -6.624664
-3.900000	 -1.250000	 4.323796	 -6.426275
-3.900000	 -1.200000	 4.517155	 -6.221183
-3.900000	 -1.150000	 4.705136	 -6.009673
-3.900000	 -1.100000	 4.887421	 -5.792024
-3.900000	 -1.050000	 5.063706	 -5.568515
-3.900000	 -1.000000	 5.233703	 -5.339422
-3.900000	 -0.950000	 5.397135	 -5.105020
-3.900000	 -0.900000	 5.553742	 -4.865583
-3.900000	 -0.850000	 5.703277	 -4.621383
-3.900000	 -0.800000	 5.845506	 -4.372690
-3.900000	 -0.750000	 5.980209	 -4.119773
-3.900000	 -0.700000	 6.107180	 -3.862902
-3.900000	 -0.650000	 6.226228	 -3.602343
-3.900000	 -0.600000	 6.337172	 -3.338363
-3.900000	 -0.550000	 6.439848	 -3.071229
-3.900000	 -0.500000	 6.534103	 -2.801204
-3.900000	 -0.450000	 6.619800	 -2.528554
-3.900000	 -0.400000	 6.696811	 -2.253543
-3.900000	 -0.350000	 6.765026	 -1.976435
-3.900000	 -0.300000	 6.824345	 -1.697492
-3.900000	 -0.250000	 6.517305	 -1.024633
-3.900000	 -0.200000	 6.527524	 -0.820893
-3.900000	 -0.150000	 6.535503	 -0.616362
-3.900000	 -0.100000	 6.541220	 -0.411238
-3.900000	 -0.050000	 6.544657	 -0.205718
-3.900000	 -0.000000	 6.545804	 -0.000000
-3.900000	 0.050000	 6.544657	 0.205718
-3.900000	 0.100000	 6.541220	 0.411238
-3.900000	 0.150000	 6.535503	 0.616362
-3.900000	 0.200000	 6.527524	 0.820893
-3.900000	 0.250000	 6.517305	 1.024633
-3.900000	 0.300000	 6.824345	 1.697492
-3.900000	 0.350000	 6.765026	 1.976435
-3.900000	 0.400000	 6.696811	 2.253543
-3.900000	 0.450000	 6.619800	 2.528554
-3.900000	 0.500000	 6.534103	 2.801204
-3.900000	 0.550000	 6.439848	 3.071229
-3.900000	 0.600000	 6.337172	 3.338363
-3.900000	 0.650000	 6.226228	 3.602343
-3.900000	 0.700000	 6.107180	 3.862902
-3.900000	 0.750000	 5.980209	 4.119773
-3.900000	 0.800000	 5.845506	 4.372690
-3.900000	 0.850000	 5.703277	 4.621383
-3.900000	 0.900000	 5.553742	 4.865583
-3.900000	 0.950000	 5.397135	 5.105020
-3.900000	 1.000000	 5.233703	 5.339422
-3.900000	 1.050000	 5.063706	 5.568515
-3.900000	 1.100000	 4.887421	 5.792024
-3.900000	 1.150000	 4.705136	 6.009673
-3.900000	 1.200000	 4.517155	 6.221183
-3.900000	 1.250000	 4.323796	 6.426275
-3.900000	 1.300000	 4.125392	 6.624664
-3.900000	 1.350000	 3.922291	 6.816066
-3.900000	 1.400000	 3.714854	 7.000193
-3.900000	 1.450000	 3.503461	 7.176752
-3.900000	 1.500000	 3.288503	 7.345451
-3.900000	 1.550000	 3.070392	 7.505989
-3.900000	 1.600000	 2.849551	 7.658065
-3.900000	 1.650000	 2.626424	 7.801370
-3.900000	 1.700000	 2.401470	 7.935593
-3.900000	 1.750000	 2.175166	 8.060414
-3.900000	 1.800000	 1.948006	 8.175508
-3.900000	 1.850000	 1.720506	 8.280543
-3.900000	 1.900000	 1.493199	 8.375178
-3.900000	 1.950000	 1.266640	 8.459062
-3.900000	 2.000000	 1.041404	 8.531835
-3.900000	 2.050000	 0.818091	 8.593122
-3.900000	 2.100000	 0.597326	 8.642537
-3.900000	 2.150000	 0.379756	 8.679677
-3.900000	 2.200000	 0.166061	 8.704121
-3.900000	 2.250000	 -0.043052	 8.715428
-3.900000	 2.300000	 -0.246842	 8.713130
-3.900000	 2.350000	 -0.444529	 8.696733
-3.900000	 2.400000	 -0.635296	 8.665712
-3.900000	 2.450000	 -0.818280	 8.619499
-3.900000	 2.500000	 -0.992563	 8.557485
-3.900000	 2.550000	 -1.157174	 8.479005
-3.900000	 2.600000	 -1.311070	 8.383330
-3.900000	 2.650000	 -1.453134	 8.269655
-3.900000	 2.700000	 -1.582153	 8.137082
-3.900000	 2.750000	 5.738795	 -3.894089
-3.900000	 2.800000	 5.588194	 -3.874472
-3.900000	 2.850000	 5.437865	 -3.852901
-3.900000	 2.900000	 5.288354	 -3.829990
-3.900000	 2.950000	 5.140322	 -3.806506
-3.900000	 3.000000	 4.994575	 -3.783414
-3.850000	 -3.000000	 4.682077	 3.624534
-3.850000	 -2.950000	 4.817621	 3.641696
-3.850000	 -2.900000	 4.956412	 3.660569
-3.850000	 -2.850000	 5.097470	 3.679947
-3.850000	 -2.800000	 5.240000	 3.698879
-3.850000	 -2.750000	 5.383355	 3.716608
-3.850000	 -2.700000	 5.526998	 3.732527
-3.850000	 -2.650000	 -1.457048	 -7.810054
-3.850000	 -2.600000	 -1.330767	 -7.934947
-3.850000	 -2.550000	 -1.191939	 -8.041335
-3.850000	 -2.500000	 -1.041756	 -8.130108
-3.850000	 -2.450000	 -0.881319	 -8.202064
-3.850000	 -2.400000	 -0.711651	 -8.257925
-3.850000	 -2.350000	 -0.533708	 -8.298348
-3.850000	 -2.300000	 -0.348388	 -8.323940
-3.850000	 -2.250000	 -0.156541	 -8.335260
-3.850000	 -2.200000	 0.041032	 -8.332832
-3.850000	 -2.150000	 0.243568	 -8.317145
-3.850000	 -2.100000	 0.450339	 -8.288662
-3.850000	 -2.050000	 0.660653	 -8.247820
-3.850000	 -2.000000	 0.873847	 -8.195038
-3.850000	 -1.950000	 1.089284	 -8.130715
-3.850000	 -1.900000	 1.306355	 -8.055236
-3.850000	 -1.850000	 1.524476	 -7.968970
-3.850000	 -1.800000	 1.743083	 -7.872276
-3.850000	 -1.750000	 1.961636	 -7.765502
-3.850000	 -1.700000	 2.179614	 -7.648986
-3.850000	 -1.650000	 2.396517	 -7.523060
-3.850000	 -1.600000	 2.611863	 -7.388044
-3.850000	 -1.550000	 2.825188	 -7.244257
-3.850000	 -1.500000	 3.036047	 -7.092008
-3.850000	 -1.450000	 3.244010	 -6.931603
-3.850000	 -1.400000	 3.448665	 -6.763343
-3.850000	 -1.350000	 3.649615	 -6.587524
-3.850000	 -1.300000	 3.846481	 -6.404439
-3.850000	 -1.250000	 4.038898	 -6.214377
-3.850000	 -1.200000	 4.226516	 -6.017625
-3.850000	 -1.150000	 4.409001	 -5.814466
-3.850000	 -1.100000	 4.586032	 -5.605181
-3.850000	 -1.050000	 4.757305	 -5.390049
-3.850000	 -1.000000	 4.922530	 -5.169347
-3.850000	 -0.950000	 5.081429	 -4.943350
-3.850000	 -0.900000	 5.233740	 -4.712332
-3.850000	 -0.850000	 5.379216	 -4.476562
-3.850000	 -0.800000	 5.517622	 -4.236313
-3.850000	 -0.750000	 5.648738	 -3.991854
-3.850000	 -0.700000	 5.772356	 -3.743451
-3.850000	 -0.650000	 5.888284	 -3.491373
-3.850000	 -0.600000	 5.996342	 -3.235884
-3.850000	 -0.550000	 6.096365	 -2.977252
-3.850000	 -0.500000	 6.188199	 -2.715739
-3.850000	 -0.450000	 6.271705	 -2.451609
-3.850000	 -0.400000	 6.346758	 -2.185127
-3.850000	 -0.350000	 6.413246	 -1.916554
-3.850000	 -0.300000	 6.471069	 -1.646153
-3.850000	 -0.250000	 6.168100	 -0.989241
-3.850000	 -0.200000	 6.177976	 -0.792574
-3.850000	 -0.150000	 6.185689	 -0.595119
-3.850000	 -0.100000	 6.191215	 -0.397074
-3.850000	 -0.050000	 6.194537	 -0.198635
-3.850000	 -0.000000	 6.195646	 -0.000000
-3.850000	 0.050000	 6.194537	 0.198635
-3.850000	 0.100000	 6.191215	 0.397074
-3.850000	 0.150000	 6.185689	 0.595119
-3.850000	 0.200000	 6.177976	 0.792574
-3.850000	 0.250000	 6.168100	 0.989241
-3.850000	 0.300000	 6.471069	 1.646153
-3.850000	 0.350000	 6.413246	 1.916554
-3.850000	 0.400000	 6.346758	 2.185127
-3.850000	 0.450000	 6.271705	 2.451609
-3.850000	 0.500000	 6.188199	 2.715739
-3.850000	 0.550000	 6.096365	 2.977252
-3.850000	 0.600000	 5.996342	 3.235884
-3.850000	 0.650000	 5.888284	 3.491373
-3.850000	 0.700000	 5.772356	 3.743451
-3.850000	 0.750000	 5.648738	 3.991854
-3.850000	 0.800000	 5.517622	 4.236313
-3.850000	 0.850000	 5.379216	 4.476562
-3.850000	 0.900000	 5.233740	 4.712332
-3.850000	 0.950000	 5.081429	 4.943350
-3.850000	 1.000000	 4.922530	 5.169347
-3.850000	 1.050000	 4.757305	 5.390049
-3.850000	 1.100000	 4.586032	 5.605181
-3.850000	 1.150000	 4.409001	 5.814466
-3.850000	 1.200000	 4.226516	 6.017625
-3.850000	 1.250000	 4.038898	 6.214377
-3.850000	 1.300000	 3.846481	 6.404439
-3.850000	 1.350000	 3.649615	 6.587524
-3.850000	 1.400000	 3.448665	 6.763343
-3.850000	 1.450000	 3.244010	 6.931603
-3.850000	 1.500000	 3.036047	 7.092008
-3.850000	 1.550000	 2.825188	 7.244257
-3.850000	 1.600000	 2.611863	 7.388044
-3.850000	 1.650000	 2.396517	 7.523060
-3.850000	 1.700000	 2.179614	 7.648986
-3.850000	 1.750000	 1.961636	 7.765502
-3.850000	 1.800000	 1.743083	 7.872276
-3.850000	 1.850000	 1.524476	 7.968970
-3.850000	 1.900000	 1.306355	 8.055236
-3.850000	 1.950000	 1.089284	 8.130715
-3.850000	 2.000000	 0.873847	 8.195038
-3.850000	 2.050000	 0.660653	 8.247820
-3.850000	 2.100000	 0.450339	 8.288662
-3.850000	 2.150000	 0.243568	 8.317145
-3.850000	 2.200000	 0.041032	 8.332832
-3.850000	 2.250000	 -0.156541	 8.335260
-3.850000	 2.300000	 -0.348388	 8.323940
-3.850000	 2.350000	 -0.533708	 8.298348
-3.850000	 2.400000	 -0.711651	 8.257925
-3.850000	 2.450000	 -0.881319	 8.202064
-3.850000	 2.500000	 -1.041756	 8.130108
-3.850000	 2.550000	 -1.191939	 8.041335
-3.850000	 2.600000	 -1.330767	 7.934947
-3.850000	 2.650000	 -1.457048	 7.810054
-3.850000	 2.700000	 5.526998	 -3.732527
-3.850000	 2.750000	 5.383355	 -3.716608
-3.850000	 2.800000	 5.240000	 -3.698879
-3.850000	 2.850000	 5.097470	 -3.679947
-3.850000	 2.900000	 4.956412	 -3.660569
-3.850000	 2.950000	 4.817621	 -3.641696
-3.850000	 3.000000	 4.682077	 -3.624534
-3.800000	 -3.000000	 4.391670	 3.481059
-3.800000	 -2.950000	 4.516103	 3.490766
-3.800000	 -2.900000	 4.644949	 3.503794
-3.800000	 -2.850000	 4.777004	 3.518629
-3.800000	 -2.800000	 4.911306	 3.534081
-3.800000	 -2.750000	 5.047075	 3.549210
-3.800000	 -2.700000	 5.183673	 3.563268
-3.800000	 -2.650000	 5.320573	 3.575660
-3.800000	 -2.600000	 -1.336745	 -7.490781
-3.800000	 -2.550000	 -1.213253	 -7.608242
-3.800000	 -2.500000	 -1.077703	 -7.707590
-3.800000	 -2.450000	 -0.931267	 -7.789705
-3.800000	 -2.400000	 -0.775026	 -7.855377
-3.800000	 -2.350000	 -0.609986	 -7.905321
-3.800000	 -2.300000	 -0.437087	 -7.940190
-3.800000	 -2.250000	 -0.257210	 -7.960583
-3.800000	 -2.200000	 -0.071187	 -7.967056
-3.800000	 -2.150000	 0.120194	 -7.960126
-3.800000	 -2.100000	 0.316186	 -7.940281
-3.800000	 -2.050000	 0.516077	 -7.907977
-3.800000	 -2.000000	 0.719188	 -7.863650
-3.800000	 -1.950000	 0.924871	 -7.807714
-3.800000	 -1.900000	 1.132505	 -7.740566
-3.800000	 -1.850000	 1.341493	 -7.662586
-3.800000	 -1.800000	 1.551265	 -7.574143
-3.800000	 -1.750000	 1.761273	 -7.475591
-3.800000	 -1.700000	 1.970988	 -7.367277
-3.800000	 -1.650000	 2.179904	 -7.249536
-3.800000	 -1.600000	 2.387535	 -7.122695
-3.800000	 -1.550000	 2.593411	 -6.987077
-3.800000	 -1.500000	 2.797082	 -6.842994
-3.800000	 -1.450000	 2.998116	 -6.690756
-3.800000	 -1.400000	 3.196098	 -6.530665
-3.800000	 -1.350000	 3.390627	 -6.363020
-3.800000	 -1.300000	 3.581320	 -6.188117
-3.800000	 -1.250000	 3.767812	 -6.006245
-3.800000	 -1.200000	 3.949749	 -5.817692
-3.800000	 -1.150000	 4.126796	 -5.622743
-3.800000	 -1.100000	 4.298630	 -5.421680
-3.800000	 -1.050000	 4.464946	 -5.214782
-3.800000	 -1.000000	 4.625451	 -5.002325
-3.800000	 -0.950000	 4.779868	 -4.784586
-3.800000	 -0.900000	 4.927932	 -4.561837
-3.800000	 -0.850000	 5.069396	 -4.334351
-3.800000	 -0.800000	 5.204023	 -4.102396
-3.800000	 -0.750000	 5.331593	 -3.866243
-3.800000	 -0.700000	 5.451897	 -3.626158
-3.800000	 -0.650000	 5.564742	 -3.382408
-3.800000	 -0.600000	 5.669948	 -3.135259
-3.800000	 -0.550000	 5.767348	 -2.884975
-3.800000	 -0.500000	 5.856789	 -2.631821
-3.800000	 -0.450000	 5.938132	 -2.376058
-3.800000	 -0.400000	 6.011251	 -2.117950
-3.800000	 -0.350000	 6.076032	 -1.857759
-3.800000	 -0.300000	 6.132376	 -1.595745
-3.800000	 -0.250000	 5.833510	 -0.954496
-3.800000	 -0.200000	 5.843045	 -0.764772
-3.800000	 -0.150000	 5.850492	 -0.574264
-3.800000	 -0.100000	 5.855829	 -0.383169
-3.800000	 -0.050000	 5.859038	 -0.191683
-3.800000	 -0.000000	 5.860109	 -0.000000
-3.800000	 0.050000	 5.859038	 0.191683
-3.800000	 0.100000	 5.855829	 0.383169
-3.800000	 0.150000	 5.850492	 0.574264
-3.800000	 0.200000	 5.843045	 0.764772
-3.800000	 0.250000	 5.833510	 0.954496
-3.800000	 0.300000	 6.132376	 1.595745
-3.800000	 0.350000	 6.076032	 1.857759
-3.800000	 0.400000	 6.011251	 2.117950
-3.800000	 0.450000	 5.938132	 2.376058
-3.800000	 0.500000	 5.856789	 2.631821
-3.800000	 0.550000	 5.767348	 2.884975
-3.800000	 0.600000	 5.669948	 3.135259
-3.800000	 0.650000	 5.564742	 3.382408
-3.800000	 0.700000	 5.451897	 3.626158
-3.800000	 0.750000	 5.331593	 3.866243
-3.800000	 0.800000	 5.204023	 4.102396
-3.800000	 0.850000	 5.069396	 4.334351
-3.800000	 0.900000	 4.927932	 4.561837
-3.800000	 0.950000	 4.779868	 4.784586
-3.800000	 1.000000	 4.625451	 5.002325
-3.800000	 1.050000	 4.464946	 5.214782
-3.800000	 1.100000	 4.298630	 5.421680
-3.800000	 1.150000	 4.126796	 5.622743
-3.800000	 1.200000	 3.949749	 5.817692
-3.800000	 1.250000	 3.767812	 6.006245
-3.800000	 1.300000	 3.581320	 6.188117
-3.800000	 1.350000	 3.390627	 6.363020
-3.800000	 1.400000	 3.196098	 6.530665
-3.800000	 1.450000	 2.998116	 6.690756
-3.800000	 1.500000	 2.797082	 6.842994
-3.800000	 1.550000	 2.593411	 6.987077
-3.800000	 1.600000	 2.387535	 7.122695
-3.800000	 1.650000	 2.179904	 7.249536
-3.800000	 1.700000	 1.970988	 7.367277
-3.800000	 1.750000	 1.761273	 7.475591
-3.800000	 1.800000	 1.551265	 7.574143
-3.800000	 1.850000	 1.341493	 7.662586
-3.800000	 1.900000	 1.132505	 7.740566
-3.800000	 1.950000	 0.924871	 7.807714
-3.800000	 2.000000	 0.719188	 7.863650
-3.800000	 2.050000	 0.516077	 7.907977
-3.800000	 2.100000	 0.316186	 7.940281
-3.800000	 2.150000	 0.120194	 7.960126
-3.800000	 2.200000	 -0.071187	 7.967056
-3.800000	 2.250000	 -0.257210	 7.960583
-3.800000	 2.300000	 -0.437087	 7.940190
-3.800000	 2.350000	 -0.609986	 7.905321
-3.800000	 2.400000	 -0.775026	 7.855377
-3.800000	 2.450000	 -0.931267	 7.789705
-3.800000	 2.500000	 -1.077703	 7.707590
-3.800000	 2.550000	 -1.213253	 7.608242
-3.800000	 2.600000	 -1.336745	 7.490781
-3.800000	 2.650000	 5.320573	 -3.575660
-3.800000	 2.700000	 5.183673	 -3.563268
-3.800000	 2.750000	 5.047075	 -3.549210
-3.800000	 2.800000	 4.911306	 -3.534081
-3.800000	 2.850000	 4.777004	 -3.518629
-3.800000	 2.900000	 4.644949	 -3.503794
-3.800000	 2.950000	 4.516103	 -3.490766
-3.800000	 3.000000	 4.391670	 -3.481059
-3.750000	 -3.000000	 4.123963	 3.354528
-3.750000	 -2.950000	 4.236126	 3.354891
-3.750000	 -2.900000	 4.354140	 3.360574
-3.750000	 -2.850000	 4.476506	 3.369651
-3.750000	 -2.800000	 4.602043	 3.380627
-3.750000	 -2.750000	 4.729805	 3.392328
-3.750000	 -2.700000	 4.859026	 3.403826
-3.750000	 -2.650000	 4.989081	 3.414384
-3.750000	 -2.600000	 5.119452	 3.423413
-3.750000	 -2.550000	 -1.221167	 -7.179189
-3.750000	 -2.500000	 -1.100511	 -7.289466
-3.750000	 -2.450000	 -0.968277	 -7.382017
-3.750000	 -2.400000	 -0.825616	 -7.457714
-3.750000	 -2.350000	 -0.673592	 -7.517339
-3.750000	 -2.300000	 -0.513191	 -7.561601
-3.750000	 -2.250000	 -0.345336	 -7.591146
-3.750000	 -2.200000	 -0.170892	 -7.606568
-3.750000	 -2.150000	 0.009323	 -7.608419
-3.750000	 -2.100000	 0.194540	 -7.597211
-3.750000	 -2.050000	 0.384025	 -7.573425
-3.750000	 -2.000000	 0.577082	 -7.537518
-3.750000	 -1.950000	 0.773047	 -7.489919
-3.750000	 -1.900000	 0.971285	 -7.431039
-3.750000	 -1.850000	 1.171190	 -7.361273
-3.750000	 -1.800000	 1.372180	 -7.280997
-3.750000	 -1.750000	 1.573698	 -7.190578
-3.750000	 -1.700000	 1.775209	 -7.090367
-3.750000	 -1.650000	 1.976200	 -6.980707
-3.750000	 -1.600000	 2.176177	 -6.861932
-3.750000	 -1.550000	 2.374667	 -6.734368
-3.750000	 -1.500000	 2.571215	 -6.598333
-3.750000	 -1.450000	 2.765384	 -6.454139
-3.750000	 -1.400000	 2.956754	 -6.302091
-3.750000	 -1.350000	 3.144924	 -6.142493
-3.750000	 -1.300000	 3.329507	 -5.975639
-3.750000	 -1.250000	 3.510133	 -5.801823
-3.750000	 -1.200000	 3.686449	 -5.621334
-3.750000	 -1.150000	 3.858115	 -5.434457
-3.750000	 -1.100000	 4.024809	 -5.241475
-3.750000	 -1.050000	 4.186221	 -5.042668
-3.750000	 -1.000000	 4.342059	 -4.838314
-3.750000	 -0.950000	 4.492043	 -4.628689
-3.750000	 -0.900000	 4.635909	 -4.414064
-3.750000	 -0.850000	 4.773406	 -4.194714
-3.750000	 -0.800000	 4.904298	 -3.970906
-3.750000	 -0.750000	 5.028362	 -3.742911
-3.750000	 -0.700000	 5.145391	 -3.510995
-3.750000	 -0.650000	 5.255189	 -3.275424
-3.750000	 -0.600000	 5.357577	 -3.036464
-3.750000	 -0.550000	 5.452386	 -2.794378
-3.750000	 -0.500000	 5.539463	 -2.549431
-3.750000	 -0.450000	 5.618668	 -2.301883
-3.750000	 -0.400000	 5.689875	 -2.051997
-3.750000	 -0.350000	 5.752971	 -1.800035
-3.750000	 -0.300000	 5.807855	 -1.546257
-3.750000	 -0.250000	 5.513122	 -0.920387
-3.750000	 -0.200000	 5.522318	 -0.737480
-3.750000	 -0.150000	 5.529502	 -0.553792
-3.750000	 -0.100000	 5.534650	 -0.369520
-3.750000	 -0.050000	 5.537746	 -0.184857
-3.750000	 -0.000000	 5.538780	 -0.000000
-3.750000	 0.050000	 5.537746	 0.184857
-3.750000	 0.100000	 5.534650	 0.369520
-3.750000	 0.150000	 5.529502	 0.553792
-3.750000	 0.200000	 5.522318	 0.737480
-3.750000	 0.250000	 5.513122	 0.920387
-3.750000	 0.300000	 5.807855	 1.546257
-3.750000	 0.350000	 5.752971	 1.800035
-3.750000	 0.400000	 5.689875	 2.051997
-3.750000	 0.450000	 5.618668	 2.301883
-3.750000	 0.500000	 5.539463	 2.549431
-3.750000	 0.550000	 5.452386	 2.794378
-3.750000	 0.600000	 5.357577	 3.036464
-3.750000	 0.650000	 5.255189	 3.275424
-3.750000	 0.700000	 5.145391	 3.510995
-3.750000	 0.750000	 5.028362	 3.742911
-3.750000	 0.800000	 4.904298	 3.970906
-3.750000	 0.850000	 4.773406	 4.194714
-3.750000	 0.900000	 4.635909	 4.414064
-3.750000	 0.950000	 4.492043	 4.628689
-3.750000	 1.000000	 4.342059	 4.838314
-3.750000	 1.050000	 4.186221	 5.042668
-3.750000	 1.100000	 4.024809	 5.241475
-3.750000	 1.150000	 3.858115	 5.434457
-3.750000	 1.200000	 3.686449	 5.621334
-3.750000	 1.250000	 3.510133	 5.801823
-3.750000	 1.300000	 3.329507	 5.975639
-3.750000	 1.350000	 3.144924	 6.142493
-3.750000	 1.400000	 2.956754	 6.302091
-3.750000	 1.450000	 2.765384	 6.454139
-3.750000	 1.500000	 2.571215	 6.598333
-3.750000	 1.550000	 2.374667	 6.734368
-3.750000	 1.600000	 2.176177	 6.861932
-3.750000	 1.650000	 1.976200	 6.980707
-3.750000	 1.700000	 1.775209	 7.090367
-3.750000	 1.750000	 1.573698	 7.190578
-3.750000	 1.800000	 1.372180	 7.280997
-3.750000	 1.850000	 1.171190	 7.361273
-3.750000	 1.900000	 0.971285	 7.431039
-3.750000	 1.950000	 0.773047	 7.489919
-3.750000	 2.000000	 0.577082	 7.537518
-3.750000	 2.050000	 0.384025	 7.573425
-3.750000	 2.100000	 0.194540	 7.597211
-3.750000	 2.150000	 0.009323	 7.608419
-3.750000	 2.200000	 -0.170892	 7.606568
-3.750000	 2.250000	 -0.345336	 7.591146
-3.750000	 2.300000	 -0.513191	 7.561601
-3.750000	 2.350000	 -0.673592	 7.517339
-3.750000	 2.400000	 -0.825616	 7.457714
-3.750000	 2.450000	 -0.968277	 7.382017
-3.750000	 2.500000	 -1.100511	 7.289466
-3.750000	 2.550000	 -1.221167	 7.179189
-3.750000	 2.600000	 5.119452	 -3.423413
-3.750000	 2.650000	 4.989081	 -3.414384
-3.750000	 2.700000	 4.859026	 -3.403826
-3.750000	 2.750000	 4.729805	 -3.392328
-3.750000	 2.800000	 4.602043	 -3.380627
-3.750000	 2.850000	 4.476506	 -3.369651
-3.750000	 2.900000	 4.354140	 -3.360574
-3.750000	 2.950000	 4.236126	 -3.354891
-3.750000	 3.000000	 4.123963	 -3.354528
-3.700000	 -3.000000	 3.879884	 3.246950
-3.700000	 -2.950000	 3.978280	 3.235588
-3.700000	 -2.900000	 4.084328	 3.232065
-3.700000	 -2.850000	 4.196137	 3.233906
-3.700000	 -2.800000	 4.312239	 3.239210
-3.700000	 -2.750000	 4.431471	 3.246502
-3.700000	 -2.700000	 4.552906	 3.254625
-3.700000	 -2.650000	 4.675792	 3.262662
-3.700000	 -2.600000	 4.799515	 3.269887
-3.700000	 -2.550000	 4.923566	 3.275716
-3.700000	 -2.500000	 -1.110234	 -6.875206
-3.700000	 -2.450000	 -0.992460	 -6.978542
-3.700000	 -2.400000	 -0.863578	 -7.064536
-3.700000	 -2.350000	 -0.724718	 -7.134052
-3.700000	 -2.300000	 -0.576926	 -7.187865
-3.700000	 -2.250000	 -0.421170	 -7.226676
-3.700000	 -2.200000	 -0.258357	 -7.251126
-3.700000	 -2.150000	 -0.089336	 -7.261803
-3.700000	 -2.100000	 0.085095	 -7.259253
-3.700000	 -2.050000	 0.264178	 -7.243986
-3.700000	 -2.000000	 0.447197	 -7.216477
-3.700000	 -1.950000	 0.633470	 -7.177179
-3.700000	 -1.900000	 0.822347	 -7.126518
-3.700000	 -1.850000	 1.013210	 -7.064902
-3.700000	 -1.800000	 1.205465	 -6.992722
-3.700000	 -1.750000	 1.398544	 -6.910352
-3.700000	 -1.700000	 1.591905	 -6.818154
-3.700000	 -1.650000	 1.785027	 -6.716479
-3.700000	 -1.600000	 1.977409	 -6.605667
-3.700000	 -1.550000	 2.168573	 -6.486049
-3.700000	 -1.500000	 2.358058	 -6.357948
-3.700000	 -1.450000	 2.545422	 -6.221679
-3.700000	 -1.400000	 2.730243	 -6.077554
-3.700000	 -1.350000	 2.912114	 -5.925876
-3.700000	 -1.300000	 3.090646	 -5.766944
-3.700000	 -1.250000	 3.265466	 -5.601054
-3.700000	 -1.200000	 3.436218	 -5.428495
-3.700000	 -1.150000	 3.602560	 -5.249555
-3.700000	 -1.100000	 3.764168	 -5.064518
-3.700000	 -1.050000	 3.920730	 -4.873664
-3.700000	 -1.000000	 4.071952	 -4.677272
-3.700000	 -0.950000	 4.217553	 -4.475618
-3.700000	 -0.900000	 4.357267	 -4.268976
-3.700000	 -0.850000	 4.490843	 -4.057617
-3.700000	 -0.800000	 4.618042	 -3.841812
-3.700000	 -0.750000	 4.738642	 -3.621828
-3.700000	 -0.700000	 4.852434	 -3.397934
-3.700000	 -0.650000	 4.959221	 -3.170395
-3.700000	 -0.600000	 5.058823	 -2.939476
-3.700000	 -0.550000	 5.151072	 -2.705440
-3.700000	 -0.500000	 5.235814	 -2.468550
-3.700000	 -0.450000	 5.312907	 -2.229067
-3.700000	 -0.400000	 5.382226	 -1.987254
-3.700000	 -0.350000	 5.443656	 -1.743371
-3.700000	 -0.300000	 5.497097	 -1.497676
-3.700000	 -0.250000	 5.206530	 -0.886904
-3.700000	 -0.200000	 5.215388	 -0.710688
-3.700000	 -0.150000	 5.222309	 -0.533695
-3.700000	 -0.100000	 5.227271	 -0.356120
-3.700000	 -0.050000	 5.230255	 -0.178157
-3.700000	 -0.000000	 5.231251	 -0.000000
-3.700000	 0.050000	 5.230255	 0.178157
-3.700000	 0.100000	 5.227271	 0.356120
-3.700000	 0.150000	 5.222309	 0.533695
-3.700000	 0.200000	 5.215388	 0.710688
-3.700000	 0.250000	 5.206530	 0.886904
-3.700000	 0.300000	 5.497097	 1.497676
-3.700000	 0.350000	 5.443656	 1.743371
-3.700000	 0.400000	 5.382226	 1.987254
-3.700000	 0.450000	 5.312907	 2.229067
-3.700000	 0.500000	 5.235814	 2.468550
-3.700000	 0.550000	 5.151072	 2.705440
-3.700000	 0.600000	 5.058823	 2.939476
-3.700000	 0.650000	 4.959221	 3.170395
-3.700000	 0.700000	 4.852434	 3.397934
-3.700000	 0.750000	 4.738642	 3.621828
-3.700000	 0.800000	 4.618042	 3.841812
-3.700000	 0.850000	 4.490843	 4.057617
-3.700000	 0.900000	 4.357267	 4.268976
-3.700000	 0.950000	 4.217553	 4.475618
-3.700000	 1.000000	 4.071952	 4.677272
-3.700000	 1.050000	 3.920730	 4.873664
-3.700000	 1.100000	 3.764168	 5.064518
-3.700000	 1.150000	 3.602560	 5.249555
-3.700000	 1.200000	 3.436218	 5.428495
-3.700000	 1.250000	 3.265466	 5.601054
-3.700000	 1.300000	 3.090646	 5.766944
-3.700000	 1.350000	 2.912114	 5.925876
-3.700000	 1.400000	 2.730243	 6.077554
-3.700000	 1.450000	 2.545422	 6.221679
-3.700000	 1.500000	 2.358058	 6.357948
-3.700000	 1.550000	 2.168573	 6.486049
-3.700000	 1.600000	 1.977409	 6.605667
-3.700000	 1.650000	 1.785027	 6.716479
-3.700000	 1.700000	 1.591905	 6.818154
-3.700000	 1.750000	 1.398544	 6.910352
-3.700000	 1.800000	 1.205465	 6.992722
-3.700000	 1.850000	 1.013210	 7.064902
-3.700000	 1.900000	 0.822347	 7.126518
-3.700000	 1.950000	 0.633470	 7.177179
-3.700000	 2.000000	 0.447197	 7.216477
-3.700000	 2.050000	 0.264178	 7.243986
-3.700000	 2.100000	 0.085095	 7.259253
-3.700000	 2.150000	 -0.089336	 7.261803
-3.700000	 2.200000	 -0.258357	 7.251126
-3.700000	 2.250000	 -0.421170	 7.226676
-3.700000	 2.300000	 -0.576926	 7.187865
-3.700000	 2.350000	 -0.724718	 7.134052
-3.700000	 2.400000	 -0.863578	 7.064536
-3.700000	 2.450000	 -0.992460	 6.978542
-3.700000	 2.500000	 -1.110234	 6.875206
-3.700000	 2.550000	 4.923566	 -3.275716
-3.700000	 2.600000	 4.799515	 -3.269887
-3.700000	 2.650000	 4.675792	 -3.262662
-3.700000	 2.700000	 4.552906	 -3.254625
-3.700000	 2.750000	 4.431471	 -3.246502
-3.700000	 2.800000	 4.312239	 -3.239210
-3.700000	 2.850000	 4.196137	 -3.233906
-3.700000	 2.900000	 4.084328	 -3.232065
-3.700000	 2.950000	 3.978280	 -3.235588
-3.700000	 3.000000	 3.879884	 -3.246950
-3.650000	 -3.000000	 3.660798	 3.160978
-3.650000	 -2.950000	 3.743462	 3.134829
-3.650000	 -2.900000	 3.836081	 3.119755
-3.650000	 -2.850000	 3.936228	 3.112529
-3.650000	 -2.800000	 4.042047	 3.110707
-3.650000	 -2.750000	 4.152095	 3.112414
-3.650000	 -2.700000	 4.265234	 3.116196
-3.650000	 -2.650000	 4.380551	 3.120910
-3.650000	 -2.600000	 4.497311	 3.125652
-3.650000	 -2.550000	 4.614908	 3.129705
-3.650000	 -2.500000	 4.732846	 3.132496
-3.650000	 -2.450000	 -1.003868	 -6.578760
-3.650000	 -2.400000	 -0.889018	 -6.675395
-3.650000	 -2.350000	 -0.763519	 -6.755070
-3.650000	 -2.300000	 -0.628483	 -6.818640
-3.650000	 -2.250000	 -0.484936	 -6.866871
-3.650000	 -2.200000	 -0.333831	 -6.900460
-3.650000	 -2.150000	 -0.176054	 -6.920040
-3.650000	 -2.100000	 -0.012439	 -6.926194
-3.650000	 -2.050000	 0.156231	 -6.919463
-3.650000	 -2.000000	 0.329215	 -6.900352
-3.650000	 -1.950000	 0.505811	 -6.869334
-3.650000	 -1.900000	 0.685353	 -6.826855
-3.650000	 -1.850000	 0.867206	 -6.773340
-3.650000	 -1.800000	 1.050765	 -6.709192
-3.650000	 -1.750000	 1.235451	 -6.634799
-3.650000	 -1.700000	 1.420711	 -6.550533
-3.650000	 -1.650000	 1.606016	 -6.456754
-3.650000	 -1.600000	 1.790858	 -6.353807
-3.650000	 -1.550000	 1.974752	 -6.242032
-3.650000	 -1.500000	 2.157232	 -6.121757
-3.650000	 -1.450000	 2.337850	 -5.993302
-3.650000	 -1.400000	 2.516180	 -5.856982
-3.650000	 -1.350000	 2.691811	 -5.713105
-3.650000	 -1.300000	 2.864350	 -5.561971
-3.650000	 -1.250000	 3.033421	 -5.403879
-3.650000	 -1.200000	 3.198665	 -5.239121
-3.650000	 -1.150000	 3.359739	 -5.067986
-3.650000	 -1.100000	 3.516314	 -4.890759
-3.650000	 -1.050000	 3.668079	 -4.707723
-3.650000	 -1.000000	 3.814735	 -4.519156
-3.650000	 -0.950000	 3.956002	 -4.325335
-3.650000	 -0.900000	 4.091611	 -4.126534
-3.650000	 -0.850000	 4.221309	 -3.923025
-3.650000	 -0.800000	 4.344859	 -3.715080
-3.650000	 -0.750000	 4.462034	 -3.502965
-3.650000	 -0.700000	 4.572627	 -3.286948
-3.650000	 -0.650000	 4.676439	 -3.067296
-3.650000	 -0.600000	 4.773289	 -2.844271
-3.650000	 -0.550000	 4.863008	 -2.618138
-3.650000	 -0.500000	 4.945441	 -2.389158
-3.650000	 -0.450000	 5.020448	 -2.157594
-3.650000	 -0.400000	 5.087901	 -1.923705
-3.650000	 -0.350000	 5.147686	 -1.687751
-3.650000	 -0.300000	 4.902979	 -1.022714
-3.650000	 -0.250000	 4.913332	 -0.854035
-3.650000	 -0.200000	 4.921854	 -0.684388
-3.650000	 -0.150000	 4.928515	 -0.513968
-3.650000	 -0.100000	 4.933290	 -0.342967
-3.650000	 -0.050000	 4.936162	 -0.171580
-3.650000	 -0.000000	 4.937121	 -0.000000
-3.650000	 0.050000	 4.936162	 0.171580
-3.650000	 0.100000	 4.933290	 0.342967
-3.650000	 0.150000	 4.928515	 0.513968
-3.650000	 0.200000	 4.921854	 0.684388
-3.650000	 0.250000	 4.913332	 0.854035
-3.650000	 0.300000	 4.902979	 1.022714
-3.650000	 0.350000	 5.147686	 1.687751
-3.650000	 0.400000	 5.087901	 1.923705
-3.650000	 0.450000	 5.020448	 2.157594
-3.650000	 0.500000	 4.945441	 2.389158
-3.650000	 0.550000	 4.863008	 2.618138
-3.650000	 0.600000	 4.773289	 2.844271
-3.650000	 0.650000	 4.676439	 3.067296
-3.650000	 0.700000	 4.572627	 3.286948
-3.650000	 0.750000	 4.462034	 3.502965
-3.650000	 0.800000	 4.344859	 3.715080
-3.650000	 0.850000	 4.221309	 3.923025
-3.650000	 0.900000	 4.091611	 4.126534
-3.650000	 0.950000	 3.956002	 4.325335
-3.650000	 1.000000	 3.814735	 4.519156
-3.650000	 1.050000	 3.668079	 4.707723
-3.650000	 1.100000	 3.516314	 4.890759
-3.650000	 1.150000	 3.359739	 5.067986
-3.650000	 1.200000	 3.198665	 5.239121
-3.650000	 1.250000	 3.033421	 5.403879
-3.650000	 1.300000	 2.864350	 5.561971
-3.650000	 1.350000	 2.691811	 5.713105
-3.650000	 1.400000	 2.516180	 5.856982
-3.650000	 1.450000	 2.337850	 5.993302
-3.650000	 1.500000	 2.157232	 6.121757
-3.650000	 1.550000	 1.974752	 6.242032
-3.650000	 1.600000	 1.790858	 6.353807
-3.650000	 1.650000	 1.606016	 6.456754
-3.650000	 1.700000	 1.420711	 6.550533
-3.650000	 1.750000	 1.235451	 6.634799
-3.650000	 1.800000	 1.050765	 6.709192
-3.650000	 1.850000	 0.867206	 6.773340
-3.650000	 1.900000	 0.685353	 6.826855
-3.650000	 1.950000	 0.505811	 6.869334
-3.650000	 2.000000	 0.329215	 6.900352
-3.650000	 2.050000	 0.156231	 6.919463
-3.650000	 2.100000	 -0.012439	 6.926194
-3.650000	 2.150000	 -0.176054	 6.920040
-3.650000	 2.200000	 -0.333831	 6.900460
-3.650000	 2.250000	 -0.484936	 6.866871
-3.650000	 2.300000	 -0.628483	 6.818640
-3.650000	 2.350000	 -0.763519	 6.755070
-3.650000	 2.400000	 -0.889018	 6.675395
-3.650000	 2.450000	 -1.003868	 6.578760
-3.650000	 2.500000	 4.732846	 -3.132496
-3.650000	 2.550000	 4.614908	 -3.129705
-3.650000	 2.600000	 4.497311	 -3.125652
-3.650000	 2.650000	 4.380551	 -3.120910
-3.650000	 2.700000	 4.265234	 -3.116196
-3.650000	 2.750000	 4.152095	 -3.112414
-3.650000	 2.800000	 4.042047	 -3.110707
-3.650000	 2.850000	 3.936228	 -3.112529
-3.650000	 2.900000	 3.836081	 -3.119755
-3.650000	 2.950000	 3.743462	 -3.134829
-3.650000	 3.000000	 3.660798	 -3.160978
-3.600000	 -3.000000	 3.468684	 3.100182
-3.600000	 -2.950000	 3.532999	 3.055225
-3.600000	 -2.900000	 3.610270	 3.025587
-3.600000	 -2.850000	 3.697324	 3.006985
-3.600000	 -2.800000	 3.791780	 2.996233
-3.600000	 -2.750000	 3.891818	 2.990924
-3.600000	 -2.700000	 3.996023	 2.989207
-3.600000	 -2.650000	 4.103275	 2.989647
-3.600000	 -2.600000	 4.212682	 2.991118
-3.600000	 -2.550000	 4.323520	 2.992729
-3.600000	 -2.500000	 4.435197	 2.993771
-3.600000	 -2.450000	 4.547224	 2.993679
-3.600000	 -2.400000	 -0.901992	 -6.289778
-3.600000	 -2.350000	 -0.790104	 -6.379950
-3.600000	 -2.300000	 -0.668017	 -6.453540
-3.600000	 -2.250000	 -0.536824	 -6.511394
-3.600000	 -2.200000	 -0.397533	 -6.554273
-3.600000	 -2.150000	 -0.251077	 -6.582865
-3.600000	 -2.100000	 -0.098327	 -6.597797
-3.600000	 -2.050000	 0.059900	 -6.599647
-3.600000	 -2.000000	 0.222837	 -6.588952
-3.600000	 -1.950000	 0.389759	 -6.566211
-3.600000	 -1.900000	 0.559979	 -6.531893
-3.600000	 -1.850000	 0.732847	 -6.486442
-3.600000	 -1.800000	 0.907742	 -6.430277
-3.600000	 -1.750000	 1.084072	 -6.363799
-3.600000	 -1.700000	 1.261274	 -6.287392
-3.600000	 -1.650000	 1.438809	 -6.201426
-3.600000	 -1.600000	 1.616162	 -6.106256
-3.600000	 -1.550000	 1.792839	 -6.002229
-3.600000	 -1.500000	 1.968367	 -5.889678
-3.600000	 -1.450000	 2.142295	 -5.768930
-3.600000	 -1.400000	 2.314190	 -5.640303
-3.600000	 -1.350000	 2.483637	 -5.504110
-3.600000	 -1.300000	 2.650239	 -5.360655
-3.600000	 -1.250000	 2.813617	 -5.210238
-3.600000	 -1.200000	 2.973408	 -5.053156
-3.600000	 -1.150000	 3.129267	 -4.889697
-3.600000	 -1.100000	 3.280862	 -4.720151
-3.600000	 -1.050000	 3.427880	 -4.544799
-3.600000	 -1.000000	 3.570020	 -4.363922
-3.600000	 -0.950000	 3.707000	 -4.177798
-3.600000	 -0.900000	 3.838550	 -3.986701
-3.600000	 -0.850000	 3.964415	 -3.790904
-3.600000	 -0.800000	 4.084356	 -3.590677
-3.600000	 -0.750000	 4.198147	 -3.386290
-3.600000	 -0.700000	 4.305578	 -3.178009
-3.600000	 -0.650000	 4.406449	 -2.966099
-3.600000	 -0.600000	 4.500580	 -2.750825
-3.600000	 -0.550000	 4.587799	 -2.532451
-3.600000	 -0.500000	 4.667953	 -2.311236
-3.600000	 -0.450000	 4.740898	 -2.087444
-3.600000	 -0.400000	 4.806508	 -1.861333
-3.600000	 -0.350000	 4.864668	 -1.633164
-3.600000	 -0.300000	 4.623191	 -0.984004
-3.600000	 -0.250000	 4.633135	 -0.821770
-3.600000	 -0.200000	 4.641323	 -0.658571
-3.600000	 -0.150000	 4.647724	 -0.494603
-3.600000	 -0.100000	 4.652314	 -0.330056
-3.600000	 -0.050000	 4.655075	 -0.165124
-3.600000	 -0.000000	 4.655997	 -0.000000
-3.600000	 0.050000	 4.655075	 0.165124
-3.600000	 0.100000	 4.652314	 0.330056
-3.600000	 0.150000	 4.647724	 0.494603
-3.600000	 0.200000	 4.641323	 0.658571
-3.600000	 0.250000	 4.633135	 0.821770
-3.600000	 0.300000	 4.623191	 0.984004
-3.600000	 0.350000	 4.864668	 1.633164
-3.600000	 0.400000	 4.806508	 1.861333
-3.600000	 0.450000	 4.740898	 2.087444
-3.600000	 0.500000	 4.667953	 2.311236
-3.600000	 0.550000	 4.587799	 2.532451
-3.600000	 0.600000	 4.500580	 2.750825
-3.600000	 0.650000	 4.406449	 2.966099
-3.600000	 0.700000	 4.305578	 3.178009
-3.600000	 0.750000	 4.198147	 3.386290
-3.600000	 0.800000	 4.084356	 3.590677
-3.600000	 0.850000	 3.964415	 3.790904
-3.600000	 0.900000	 3.838550	 3.986701
-3.600000	 0.950000	 3.707000	 4.177798
-3.600000	 1.000000	 3.570020	 4.363922
-3.600000	 1.050000	 3.427880	 4.544799
-3.600000	 1.100000	 3.280862	 4.720151
-3.600000	 1.150000	 3.129267	 4.889697
-3.600000	 1.200000	 2.973408	 5.053156
-3.600000	 1.250000	 2.813617	 5.210238
-3.600000	 1.300000	 2.650239	 5.360655
-3.600000	 1.350000	 2.483637	 5.504110
-3.600000	 1.400000	 2.314190	 5.640303
-3.600000	 1.450000	 2.142295	 5.768930
-3.600000	 1.500000	 1.968367	 5.889678
-3.600000	 1.550000	 1.792839	 6.002229
-3.600000	 1.600000	 1.616162	 6.106256
-3.600000	 1.650000	 1.438809	 6.201426
-3.600000	 1.700000	 1.261274	 6.287392
-3.600000	 1.750000	 1.084072	 6.363799
-3.600000	 1.800000	 0.907742	 6.430277
-3.600000	 1.850000	 0.732847	 6.486442
-3.600000	 1.900000	 0.559979	 6.531893
-3.600000	 1.950000	 0.389759	 6.566211
-3.600000	 2.000000	 0.222837	 6.588952
-3.600000	 2.050000	 0.059900	 6.599647
-3.600000	 2.100000	 -0.098327	 6.597797
-3.600000	 2.150000	 -0.251077	 6.582865
-3.600000	 2.200000	 -0.397533	 6.554273
-3.600000	 2.250000	 -0.536824	 6.511394
-3.600000	 2.300000	 -0.668017	 6.453540
-3.600000	 2.350000	 -0.790104	 6.379950
-3.600000	 2.400000	 -0.901992	 6.289778
-3.600000	 2.450000	 4.547224	 -2.993679
-3.600000	 2.500000	 4.435197	 -2.993771
-3.600000	 2.550000	 4.323520	 -2.992729
-3.600000	 2.600000	 4.212682	 -2.991118
-3.600000	 2.650000	 4.103275	 -2.989647
-3.600000	 2.700000	 3.996023	 -2.989207
-3.600000	 2.750000	 3.891818	 -2.990924
-3.600000	 2.800000	 3.791780	 -2.996233
-3.600000	 2.850000	 3.697324	 -3.006985
-3.600000	 2.900000	 3.610270	 -3.025587
-3.600000	 2.950000	 3.532999	 -3.055225
-3.600000	 3.000000	 3.468684	 -3.100182
-3.550000	 -3.000000	 3.306419	 3.069463
-3.550000	 -2.950000	 3.348815	 3.000286
-3.550000	 -2.900000	 3.408180	 2.952125
-3.550000	 -2.850000	 3.480268	 2.919180
-3.550000	 -2.800000	 3.561966	 2.897228
-3.550000	 -2.750000	 3.650940	 2.883128
-3.550000	 -2.700000	 3.745404	 2.874503
-3.550000	 -2.650000	 3.843969	 2.869532
-3.550000	 -2.600000	 3.945540	 2.866797
-3.550000	 -2.550000	 4.049239	 2.865188
-3.550000	 -2.500000	 4.154358	 2.863827
-3.550000	 -2.450000	 4.260315	 2.862015
-3.550000	 -2.400000	 4.366632	 2.859193
-3.550000	 -2.350000	 4.472908	 2.854917
-3.550000	 -2.300000	 -0.695634	 -6.092131
-3.550000	 -2.250000	 -0.576985	 -6.159867
-3.550000	 -2.200000	 -0.449652	 -6.212235
-3.550000	 -2.150000	 -0.314623	 -6.249987
-3.550000	 -2.100000	 -0.172814	 -6.273804
-3.550000	 -2.050000	 -0.025080	 -6.284308
-3.550000	 -2.000000	 0.127781	 -6.282071
-3.550000	 -1.950000	 0.285017	 -6.267625
-3.550000	 -1.900000	 0.445918	 -6.241465
-3.550000	 -1.850000	 0.609813	 -6.204055
-3.550000	 -1.800000	 0.776066	 -6.155835
-3.550000	 -1.750000	 0.944071	 -6.097221
-3.550000	 -1.700000	 1.113252	 -6.028612
-3.550000	 -1.650000	 1.283059	 -5.950387
-3.550000	 -1.600000	 1.452967	 -5.862914
-3.550000	 -1.550000	 1.622475	 -5.766545
-3.550000	 -1.500000	 1.791103	 -5.661622
-3.550000	 -1.450000	 1.958392	 -5.548480
-3.550000	 -1.400000	 2.123905	 -5.427440
-3.550000	 -1.350000	 2.287221	 -5.298820
-3.550000	 -1.300000	 2.447940	 -5.162929
-3.550000	 -1.250000	 2.605679	 -5.020069
-3.550000	 -1.200000	 2.760070	 -4.870540
-3.550000	 -1.150000	 2.910766	 -4.714634
-3.550000	 -1.100000	 3.057432	 -4.552640
-3.550000	 -1.050000	 3.199753	 -4.384844
-3.550000	 -1.000000	 3.337426	 -4.211526
-3.550000	 -0.950000	 3.470166	 -4.032965
-3.550000	 -0.900000	 3.597701	 -3.849437
-3.550000	 -0.850000	 3.719777	 -3.661215
-3.550000	 -0.800000	 3.836151	 -3.468570
-3.550000	 -0.750000	 3.946596	 -3.271771
-3.550000	 -0.700000	 4.050901	 -3.071086
-3.550000	 -0.650000	 4.148867	 -2.866779
-3.550000	 -0.600000	 4.240310	 -2.659115
-3.550000	 -0.550000	 4.325060	 -2.448356
-3.550000	 -0.500000	 4.402961	 -2.234765
-3.550000	 -0.450000	 4.473870	 -2.018601
-3.550000	 -0.400000	 4.537659	 -1.800124
-3.550000	 -0.350000	 4.594214	 -1.579594
-3.550000	 -0.300000	 4.356015	 -0.946003
-3.550000	 -0.250000	 4.365551	 -0.790096
-3.550000	 -0.200000	 4.373407	 -0.633228
-3.550000	 -0.150000	 4.379549	 -0.475593
-3.550000	 -0.100000	 4.383955	 -0.317382
-3.550000	 -0.050000	 4.386605	 -0.158787
-3.550000	 -0.000000	 4.387490	 -0.000000
-3.550000	 0.050000	 4.386605	 0.158787
-3.550000	 0.100000	 4.383955	 0.317382
-3.550000	 0.150000	 4.379549	 0.475593
-3.550000	 0.200000	 4.373407	 0.633228
-3.550000	 0.250000	 4.365551	 0.790096
-3.550000	 0.300000	 4.356015	 0.946003
-3.550000	 0.350000	 4.594214	 1.579594
-3.550000	 0.400000	 4.537659	 1.800124
-3.550000	 0.450000	 4.473870	 2.018601
-3.550000	 0.500000	 4.402961	 2.234765
-3.550000	 0.550000	 4.325060	 2.448356
-3.550000	 0.600000	 4.240310	 2.659115
-3.550000	 0.650000	 4.148867	 2.866779
-3.550000	 0.700000	 4.050901	 3.071086
-3.550000	 0.750000	 3.946596	 3.271771
-3.550000	 0.800000	 3.836151	 3.468570
-3.550000	 0.850000	 3.719777	 3.661215
-3.550000	 0.900000	 3.597701	 3.849437
-3.550000	 0.950000	 3.470166	 4.032965
-3.550000	 1.000000	 3.337426	 4.211526
-3.550000	 1.050000	 3.199753	 4.384844
-3.550000	 1.100000	 3.057432	 4.552640
-3.550000	 1.150000	 2.910766	 4.714634
-3.550000	 1.200000	 2.760070	 4.870540
-3.550000	 1.250000	 2.605679	 5.020069
-3.550000	 1.300000	 2.447940	 5.162929
-3.550000	 1.350000	 2.287221	 5.298820
-3.550000	 1.400000	 2.123905	 5.427440
-3.550000	 1.450000	 1.958392	 5.548480
-3.550000	 1.500000	 1.791103	 5.661622
-3.550000	 1.550000	 1.622475	 5.766545
-3.550000	 1.600000	 1.452967	 5.862914
-3.550000	 1.650000	 1.283059	 5.950387
-3.550000	 1.700000	 1.113252	 6.028612
-3.550000	 1.750000	 0.944071	 6.097221
-3.550000	 1.800000	 0.776066	 6.155835
-3.550000	 1.850000	 0.609813	 6.204055
-3.550000	 1.900000	 0.445918	 6.241465
-3.550000	 1.950000	 0.285017	 6.267625
-3.550000	 2.000000	 0.127781	 6.282071
-3.550000	 2.050000	 -0.025080	 6.284308
-3.550000	 2.100000	 -0.172814	 6.273804
-3.550000	 2.150000	 -0.314623	 6.249987
-3.550000	 2.200000	 -0.449652	 6.212235
-3.550000	 2.250000	 -0.576985	 6.159867
-3.550000	 2.300000	 -0.695634	 6.092131
-3.550000	 2.350000	 4.472908	 -2.854917
-3.550000	 2.400000	 4.366632	 -2.859193
-3.550000	 2.450000	 4.260315	 -2.862015
-3.550000	 2.500000	 4.154358	 -2.863827
-3.550000	 2.550000	 4.049239	 -2.865188
-3.550000	 2.600000	 3.945540	 -2.866797
-3.550000	 2.650000	 3.843969	 -2.869532
-3.550000	 2.700000	 3.745404	 -2.874503
-3.550000	 2.750000	 3.650940	 -2.883128
-3.550000	 2.800000	 3.561966	 -2.897228
-3.550000	 2.850000	 3.480268	 -2.919180
-3.550000	 2.900000	 3.408180	 -2.952125
-3.550000	 2.950000	 3.348815	 -3.000286
-3.550000	 3.000000	 3.306419	 -3.069463
-3.500000	 -3.000000	 -0.894558	 -3.153770
-3.500000	 -2.950000	 3.193710	 2.974831
-3.500000	 -2.900000	 3.231682	 2.902819
-3.500000	 -2.850000	 3.286305	 2.851637
-3.500000	 -2.800000	 3.353417	 2.815565
-3.500000	 -2.750000	 3.429965	 2.790438
-3.500000	 -2.700000	 3.513660	 2.773161
-3.500000	 -2.650000	 3.602753	 2.761391
-3.500000	 -2.600000	 3.695882	 2.753331
-3.500000	 -2.550000	 3.791972	 2.747584
-3.500000	 -2.500000	 3.890164	 2.743056
-3.500000	 -2.450000	 3.989763	 2.738879
-3.500000	 -2.400000	 4.090198	 2.734366
-3.500000	 -2.350000	 4.191001	 2.728966
-3.500000	 -2.300000	 4.291779	 2.722239
-3.500000	 -2.250000	 -0.605528	 -5.811863
-3.500000	 -2.200000	 -0.490339	 -5.873975
-3.500000	 -2.150000	 -0.366878	 -5.921082
-3.500000	 -2.100000	 -0.236115	 -5.953929
-3.500000	 -2.050000	 -0.098947	 -5.973190
-3.500000	 -2.000000	 0.043788	 -5.979482
-3.500000	 -1.950000	 0.191307	 -5.973372
-3.500000	 -1.900000	 0.342876	 -5.955386
-3.500000	 -1.850000	 0.497800	 -5.926014
-3.500000	 -1.800000	 0.655423	 -5.885717
-3.500000	 -1.750000	 0.815124	 -5.834930
-3.500000	 -1.700000	 0.976312	 -5.774067
-3.500000	 -1.650000	 1.138426	 -5.703522
-3.500000	 -1.600000	 1.300929	 -5.623672
-3.500000	 -1.550000	 1.463311	 -5.534881
-3.500000	 -1.500000	 1.625085	 -5.437500
-3.500000	 -1.450000	 1.785785	 -5.331868
-3.500000	 -1.400000	 1.944965	 -5.218315
-3.500000	 -1.350000	 2.102202	 -5.097163
-3.500000	 -1.300000	 2.257090	 -4.968725
-3.500000	 -1.250000	 2.409240	 -4.833309
-3.500000	 -1.200000	 2.558283	 -4.691215
-3.500000	 -1.150000	 2.703866	 -4.542741
-3.500000	 -1.100000	 2.845653	 -4.388176
-3.500000	 -1.050000	 2.983325	 -4.227809
-3.500000	 -1.000000	 3.116578	 -4.061921
-3.500000	 -0.950000	 3.245124	 -3.890794
-3.500000	 -0.900000	 3.368689	 -3.714703
-3.500000	 -0.850000	 3.487017	 -3.533923
-3.500000	 -0.800000	 3.599864	 -3.348725
-3.500000	 -0.750000	 3.707002	 -3.159378
-3.500000	 -0.700000	 3.808218	 -2.966151
-3.500000	 -0.650000	 3.903313	 -2.769308
-3.500000	 -0.600000	 3.992100	 -2.569114
-3.500000	 -0.550000	 4.074410	 -2.365832
-3.500000	 -0.500000	 4.150085	 -2.159722
-3.500000	 -0.450000	 4.218983	 -1.951046
-3.500000	 -0.400000	 4.280973	 -1.740062
-3.500000	 -0.350000	 4.335942	 -1.527029
-3.500000	 -0.300000	 4.101069	 -0.908697
-3.500000	 -0.250000	 4.110200	 -0.759002
-3.500000	 -0.200000	 4.117724	 -0.608350
-3.500000	 -0.150000	 4.123609	 -0.456932
-3.500000	 -0.100000	 4.127830	 -0.304940
-3.500000	 -0.050000	 4.130370	 -0.152565
-3.500000	 -0.000000	 4.131218	 -0.000000
-3.500000	 0.050000	 4.130370	 0.152565
-3.500000	 0.100000	 4.127830	 0.304940
-3.500000	 0.150000	 4.123609	 0.456932
-3.500000	 0.200000	 4.117724	 0.608350
-3.500000	 0.250000	 4.110200	 0.759002
-3.500000	 0.300000	 4.101069	 0.908697
-3.500000	 0.350000	 4.335942	 1.527029
-3.500000	 0.400000	 4.280973	 1.740062
-3.500000	 0.450000	 4.218983	 1.951046
-3.500000	 0.500000	 4.150085	 2.159722
-3.500000	 0.550000	 4.074410	 2.365832
-3.500000	 0.600000	 3.992100	 2.569114
-3.500000	 0.650000	 3.903313	 2.769308
-3.500000	 0.700000	 3.808218	 2.966151
-3.500000	 0.750000	 3.707002	 3.159378
-3.500000	 0.800000	 3.599864	 3.348725
-3.500000	 0.850000	 3.487017	 3.533923
-3.500000	 0.900000	 3.368689	 3.714703
-3.500000	 0.950000	 3.245124	 3.890794
-3.500000	 1.000000	 3.116578	 4.061921
-3.500000	 1.050000	 2.983325	 4.227809
-3.500000	 1.100000	 2.845653	 4.388176
-3.500000	 1.150000	 2.703866	 4.542741
-3.500000	 1.200000	 2.558283	 4.691215
-3.500000	 1.250000	 2.409240	 4.833309
-3.500000	 1.300000	 2.257090	 4.968725
-3.500000	 1.350000	 2.102202	 5.097163
-3.500000	 1.400000	 1.944965	 5.218315
-3.500000	 1.450000	 1.785785	 5.331868
-3.500000	 1.500000	 1.625085	 5.437500
-3.500000	 1.550000	 1.463311	 5.534881
-3.500000	 1.600000	 1.300929	 5.623672
-3.500000	 1.650000	 1.138426	 5.703522
-3.500000	 1.700000	 0.976312	 5.774067
-3.500000	 1.750000	 0.815124	 5.834930
-3.500000	 1.800000	 0.655423	 5.885717
-3.500000	 1.850000	 0.497800	 5.926014
-3.500000	 1.900000	 0.342876	 5.955386
-3.500000	 1.950000	 0.191307	 5.973372
-3.500000	 2.000000	 0.043788	 5.979482
-3.500000	 2.050000	 -0.098947	 5.973190
-3.500000	 2.100000	 -0.236115	 5.953929
-3.500000	 2.150000	 -0.366878	 5.921082
-3.500000	 2.200000	 -0.490339	 5.873975
-3.500000	 2.250000	 -0.605528	 5.811863
-3.500000	 2.300000	 4.291779	 -2.722239
-3.500000	 2.350000	 4.191001	 -2.728966
-3.500000	 2.400000	 4.090198	 -2.734366
-3.500000	 2.450000	 3.989763	 -2.738879
-3.500000	 2.500000	 3.890164	 -2.743056
-3.500000	 2.550000	 3.791972	 -2.747584
-3.500000	 2.600000	 3.695882	 -2.753331
-3.500000	 2.650000	 3.602753	 -2.761391
-3.500000	 2.700000	 3.513660	 -2.773161
-3.500000	 2.750000	 3.429965	 -2.790438
-3.500000	 2.800000	 3.353417	 -2.815565
-3.500000	 2.850000	 3.286305	 -2.851637
-3.500000	 2.900000	 3.231682	 -2.902819
-3.500000	 2.950000	 3.193710	 -2.974831
-3.500000	 3.000000	 -0.894558	 3.153770
-3.450000	 -3.000000	 -1.019032	 -3.248035
-3.450000	 -2.950000	 -0.863815	 -3.074816
-3.450000	 -2.900000	 3.083498	 2.882409
-3.450000	 -2.850000	 3.117252	 2.807746
-3.450000	 -2.800000	 3.167338	 2.753720
-3.450000	 -2.750000	 3.229677	 2.714696
-3.450000	 -2.700000	 3.301277	 2.686568
-3.450000	 -2.650000	 3.379896	 2.666284
-3.450000	 -2.600000	 3.463818	 2.651535
-3.450000	 -2.550000	 3.551709	 2.640549
-3.450000	 -2.500000	 3.642517	 2.631950
-3.450000	 -2.450000	 3.735399	 2.624658
-3.450000	 -2.400000	 3.829673	 2.617819
-3.450000	 -2.350000	 3.924782	 2.610756
-3.450000	 -2.300000	 4.020264	 2.602924
-3.450000	 -2.250000	 4.115737	 2.593891
-3.450000	 -2.200000	 -0.519703	 -5.539072
-3.450000	 -2.150000	 -0.407994	 -5.595785
-3.450000	 -2.100000	 -0.288415	 -5.637853
-3.450000	 -2.050000	 -0.161917	 -5.666015
-3.450000	 -2.000000	 -0.029382	 -5.680938
-3.450000	 -1.950000	 0.108373	 -5.683232
-3.450000	 -1.900000	 0.250580	 -5.673459
-3.450000	 -1.850000	 0.396519	 -5.652140
-3.450000	 -1.800000	 0.545513	 -5.619761
-3.450000	 -1.750000	 0.696921	 -5.576778
-3.450000	 -1.700000	 0.850137	 -5.523624
-3.450000	 -1.650000	 1.004585	 -5.460708
-3.450000	 -1.600000	 1.159716	 -5.388420
-3.450000	 -1.550000	 1.315011	 -5.307135
-3.450000	 -1.500000	 1.469972	 -5.217215
-3.450000	 -1.450000	 1.624126	 -5.119006
-3.450000	 -1.400000	 1.777021	 -5.012845
-3.450000	 -1.350000	 1.928226	 -4.899061
-3.450000	 -1.300000	 2.077330	 -4.777972
-3.450000	 -1.250000	 2.223941	 -4.649889
-3.450000	 -1.200000	 2.367684	 -4.515119
-3.450000	 -1.150000	 2.508203	 -4.373959
-3.450000	 -1.100000	 2.645160	 -4.226704
-3.450000	 -1.050000	 2.778231	 -4.073644
-3.450000	 -1.000000	 2.907109	 -3.915062
-3.450000	 -0.950000	 3.031505	 -3.751241
-3.450000	 -0.900000	 3.151144	 -3.582458
-3.450000	 -0.850000	 3.265765	 -3.408988
-3.450000	 -0.800000	 3.375125	 -3.231105
-3.450000	 -0.750000	 3.478994	 -3.049077
-3.450000	 -0.700000	 3.577157	 -2.863174
-3.450000	 -0.650000	 3.669413	 -2.673659
-3.450000	 -0.600000	 3.755576	 -2.480799
-3.450000	 -0.550000	 3.835475	 -2.284855
-3.450000	 -0.500000	 3.908951	 -2.086089
-3.450000	 -0.450000	 3.975861	 -1.884760
-3.450000	 -0.400000	 4.036075	 -1.681129
-3.450000	 -0.350000	 4.089477	 -1.475453
-3.450000	 -0.300000	 3.857980	 -0.872073
-3.450000	 -0.250000	 3.866706	 -0.728477
-3.450000	 -0.200000	 3.873899	 -0.583926
-3.450000	 -0.150000	 3.879528	 -0.438612
-3.450000	 -0.100000	 3.883566	 -0.292726
-3.450000	 -0.050000	 3.885996	 -0.146458
-3.450000	 -0.000000	 3.886807	 -0.000000
-3.450000	 0.050000	 3.885996	 0.146458
-3.450000	 0.100000	 3.883566	 0.292726
-3.450000	 0.150000	 3.879528	 0.438612
-3.450000	 0.200000	 3.873899	 0.583926
-3.450000	 0.250000	 3.866706	 0.728477
-3.450000	 0.300000	 3.857980	 0.872073
-3.450000	 0.350000	 4.089477	 1.475453
-3.450000	 0.400000	 4.036075	 1.681129
-3.450000	 0.450000	 3.975861	 1.884760
-3.450000	 0.500000	 3.908951	 2.086089
-3.450000	 0.550000	 3.835475	 2.284855
-3.450000	 0.600000	 3.755576	 2.480799
-3.450000	 0.650000	 3.669413	 2.673659
-3.450000	 0.700000	 3.577157	 2.863174
-3.450000	 0.750000	 3.478994	 3.049077
-3.450000	 0.800000	 3.375125	 3.231105
-3.450000	 0.850000	 3.265765	 3.408988
-3.450000	 0.900000	 3.151144	 3.582458
-3.450000	 0.950000	 3.031505	 3.751241
-3.450000	 1.000000	 2.907109	 3.915062
-3.450000	 1.050000	 2.778231	 4.073644
-3.450000	 1.100000	 2.645160	 4.226704
-3.450000	 1.150000	 2.508203	 4.373959
-3.450000	 1.200000	 2.367684	 4.515119
-3.450000	 1.250000	 2.223941	 4.649889
-3.450000	 1.300000	 2.077330	 4.777972
-3.450000	 1.350000	 1.928226	 4.899061
-3.450000	 1.400000	 1.777021	 5.012845
-3.450000	 1.450000	 1.624126	 5.119006
-3.450000	 1.500000	 1.469972	 5.217215
-3.450000	 1.550000	 1.315011	 5.307135
-3.450000	 1.600000	 1.159716	 5.388420
-3.450000	 1.650000	 1.004585	 5.460708
-3.450000	 1.700000	 0.850137	 5.523624
-3.450000	 1.750000	 0.696921	 5.576778
-3.450000	 1.800000	 0.545513	 5.619761
-3.450000	 1.850000	 0.396519	 5.652140
-3.450000	 1.900000	 0.250580	 5.673459
-3.450000	 1.950000	 0.108373	 5.683232
-3.450000	 2.000000	 -0.029382	 5.680938
-3.450000	 2.050000	 -0.161917	 5.666015
-3.450000	 2.100000	 -0.288415	 5.637853
-3.450000	 2.150000	 -0.407994	 5.595785
-3.450000	 2.200000	 -0.519703	 5.539072
-3.450000	 2.250000	 4.115737	 -2.593891
-3.450000	 2.300000	 4.020264	 -2.602924
-3.450000	 2.350000	 3.924782	 -2.610756
-3.450000	 2.400000	 3.829673	 -2.617819
-3.450000	 2.450000	 3.735399	 -2.624658
-3.450000	 2.500000	 3.642517	 -2.631950
-3.450000	 2.550000	 3.551709	 -2.640549
-3.450000	 2.600000	 3.463818	 -2.651535
-3.450000	 2.650000	 3.379896	 -2.666284
-3.450000	 2.700000	 3.301277	 -2.686568
-3.450000	 2.750000	 3.229677	 -2.714696
-3.450000	 2.800000	 3.167338	 -2.753720
-3.450000	 2.850000	 3.117252	 -2.807746
-3.450000	 2.900000	 3.083498	 -2.882409
-3.450000	 2.950000	 -0.863815	 3.074816
-3.450000	 3.000000	 -1.019032	 3.248035
-3.400000	 -3.000000	 -1.143576	 -3.339974
-3.400000	 -2.950000	 -0.985036	 -3.167885
-3.400000	 -2.900000	 -0.833392	 -2.996689
-3.400000	 -2.850000	 2.975753	 2.792163
-3.400000	 -2.800000	 3.005492	 2.715027
-3.400000	 -2.750000	 3.051242	 2.658334
-3.400000	 -2.700000	 3.109009	 2.616530
-3.400000	 -2.650000	 3.175861	 2.585570
-3.400000	 -2.600000	 3.249601	 2.562444
-3.400000	 -2.550000	 3.328550	 2.544879
-3.400000	 -2.500000	 3.411400	 2.531127
-3.400000	 -2.450000	 3.497120	 2.519833
-3.400000	 -2.400000	 3.584885	 2.509931
-3.400000	 -2.350000	 3.674027	 2.500581
-3.400000	 -2.300000	 3.764000	 2.491114
-3.400000	 -2.250000	 3.854353	 2.480995
-3.400000	 -2.200000	 3.944709	 2.469797
-3.400000	 -2.150000	 -0.438077	 -5.273684
-3.400000	 -2.100000	 -0.329863	 -5.325219
-3.400000	 -2.050000	 -0.214173	 -5.362469
-3.400000	 -2.000000	 -0.091938	 -5.386162
-3.400000	 -1.950000	 0.035979	 -5.396960
-3.400000	 -1.900000	 0.168775	 -5.395467
-3.400000	 -1.850000	 0.305700	 -5.382239
-3.400000	 -1.800000	 0.446051	 -5.357792
-3.400000	 -1.750000	 0.589167	 -5.322608
-3.400000	 -1.700000	 0.734420	 -5.277139
-3.400000	 -1.650000	 0.881220	 -5.221814
-3.400000	 -1.600000	 1.029006	 -5.157037
-3.400000	 -1.550000	 1.177245	 -5.083197
-3.400000	 -1.500000	 1.325429	 -5.000666
-3.400000	 -1.450000	 1.473077	 -4.909800
-3.400000	 -1.400000	 1.619728	 -4.810944
-3.400000	 -1.350000	 1.764946	 -4.704435
-3.400000	 -1.300000	 1.908313	 -4.590595
-3.400000	 -1.250000	 2.049430	 -4.469743
-3.400000	 -1.200000	 2.187921	 -4.342187
-3.400000	 -1.150000	 2.323423	 -4.208230
-3.400000	 -1.100000	 2.455595	 -4.068169
-3.400000	 -1.050000	 2.584110	 -3.922296
-3.400000	 -1.000000	 2.708659	 -3.770899
-3.400000	 -0.950000	 2.828949	 -3.614260
-3.400000	 -0.900000	 2.944702	 -3.452660
-3.400000	 -0.850000	 3.055658	 -3.286374
-3.400000	 -0.800000	 3.161570	 -3.115676
-3.400000	 -0.750000	 3.262206	 -2.940836
-3.400000	 -0.700000	 3.357350	 -2.762124
-3.400000	 -0.650000	 3.446801	 -2.579804
-3.400000	 -0.600000	 3.530371	 -2.394143
-3.400000	 -0.550000	 3.607887	 -2.205402
-3.400000	 -0.500000	 3.679191	 -2.013843
-3.400000	 -0.450000	 3.744138	 -1.819726
-3.400000	 -0.400000	 3.802597	 -1.623310
-3.400000	 -0.350000	 3.854452	 -1.424852
-3.400000	 -0.300000	 3.626379	 -0.836114
-3.400000	 -0.250000	 3.634701	 -0.698507
-3.400000	 -0.200000	 3.641565	 -0.559947
-3.400000	 -0.150000	 3.646937	 -0.420626
-3.400000	 -0.100000	 3.650792	 -0.280734
-3.400000	 -0.050000	 3.653112	 -0.140462
-3.400000	 -0.000000	 3.653887	 -0.000000
-3.400000	 0.050000	 3.653112	 0.140462
-3.400000	 0.100000	 3.650792	 0.280734
-3.400000	 0.150000	 3.646937	 0.420626
-3.400000	 0.200000	 3.641565	 0.559947
-3.400000	 0.250000	 3.634701	 0.698507
-3.400000	 0.300000	 3.626379	 0.836114
-3.400000	 0.350000	 3.854452	 1.424852
-3.400000	 0.400000	 3.802597	 1.623310
-3.400000	 0.450000	 3.744138	 1.819726
-3.400000	 0.500000	 3.679191	 2.013843
-3.400000	 0.550000	 3.607887	 2.205402
-3.400000	 0.600000	 3.530371	 2.394143
-3.400000	 0.650000	 3.446801	 2.579804
-3.400000	 0.700000	 3.357350	 2.762124
-3.400000	 0.750000	 3.262206	 2.940836
-3.400000	 0.800000	 3.161570	 3.115676
-3.400000	 0.850000	 3.055658	 3.286374
-3.400000	 0.900000	 2.944702	 3.452660
-3.400000	 0.950000	 2.828949	 3.614260
-3.400000	 1.000000	 2.708659	 3.770899
-3.400000	 1.050000	 2.584110	 3.922296
-3.400000	 1.100000	 2.455595	 4.068169
-3.400000	 1.150000	 2.323423	 4.208230
-3.400000	 1.200000	 2.187921	 4.342187
-3.400000	 1.250000	 2.049430	 4.469743
-3.400000	 1.300000	 1.908313	 4.590595
-3.400000	 1.350000	 1.764946	 4.704435
-3.400000	 1.400000	 1.619728	 4.810944
-3.400000	 1.450000	 1.473077	 4.909800
-3.400000	 1.500000	 1.325429	 5.000666
-3.400000	 1.550000	 1.177245	 5.083197
-3.400000	 1.600000	 1.029006	 5.157037
-3.400000	 1.650000	 0.881220	 5.221814
-3.400000	 1.700000	 0.734420	 5.277139
-3.400000	 1.750000	 0.589167	 5.322608
-3.400000	 1.800000	 0.446051	 5.357792
-3.400000	 1.850000	 0.305700	 5.382239
-3.400000	 1.900000	 0.168775	 5.395467
-3.400000	 1.950000	 0.035979	 5.396960
-3.400000	 2.000000	 -0.091938	 5.386162
-3.400000	 2.050000	 -0.214173	 5.362469
-3.400000	 2.100000	 -0.329863	 5.325219
-3.400000	 2.150000	 -0.438077	 5.273684
-3.400000	 2.200000	 3.944709	 -2.469797
-3.400000	 2.250000	 3.854353	 -2.480995
-3.400000	 2.300000	 3.764000	 -2.491114
-3.400000	 2.350000	 3.674027	 -2.500581
-3.400000	 2.400000	 3.584885	 -2.509931
-3.400000	 2.450000	 3.497120	 -2.519833
-3.400000	 2.500000	 3.411400	 -2.531127
-3.400000	 2.550000	 3.328550	 -2.544879
-3.400000	 2.600000	 3.249601	 -2.562444
-3.400000	 2.650000	 3.175861	 -2.585570
-3.400000	 2.700000	 3.109009	 -2.616530
-3.400000	 2.750000	 3.051242	 -2.658334
-3.400000	 2.800000	 3.005492	 -2.715027
-3.400000	 2.850000	 2.975753	 -2.792163
-3.400000	 2.900000	 -0.833392	 2.996689
-3.400000	 2.950000	 -0.985036	 3.167885
-3.400000	 3.000000	 -1.143576	 3.339974
-3.350000	 -3.000000	 -1.268231	 -3.429652
-3.350000	 -2.950000	 -1.106308	 -3.258617
-3.350000	 -2.900000	 -0.951399	 -3.088563
-3.350000	 -2.850000	 -0.803287	 -2.919388
-3.350000	 -2.800000	 2.870446	 2.704058
-3.350000	 -2.750000	 2.896369	 2.624624
-3.350000	 -2.700000	 2.937983	 2.565437
-3.350000	 -2.650000	 2.991374	 2.521023
-3.350000	 -2.600000	 3.053673	 2.487396
-3.350000	 -2.550000	 3.122730	 2.461593
-3.350000	 -2.500000	 3.196899	 2.441371
-3.350000	 -2.450000	 3.274901	 2.425010
-3.350000	 -2.400000	 3.355725	 2.411173
-3.350000	 -2.350000	 3.438564	 2.398812
-3.350000	 -2.300000	 3.522763	 2.387098
-3.350000	 -2.250000	 3.607789	 2.375372
-3.350000	 -2.200000	 3.693199	 2.363106
-3.350000	 -2.150000	 3.778625	 2.349879
-3.350000	 -2.100000	 -0.360568	 -5.015624
-3.350000	 -2.050000	 -0.255862	 -5.062202
-3.350000	 -2.000000	 -0.144063	 -5.094850
-3.350000	 -1.950000	 -0.026084	 -5.114288
-3.350000	 -1.900000	 0.097229	 -5.121172
-3.350000	 -1.850000	 0.225092	 -5.116100
-3.350000	 -1.800000	 0.356771	 -5.099622
-3.350000	 -1.750000	 0.491579	 -5.072249
-3.350000	 -1.700000	 0.628869	 -5.034459
-3.350000	 -1.650000	 0.768031	 -4.986700
-3.350000	 -1.600000	 0.908489	 -4.929397
-3.350000	 -1.550000	 1.049696	 -4.862950
-3.350000	 -1.500000	 1.191134	 -4.787746
-3.350000	 -1.450000	 1.332310	 -4.704152
-3.350000	 -1.400000	 1.472756	 -4.612523
-3.350000	 -1.350000	 1.612026	 -4.513201
-3.350000	 -1.300000	 1.749698	 -4.406518
-3.350000	 -1.250000	 1.885366	 -4.292797
-3.350000	 -1.200000	 2.018647	 -4.172352
-3.350000	 -1.150000	 2.149177	 -4.045490
-3.350000	 -1.100000	 2.276608	 -3.912513
-3.350000	 -1.050000	 2.400611	 -3.773713
-3.350000	 -1.000000	 2.520873	 -3.629383
-3.350000	 -0.950000	 2.637099	 -3.479807
-3.350000	 -0.900000	 2.749009	 -3.325266
-3.350000	 -0.850000	 2.856338	 -3.166039
-3.350000	 -0.800000	 2.958840	 -3.002400
-3.350000	 -0.750000	 3.056280	 -2.834620
-3.350000	 -0.700000	 3.148440	 -2.662969
-3.350000	 -0.650000	 3.235118	 -2.487715
-3.350000	 -0.600000	 3.316125	 -2.309120
-3.350000	 -0.550000	 3.391287	 -2.127450
-3.350000	 -0.500000	 3.460444	 -1.942964
-3.350000	 -0.450000	 3.523450	 -1.755924
-3.350000	 -0.400000	 3.580176	 -1.566588
-3.350000	 -0.350000	 3.396641	 -0.931392
-3.350000	 -0.300000	 3.405905	 -0.800807
-3.350000	 -0.250000	 3.413824	 -0.669080
-3.350000	 -0.200000	 3.420358	 -0.536403
-3.350000	 -0.150000	 3.425474	 -0.402966
-3.350000	 -0.100000	 3.429146	 -0.268960
-3.350000	 -0.050000	 3.431357	 -0.134575
-3.350000	 -0.000000	 3.432095	 -0.000000
-3.350000	 0.050000	 3.431357	 0.134575
-3.350000	 0.100000	 3.429146	 0.268960
-3.350000	 0.150000	 3.425474	 0.402966
-3.350000	 0.200000	 3.420358	 0.536403
-3.350000	 0.250000	 3.413824	 0.669080
-3.350000	 0.300000	 3.405905	 0.800807
-3.350000	 0.350000	 3.396641	 0.931392
-3.350000	 0.400000	 3.580176	 1.566588
-3.350000	 0.450000	 3.523450	 1.755924
-3.350000	 0.500000	 3.460444	 1.942964
-3.350000	 0.550000	 3.391287	 2.127450
-3.350000	 0.600000	 3.316125	 2.309120
-3.350000	 0.650000	 3.235118	 2.487715
-3.350000	 0.700000	 3.148440	 2.662969
-3.350000	 0.750000	 3.056280	 2.834620
-3.350000	 0.800000	 2.958840	 3.002400
-3.350000	 0.850000	 2.856338	 3.166039
-3.350000	 0.900000	 2.749009	 3.325266
-3.350000	 0.950000	 2.637099	 3.479807
-3.350000	 1.000000	 2.520873	 3.629383
-3.350000	 1.050000	 2.400611	 3.773713
-3.350000	 1.100000	 2.276608	 3.912513
-3.350000	 1.150000	 2.149177	 4.045490
-3.350000	 1.200000	 2.018647	 4.172352
-3.350000	 1.250000	 1.885366	 4.292797
-3.350000	 1.300000	 1.749698	 4.406518
-3.350000	 1.350000	 1.612026	 4.513201
-3.350000	 1.400000	 1.472756	 4.612523
-3.350000	 1.450000	 1.332310	 4.704152
-3.350000	 1.500000	 1.191134	 4.787746
-3.350000	 1.550000	 1.049696	 4.862950
-3.350000	 1.600000	 0.908489	 4.929397
-3.350000	 1.650000	 0.768031	 4.986700
-3.350000	 1.700000	 0.628869	 5.034459
-3.350000	 1.750000	 0.491579	 5.072249
-3.350000	 1.800000	 0.356771	 5.099622
-3.350000	 1.850000	 0.225092	 5.116100
-3.350000	 1.900000	 0.097229	 5.121172
-3.350000	 1.950000	 -0.026084	 5.114288
-3.350000	 2.000000	 -0.144063	 5.094850
-3.350000	 2.050000	 -0.255862	 5.062202
-3.350000	 2.100000	 -0.360568	 5.015624
-3.350000	 2.150000	 3.778625	 -2.349879
-3.350000	 2.200000	 3.693199	 -2.363106
-3.350000	 2.250000	 3.607789	 -2.375372
-3.350000	 2.300000	 3.522763	 -2.387098
-3.350000	 2.350000	 3.438564	 -2.398812
-3.350000	 2.400000	 3.355725	 -2.411173
-3.350000	 2.450000	 3.274901	 -2.425010
-3.350000	 2.500000	 3.196899	 -2.441371
-3.350000	 2.550000	 3.122730	 -2.461593
-3.350000	 2.600000	 3.053673	 -2.487396
-3.350000	 2.650000	 2.991374	 -2.521023
-3.350000	 2.700000	 2.937983	 -2.565437
-3.350000	 2.750000	 2.896369	 -2.624624
-3.350000	 2.800000	 2.870446	 -2.704058
-3.350000	 2.850000	 -0.803287	 2.919388
-3.350000	 2.900000	 -0.951399	 3.088563
-3.350000	 2.950000	 -1.106308	 3.258617
-3.350000	 3.000000	 -1.268231	 3.429652
-3.300000	 -3.000000	 -1.393043	 -3.517136
-3.300000	 -2.950000	 -1.227671	 -3.347079
-3.300000	 -2.900000	 -1.069436	 -3.178090
-3.300000	 -2.850000	 -0.918118	 -3.010069
-3.300000	 -2.800000	 -0.773497	 -2.842913
-3.300000	 -2.750000	 -0.635360	 -2.676514
-3.300000	 -2.700000	 2.789851	 2.536500
-3.300000	 -2.650000	 2.827523	 2.474987
-3.300000	 -2.600000	 2.876733	 2.428130
-3.300000	 -2.550000	 2.934673	 2.392000
-3.300000	 -2.500000	 2.999238	 2.363678
-3.300000	 -2.450000	 3.068818	 2.340957
-3.300000	 -2.400000	 3.142161	 2.322140
-3.300000	 -2.350000	 3.218277	 2.305911
-3.300000	 -2.300000	 3.296377	 2.291238
-3.300000	 -2.250000	 3.375821	 2.277304
-3.300000	 -2.200000	 3.456084	 2.263458
-3.300000	 -2.150000	 3.536736	 2.249183
-3.300000	 -2.100000	 3.617415	 2.234063
-3.300000	 -2.050000	 -0.287092	 -4.764818
-3.300000	 -2.000000	 -0.185904	 -4.806656
-3.300000	 -1.950000	 -0.077996	 -4.834915
-3.300000	 -1.900000	 0.035737	 -4.850310
-3.300000	 -1.850000	 0.154466	 -4.853488
-3.300000	 -1.800000	 0.277424	 -4.845042
-3.300000	 -1.750000	 0.403895	 -4.825516
-3.300000	 -1.700000	 0.533207	 -4.795417
-3.300000	 -1.650000	 0.664730	 -4.755217
-3.300000	 -1.600000	 0.797868	 -4.705362
-3.300000	 -1.550000	 0.932060	 -4.646271
-3.300000	 -1.500000	 1.066774	 -4.578343
-3.300000	 -1.450000	 1.201507	 -4.501959
-3.300000	 -1.400000	 1.335780	 -4.417484
-3.300000	 -1.350000	 1.469139	 -4.325271
-3.300000	 -1.300000	 1.601153	 -4.225659
-3.300000	 -1.250000	 1.731412	 -4.118978
-3.300000	 -1.200000	 1.859526	 -4.005546
-3.300000	 -1.150000	 1.985125	 -3.885677
-3.300000	 -1.100000	 2.107857	 -3.759676
-3.300000	 -1.050000	 2.227390	 -3.627840
-3.300000	 -1.000000	 2.343407	 -3.490463
-3.300000	 -0.950000	 2.455609	 -3.347833
-3.300000	 -0.900000	 2.563715	 -3.200233
-3.300000	 -0.850000	 2.667456	 -3.047944
-3.300000	 -0.800000	 2.766584	 -2.891240
-3.300000	 -0.750000	 2.860863	 -2.730395
-3.300000	 -0.700000	 2.950073	 -2.565679
-3.300000	 -0.650000	 3.034010	 -2.397361
-3.300000	 -0.600000	 3.112483	 -2.225704
-3.300000	 -0.550000	 3.185318	 -2.050973
-3.300000	 -0.500000	 3.252354	 -1.873430
-3.300000	 -0.450000	 3.313444	 -1.693334
-3.300000	 -0.400000	 3.368456	 -1.510945
-3.300000	 -0.350000	 3.187415	 -0.890946
-3.300000	 -0.300000	 3.196202	 -0.766134
-3.300000	 -0.250000	 3.203718	 -0.640183
-3.300000	 -0.200000	 3.209923	 -0.513283
-3.300000	 -0.150000	 3.214783	 -0.385625
-3.300000	 -0.100000	 3.218273	 -0.257399
-3.300000	 -0.050000	 3.220375	 -0.128794
-3.300000	 -0.000000	 3.221076	 -0.000000
-3.300000	 0.050000	 3.220375	 0.128794
-3.300000	 0.100000	 3.218273	 0.257399
-3.300000	 0.150000	 3.214783	 0.385625
-3.300000	 0.200000	 3.209923	 0.513283
-3.300000	 0.250000	 3.203718	 0.640183
-3.300000	 0.300000	 3.196202	 0.766134
-3.300000	 0.350000	 3.187415	 0.890946
-3.300000	 0.400000	 3.368456	 1.510945
-3.300000	 0.450000	 3.313444	 1.693334
-3.300000	 0.500000	 3.252354	 1.873430
-3.300000	 0.550000	 3.185318	 2.050973
-3.300000	 0.600000	 3.112483	 2.225704
-3.300000	 0.650000	 3.034010	 2.397361
-3.300000	 0.700000	 2.950073	 2.565679
-3.300000	 0.750000	 2.860863	 2.730395
-3.300000	 0.800000	 2.766584	 2.891240
-3.300000	 0.850000	 2.667456	 3.047944
-3.300000	 0.900000	 2.563715	 3.200233
-3.300000	 0.950000	 2.455609	 3.347833
-3.300000	 1.000000	 2.343407	 3.490463
-3.300000	 1.050000	 2.227390	 3.627840
-3.300000	 1.100000	 2.107857	 3.759676
-3.300000	 1.150000	 1.985125	 3.885677
-3.300000	 1.200000	 1.859526	 4.005546
-3.300000	 1.250000	 1.731412	 4.118978
-3.300000	 1.300000	 1.601153	 4.225659
-3.300000	 1.350000	 1.469139	 4.325271
-3.300000	 1.400000	 1.335780	 4.417484
-3.300000	 1.450000	 1.201507	 4.501959
-3.300000	 1.500000	 1.066774	 4.578343
-3.300000	 1.550000	 0.932060	 4.646271
-3.300000	 1.600000	 0.797868	 4.705362
-3.300000	 1.650000	 0.664730	 4.755217
-3.300000	 1.700000	 0.533207	 4.795417
-3.300000	 1.750000	 0.403895	 4.825516
-3.300000	 1.800000	 0.277424	 4.845042
-3.300000	 1.850000	 0.154466	 4.853488
-3.300000	 1.900000	 0.035737	 4.850310
-3.300000	 1.950000	 -0.077996	 4.834915
-3.300000	 2.000000	 -0.185904	 4.806656
-3.300000	 2.050000	 -0.287092	 4.764818
-3.300000	 2.100000	 3.617415	 -2.234063
-3.300000	 2.150000	 3.536736	 -2.249183
-3.300000	 2.200000	 3.456084	 -2.263458
-3.300000	 2.250000	 3.375821	 -2.277304
-3.300000	 2.300000	 3.296377	 -2.291238
-3.300000	 2.350000	 3.218277	 -2.305911
-3.300000	 2.400000	 3.142161	 -2.322140
-3.300000	 2.450000	 3.068818	 -2.340957
-3.300000	 2.500000	 2.999238	 -2.363678
-3.300000	 2.550000	 2.934673	 -2.392000
-3.300000	 2.600000	 2.876733	 -2.428130
-3.300000	 2.650000	 2.827523	 -2.474987
-3.300000	 2.700000	 2.789851	 -2.536500
-3.300000	 2.750000	 -0.635360	 2.676514
-3.300000	 2.800000	 -0.773497	 2.842913
-3.300000	 2.850000	 -0.918118	 3.010069
-3.300000	 2.900000	 -1.069436	 3.178090
-3.300000	 2.950000	 -1.227671	 3.347079
-3.300000	 3.000000	 -1.393043	 3.517136
-3.250000	 -3.000000	 -1.518060	 -3.602497
-3.250000	 -2.950000	 -1.349171	 -3.433340
-3.250000	 -2.900000	 -1.187546	 -3.265337
-3.250000	 -2.850000	 -1.032960	 -3.098392
-3.250000	 -2.800000	 -0.885190	 -2.932403
-3.250000	 -2.750000	 -0.744021	 -2.767264
-3.250000	 -2.700000	 -0.609239	 -2.602865
-3.250000	 -2.650000	 2.685906	 2.450617
-3.250000	 -2.600000	 2.719827	 2.386945
-3.250000	 -2.550000	 2.765047	 2.337806
-3.250000	 -2.500000	 2.818818	 2.299333
-3.250000	 -2.450000	 2.879080	 2.268650
-3.250000	 -2.400000	 2.944259	 2.243582
-3.250000	 -2.350000	 3.013129	 2.222460
-3.250000	 -2.300000	 3.084723	 2.203986
-3.250000	 -2.250000	 3.158268	 2.187145
-3.250000	 -2.200000	 3.233138	 2.171131
-3.250000	 -2.150000	 3.308821	 2.155304
-3.250000	 -2.100000	 3.384895	 2.139154
-3.250000	 -2.050000	 3.461006	 2.122271
-3.250000	 -2.000000	 -0.217568	 -4.521193
-3.250000	 -1.950000	 -0.119902	 -4.558505
-3.250000	 -1.900000	 -0.015882	 -4.582587
-3.250000	 -1.850000	 0.093617	 -4.594146
-3.250000	 -1.800000	 0.207784	 -4.593823
-3.250000	 -1.750000	 0.325871	 -4.582205
-3.250000	 -1.700000	 0.447175	 -4.559830
-3.250000	 -1.650000	 0.571043	 -4.527202
-3.250000	 -1.600000	 0.696858	 -4.484786
-3.250000	 -1.550000	 0.824043	 -4.433025
-3.250000	 -1.500000	 0.952049	 -4.372335
-3.250000	 -1.450000	 1.080360	 -4.303110
-3.250000	 -1.400000	 1.208487	 -4.225729
-3.250000	 -1.350000	 1.335965	 -4.140554
-3.250000	 -1.300000	 1.462356	 -4.047934
-3.250000	 -1.250000	 1.587242	 -3.948206
-3.250000	 -1.200000	 1.710227	 -3.841697
-3.250000	 -1.150000	 1.830934	 -3.728724
-3.250000	 -1.100000	 1.949007	 -3.609597
-3.250000	 -1.050000	 2.064110	 -3.484619
-3.250000	 -1.000000	 2.175921	 -3.354086
-3.250000	 -0.950000	 2.284139	 -3.218289
-3.250000	 -0.900000	 2.388478	 -3.077515
-3.250000	 -0.850000	 2.488668	 -2.932045
-3.250000	 -0.800000	 2.584458	 -2.782157
-3.250000	 -0.750000	 2.675610	 -2.628125
-3.250000	 -0.700000	 2.761903	 -2.470221
-3.250000	 -0.650000	 2.843129	 -2.308713
-3.250000	 -0.600000	 2.919098	 -2.143867
-3.250000	 -0.550000	 2.989633	 -1.975948
-3.250000	 -0.500000	 3.054573	 -1.805218
-3.250000	 -0.450000	 3.113769	 -1.631937
-3.250000	 -0.400000	 3.167089	 -1.456364
-3.250000	 -0.350000	 2.988612	 -0.851220
-3.250000	 -0.300000	 2.996921	 -0.732081
-3.250000	 -0.250000	 3.004035	 -0.611803
-3.250000	 -0.200000	 3.009910	 -0.490577
-3.250000	 -0.150000	 3.014515	 -0.368595
-3.250000	 -0.100000	 3.017823	 -0.246045
-3.250000	 -0.050000	 3.019815	 -0.123117
-3.250000	 -0.000000	 3.020480	 -0.000000
-3.250000	 0.050000	 3.019815	 0.123117
-3.250000	 0.100000	 3.017823	 0.246045
-3.250000	 0.150000	 3.014515	 0.368595
-3.250000	 0.200000	 3.009910	 0.490577
-3.250000	 0.250000	 3.004035	 0.611803
-3.250000	 0.300000	 2.996921	 0.732081
-3.250000	 0.350000	 2.988612	 0.851220
-3.250000	 0.400000	 3.167089	 1.456364
-3.250000	 0.450000	 3.113769	 1.631937
-3.250000	 0.500000	 3.054573	 1.805218
-3.250000	 0.550000	 2.989633	 1.975948
-3.250000	 0.600000	 2.919098	 2.143867
-3.250000	 0.650000	 2.843129	 2.308713
-3.250000	 0.700000	 2.761903	 2.470221
-3.250000	 0.750000	 2.675610	 2.628125
-3.250000	 0.800000	 2.584458	 2.782157
-3.250000	 0.850000	 2.488668	 2.932045
-3.250000	 0.900000	 2.388478	 3.077515
-3.250000	 0.950000	 2.284139	 3.218289
-3.250000	 1.000000	 2.175921	 3.354086
-3.250000	 1.050000	 2.064110	 3.484619
-3.250000	 1.100000	 1.949007	 3.609597
-3.250000	 1.150000	 1.830934	 3.728724
-3.250000	 1.200000	 1.710227	 3.841697
-3.250000	 1.250000	 1.587242	 3.948206
-3.250000	 1.300000	 1.462356	 4.047934
-3.250000	 1.350000	 1.335965	 4.140554
-3.250000	 1.400000	 1.208487	 4.225729
-3.250000	 1.450000	 1.080360	 4.303110
-3.250000	 1.500000	 0.952049	 4.372335
-3.250000	 1.550000	 0.824043	 4.433025
-3.250000	 1.600000	 0.696858	 4.484786
-3.250000	 1.650000	 0.571043	 4.527202
-3.250000	 1.700000	 0.447175	 4.559830
-3.250000	 1.750000	 0.325871	 4.582205
-3.250000	 1.800000	 0.207784	 4.593823
-3.250000	 1.850000	 0.093617	 4.594146
-3.250000	 1.900000	 -0.015882	 4.582587
-3.250000	 1.950000	 -0.119902	 4.558505
-3.250000	 2.000000	 -0.217568	 4.521193
-3.250000	 2.050000	 3.461006	 -2.122271
-3.250000	 2.100000	 3.384895	 -2.139154
-3.250000	 2.150000	 3.308821	 -2.155304
-3.250000	 2.200000	 3.233138	 -2.171131
-3.250000	 2.250000	 3.158268	 -2.187145
-3.250000	 2.300000	 3.084723	 -2.203986
-3.250000	 2.350000	 3.013129	 -2.222460
-3.250000	 2.400000	 2.944259	 -2.243582
-3.250000	 2.450000	 2.879080	 -2.268650
-3.250000	 2.500000	 2.818818	 -2.299333
-3.250000	 2.550000	 2.765047	 -2.337806
-3.250000	 2.600000	 2.719827	 -2.386945
-3.250000	 2.650000	 2.685906	 -2.450617
-3.250000	 2.700000	 -0.609239	 2.602865
-3.250000	 2.750000	 -0.744021	 2.767264
-3.250000	 2.800000	 -0.885190	 2.932403
-3.250000	 2.850000	 -1.032960	 3.098392
-3.250000	 2.900000	 -1.187546	 3.265337
-3.250000	 2.950000	 -1.349171	 3.433340
-3.250000	 3.000000	 -1.518060	 3.602497
-3.200000	 -3.000000	 -1.643333	 -3.685806
-3.200000	 -2.950000	 -1.470857	 -3.517470
-3.200000	 -2.900000	 -1.305773	 -3.350375
-3.200000	 -2.850000	 -1.147854	 -3.184426
-3.200000	 -2.800000	 -0.996875	 -3.019524
-3.200000	 -2.750000	 -0.852615	 -2.855565
-3.200000	 -2.700000	 -0.714857	 -2.692440
-3.200000	 -2.650000	 -0.583388	 -2.530037
-3.200000	 -2.600000	 2.584501	 2.366936
-3.200000	 -2.550000	 2.614861	 2.301268
-3.200000	 -2.500000	 2.656278	 2.250008
-3.200000	 -2.450000	 2.706066	 2.209348
-3.200000	 -2.400000	 2.762211	 2.176457
-3.200000	 -2.350000	 2.823172	 2.149193
-3.200000	 -2.300000	 2.887752	 2.125912
-3.200000	 -2.250000	 2.955006	 2.105338
-3.200000	 -2.200000	 3.024177	 2.086469
-3.200000	 -2.150000	 3.094654	 2.068513
-3.200000	 -2.100000	 3.165936	 2.050839
-3.200000	 -2.050000	 3.237608	 2.032945
-3.200000	 -2.000000	 3.309328	 2.014427
-3.200000	 -1.950000	 -0.151912	 -4.284675
-3.200000	 -1.900000	 -0.057772	 -4.317672
-3.200000	 -1.850000	 0.042367	 -4.337785
-3.200000	 -1.800000	 0.147649	 -4.345714
-3.200000	 -1.750000	 0.257281	 -4.342093
-3.200000	 -1.700000	 0.370531	 -4.327502
-3.200000	 -1.650000	 0.486714	 -4.302476
-3.200000	 -1.600000	 0.605192	 -4.267511
-3.200000	 -1.550000	 0.725365	 -4.223071
-3.200000	 -1.500000	 0.846669	 -4.169593
-3.200000	 -1.450000	 0.968572	 -4.107488
-3.200000	 -1.400000	 1.090573	 -4.037149
-3.200000	 -1.350000	 1.212197	 -3.958951
-3.200000	 -1.300000	 1.332994	 -3.873252
-3.200000	 -1.250000	 1.452539	 -3.780400
-3.200000	 -1.200000	 1.570428	 -3.680727
-3.200000	 -1.150000	 1.686279	 -3.574559
-3.200000	 -1.100000	 1.799731	 -3.462211
-3.200000	 -1.050000	 1.910440	 -3.343990
-3.200000	 -1.000000	 2.018083	 -3.220196
-3.200000	 -0.950000	 2.122354	 -3.091125
-3.200000	 -0.900000	 2.222963	 -2.957065
-3.200000	 -0.850000	 2.319638	 -2.818300
-3.200000	 -0.800000	 2.412125	 -2.675111
-3.200000	 -0.750000	 2.500183	 -2.527773
-3.200000	 -0.700000	 2.583590	 -2.376560
-3.200000	 -0.650000	 2.662136	 -2.221740
-3.200000	 -0.600000	 2.735629	 -2.063582
-3.200000	 -0.550000	 2.803891	 -1.902350
-3.200000	 -0.500000	 2.866758	 -1.738306
-3.200000	 -0.450000	 2.924083	 -1.571713
-3.200000	 -0.400000	 2.975731	 -1.402828
-3.200000	 -0.350000	 2.799889	 -0.812196
-3.200000	 -0.300000	 2.807721	 -0.698629
-3.200000	 -0.250000	 2.814431	 -0.583925
-3.200000	 -0.200000	 2.819977	 -0.468275
-3.200000	 -0.150000	 2.824326	 -0.351867
-3.200000	 -0.100000	 2.827451	 -0.234893
-3.200000	 -0.050000	 2.829334	 -0.117541
-3.200000	 -0.000000	 2.829963	 -0.000000
-3.200000	 0.050000	 2.829334	 0.117541
-3.200000	 0.100000	 2.827451	 0.234893
-3.200000	 0.150000	 2.824326	 0.351867
-3.200000	 0.200000	 2.819977	 0.468275
-3.200000	 0.250000	 2.814431	 0.583925
-3.200000	 0.300000	 2.807721	 0.698629
-3.200000	 0.350000	 2.799889	 0.812196
-3.200000	 0.400000	 2.975731	 1.402828
-3.200000	 0.450000	 2.924083	 1.571713
-3.200000	 0.500000	 2.866758	 1.738306
-3.200000	 0.550000	 2.803891	 1.902350
-3.200000	 0.600000	 2.735629	 2.063582
-3.200000	 0.650000	 2.662136	 2.221740
-3.200000	 0.700000	 2.583590	 2.376560
-3.200000	 0.750000	 2.500183	 2.527773
-3.200000	 0.800000	 2.412125	 2.675111
-3.200000	 0.850000	 2.319638	 2.818300
-3.200000	 0.900000	 2.222963	 2.957065
-3.200000	 0.950000	 2.122354	 3.091125
-3.200000	 1.000000	 2.018083	 3.220196
-3.200000	 1.050000	 1.910440	 3.343990
-3.200000	 1.100000	 1.799731	 3.462211
-3.200000	 1.150000	 1.686279	 3.574559
-3.200000	 1.200000	 1.570428	 3.680727
-3.200000	 1.250000	 1.452539	 3.780400
-3.200000	 1.300000	 1.332994	 3.873252
-3.200000	 1.350000	 1.212197	 3.958951
-3.200000	 1.400000	 1.090573	 4.037149
-3.200000	 1.450000	 0.968572	 4.107488
-3.200000	 1.500000	 0.846669	 4.169593
-3.200000	 1.550000	 0.725365	 4.223071
-3.200000	 1.600000	 0.605192	 4.267511
-3.200000	 1.650000	 0.486714	 4.302476
-3.200000	 1.700000	 0.370531	 4.327502
-3.200000	 1.750000	 0.257281	 4.342093
-3.200000	 1.800000	 0.147649	 4.345714
-3.200000	 1.850000	 0.042367	 4.337785
-3.200000	 1.900000	 -0.057772	 4.317672
-3.200000	 1.950000	 -0.151912	 4.284675
-3.200000	 2.000000	 0.885328	 4.129573
-3.200000	 2.050000	 3.237608	 -2.032945
-3.200000	 2.100000	 3.165936	 -2.050839
-3.200000	 2.150000	 3.094654	 -2.068513
-3.200000	 2.200000	 3.024177	 -2.086469
-3.200000	 2.250000	 2.955006	 -2.105338
-3.200000	 2.300000	 2.887752	 -2.125912
-3.200000	 2.350000	 2.823172	 -2.149193
-3.200000	 2.400000	 2.762211	 -2.176457
-3.200000	 2.450000	 2.706066	 -2.209348
-3.200000	 2.500000	 2.656278	 -2.250008
-3.200000	 2.550000	 2.614861	 -2.301268
-3.200000	 2.600000	 2.584501	 -2.366936
-3.200000	 2.650000	 -0.583388	 2.530037
-3.200000	 2.700000	 -0.714857	 2.692440
-3.200000	 2.750000	 -0.852615	 2.855565
-3.200000	 2.800000	 -0.996875	 3.019524
-3.200000	 2.850000	 -1.147854	 3.184426
-3.200000	 2.900000	 -1.305773	 3.350375
-3.200000	 2.950000	 -1.470857	 3.517470
-3.200000	 3.000000	 -1.643333	 3.685806
-3.150000	 -3.000000	 -1.768918	 -3.767134
-3.150000	 -2.950000	 -1.592779	 -3.599541
-3.150000	 -2.900000	 -1.424166	 -3.433275
-3.150000	 -2.850000	 -1.262847	 -3.268242
-3.150000	 -2.800000	 -1.108593	 -3.104346
-3.150000	 -2.750000	 -0.961180	 -2.941485
-3.150000	 -2.700000	 -0.820389	 -2.779554
-3.150000	 -2.650000	 -0.686002	 -2.618441
-3.150000	 -2.600000	 -0.557807	 -2.458032
-3.150000	 -2.550000	 2.485604	 2.285421
-3.150000	 -2.500000	 2.512589	 2.217916
-3.150000	 -2.450000	 2.550388	 2.164692
-3.150000	 -2.400000	 2.596376	 2.121998
-3.150000	 -2.350000	 2.648585	 2.087049
-3.150000	 -2.300000	 2.705510	 2.057736
-3.150000	 -2.250000	 2.765981	 2.032441
-3.150000	 -2.200000	 2.829073	 2.009907
-3.150000	 -2.150000	 2.894048	 1.989147
-3.150000	 -2.100000	 2.960308	 1.969383
-3.150000	 -2.050000	 3.027363	 1.949993
-3.150000	 -2.000000	 3.094810	 1.930483
-3.150000	 -1.950000	 0.860989	 -3.936539
-3.150000	 -1.900000	 -0.090040	 -4.055192
-3.150000	 -1.850000	 0.000574	 -4.084083
-3.150000	 -1.800000	 0.096843	 -4.100432
-3.150000	 -1.750000	 0.197927	 -4.104933
-3.150000	 -1.700000	 0.303053	 -4.098214
-3.150000	 -1.650000	 0.411504	 -4.080847
-3.150000	 -1.600000	 0.522615	 -4.053363
-3.150000	 -1.550000	 0.635761	 -4.016253
-3.150000	 -1.500000	 0.750359	 -3.969977
-3.150000	 -1.450000	 0.865860	 -3.914966
-3.150000	 -1.400000	 0.981748	 -3.851630
-3.150000	 -1.350000	 1.097535	 -3.780358
-3.150000	 -1.300000	 1.212762	 -3.701519
-3.150000	 -1.250000	 1.326994	 -3.615472
-3.150000	 -1.200000	 1.439818	 -3.522559
-3.150000	 -1.150000	 1.550846	 -3.423111
-3.150000	 -1.100000	 1.659709	 -3.317451
-3.150000	 -1.050000	 1.766060	 -3.205891
-3.150000	 -1.000000	 1.869570	 -3.088737
-3.150000	 -0.950000	 1.969928	 -2.966287
-3.150000	 -0.900000	 2.066842	 -2.838834
-3.150000	 -0.850000	 2.160037	 -2.706665
-3.150000	 -0.800000	 2.249254	 -2.570061
-3.150000	 -0.750000	 2.334250	 -2.429302
-3.150000	 -0.700000	 2.414802	 -2.284662
-3.150000	 -0.650000	 2.490697	 -2.136412
-3.150000	 -0.600000	 2.561741	 -1.984820
-3.150000	 -0.550000	 2.627755	 -1.830152
-3.150000	 -0.500000	 2.688575	 -1.672671
-3.150000	 -0.450000	 2.744050	 -1.512640
-3.150000	 -0.400000	 2.612562	 -0.880613
-3.150000	 -0.350000	 2.620912	 -0.773852
-3.150000	 -0.300000	 2.628265	 -0.665763
-3.150000	 -0.250000	 2.634571	 -0.556536
-3.150000	 -0.200000	 2.639787	 -0.446363
-3.150000	 -0.150000	 2.643880	 -0.335433
-3.150000	 -0.100000	 2.646822	 -0.223937
-3.150000	 -0.050000	 2.648595	 -0.112063
-3.150000	 -0.000000	 2.649187	 -0.000000
-3.150000	 0.050000	 2.648595	 0.112063
-3.150000	 0.100000	 2.646822	 0.223937
-3.150000	 0.150000	 2.643880	 0.335433
-3.150000	 0.200000	 2.639787	 0.446363
-3.150000	 0.250000	 2.634571	 0.556536
-3.150000	 0.300000	 2.628265	 0.665763
-3.150000	 0.350000	 2.620912	 0.773852
-3.150000	 0.400000	 2.612562	 0.880613
-3.150000	 0.450000	 2.744050	 1.512640
-3.150000	 0.500000	 2.688575	 1.672671
-3.150000	 0.550000	 2.627755	 1.830152
-3.150000	 0.600000	 2.561741	 1.984820
-3.150000	 0.650000	 2.490697	 2.136412
-3.150000	 0.700000	 2.414802	 2.284662
-3.150000	 0.750000	 2.334250	 2.429302
-3.150000	 0.800000	 2.249254	 2.570061
-3.150000	 0.850000	 2.160037	 2.706665
-3.150000	 0.900000	 2.066842	 2.838834
-3.150000	 0.950000	 1.969928	 2.966287
-3.150000	 1.000000	 1.869570	 3.088737
-3.150000	 1.050000	 1.766060	 3.205891
-3.150000	 1.100000	 1.659709	 3.317451
-3.150000	 1.150000	 1.550846	 3.423111
-3.150000	 1.200000	 1.439818	 3.522559
-3.150000	 1.250000	 1.326994	 3.615472
-3.150000	 1.300000	 1.212762	 3.701519
-3.150000	 1.350000	 1.097535	 3.780358
-3.150000	 1.400000	 0.981748	 3.851630
-3.150000	 1.450000	 0.865860	 3.914966
-3.150000	 1.500000	 0.750359	 3.969977
-3.150000	 1.550000	 0.635761	 4.016253
-3.150000	 1.600000	 0.522615	 4.053363
-3.150000	 1.650000	 0.411504	 4.080847
-3.150000	 1.700000	 0.303053	 4.098214
-3.150000	 1.750000	 0.197927	 4.104933
-3.150000	 1.800000	 0.096843	 4.100432
-3.150000	 1.850000	 0.000574	 4.084083
-3.150000	 1.900000	 -0.090040	 4.055192
-3.150000	 1.950000	 0.860989	 3.936539
-3.150000	 2.000000	 0.760570	 3.981673
-3.150000	 2.050000	 3.027363	 -1.949993
-3.150000	 2.100000	 2.960308	 -1.969383
-3.150000	 2.150000	 2.894048	 -1.989147
-3.150000	 2.200000	 2.829073	 -2.009907
-3.150000	 2.250000	 2.765981	 -2.032441
-3.150000	 2.300000	 2.705510	 -2.057736
-3.150000	 2.350000	 2.648585	 -2.087049
-3.150000	 2.400000	 2.596376	 -2.121998
-3.150000	 2.450000	 2.550388	 -2.164692
-3.150000	 2.500000	 2.512589	 -2.217916
-3.150000	 2.550000	 2.485604	 -2.285421
-3.150000	 2.600000	 -0.557807	 2.458032
-3.150000	 2.650000	 -0.686002	 2.618441
-3.150000	 2.700000	 -0.820389	 2.779554
-3.150000	 2.750000	 -0.961180	 2.941485
-3.150000	 2.800000	 -1.108593	 3.104346
-3.150000	 2.850000	 -1.262847	 3.268242
-3.150000	 2.900000	 -1.424166	 3.433275
-3.150000	 2.950000	 -1.592779	 3.599541
-3.150000	 3.000000	 -1.768918	 3.767134
-3.100000	 -3.000000	 -1.894873	 -3.846557
-3.100000	 -2.950000	 -1.714994	 -3.679628
-3.100000	 -2.900000	 -1.542777	 -3.514110
-3.100000	 -2.850000	 -1.377986	 -3.349913
-3.100000	 -2.800000	 -1.220390	 -3.186941
-3.100000	 -2.750000	 -1.069760	 -3.025096
-3.100000	 -2.700000	 -0.925873	 -2.864275
-3.100000	 -2.650000	 -0.788510	 -2.704370
-3.100000	 -2.600000	 -0.657454	 -2.545267
-3.100000	 -2.550000	 -0.532494	 -2.386848
-3.100000	 -2.500000	 2.389183	 2.206032
-3.100000	 -2.450000	 2.412975	 2.136848
-3.100000	 -2.400000	 2.447337	 2.081812
-3.100000	 -2.350000	 2.489706	 2.037235
-3.100000	 -2.300000	 2.538158	 2.000375
-3.100000	 -2.250000	 2.591225	 1.969157
-3.100000	 -2.200000	 2.647763	 1.941988
-3.100000	 -2.150000	 2.706869	 1.917631
-3.100000	 -2.100000	 2.767823	 1.895115
-3.100000	 -2.050000	 2.830039	 1.873674
-3.100000	 -2.000000	 2.893040	 1.852696
-3.100000	 -1.950000	 0.741765	 -3.793913
-3.100000	 -1.900000	 0.837301	 -3.748806
-3.100000	 -1.850000	 0.931791	 -3.698369
-3.100000	 -1.800000	 0.055222	 -3.857661
-3.100000	 -1.750000	 0.147633	 -3.870450
-3.100000	 -1.700000	 0.244543	 -3.871723
-3.100000	 -1.650000	 0.345196	 -3.862102
-3.100000	 -1.600000	 0.448892	 -3.842154
-3.100000	 -1.550000	 0.554981	 -3.812403
-3.100000	 -1.500000	 0.662857	 -3.773337
-3.100000	 -1.450000	 0.771951	 -3.725410
-3.100000	 -1.400000	 0.881730	 -3.669050
-3.100000	 -1.350000	 0.991693	 -3.604663
-3.100000	 -1.300000	 1.101367	 -3.532634
-3.100000	 -1.250000	 1.210307	 -3.453331
-3.100000	 -1.200000	 1.318092	 -3.367106
-3.100000	 -1.150000	 1.424325	 -3.274302
-3.100000	 -1.100000	 1.528631	 -3.175246
-3.100000	 -1.050000	 1.630656	 -3.070258
-3.100000	 -1.000000	 1.730065	 -2.959649
-3.100000	 -0.950000	 1.826544	 -2.843722
-3.100000	 -0.900000	 1.919796	 -2.722773
-3.100000	 -0.850000	 2.009542	 -2.597092
-3.100000	 -0.800000	 2.095520	 -2.466965
-3.100000	 -0.750000	 2.177486	 -2.332673
-3.100000	 -0.700000	 2.255212	 -2.194492
-3.100000	 -0.650000	 2.328484	 -2.052694
-3.100000	 -0.600000	 2.397107	 -1.907551
-3.100000	 -0.550000	 2.460898	 -1.759327
-3.100000	 -0.500000	 2.519693	 -1.608289
-3.100000	 -0.450000	 2.573340	 -1.454698
-3.100000	 -0.400000	 2.443558	 -0.837544
-3.100000	 -0.350000	 2.451352	 -0.736169
-3.100000	 -0.300000	 2.458225	 -0.633464
-3.100000	 -0.250000	 2.464125	 -0.529621
-3.100000	 -0.200000	 2.469010	 -0.424831
-3.100000	 -0.150000	 2.472845	 -0.319285
-3.100000	 -0.100000	 2.475604	 -0.213171
-3.100000	 -0.050000	 2.477267	 -0.106680
-3.100000	 -0.000000	 2.477823	 -0.000000
-3.100000	 0.050000	 2.477267	 0.106680
-3.100000	 0.100000	 2.475604	 0.213171
-3.100000	 0.150000	 2.472845	 0.319285
-3.100000	 0.200000	 2.469010	 0.424831
-3.100000	 0.250000	 2.464125	 0.529621
-3.100000	 0.300000	 2.458225	 0.633464
-3.100000	 0.350000	 2.451352	 0.736169
-3.100000	 0.400000	 2.443558	 0.837544
-3.100000	 0.450000	 2.573340	 1.454698
-3.100000	 0.500000	 2.519693	 1.608289
-3.100000	 0.550000	 2.460898	 1.759327
-3.100000	 0.600000	 2.397107	 1.907551
-3.100000	 0.650000	 2.328484	 2.052694
-3.100000	 0.700000	 2.255212	 2.194492
-3.100000	 0.750000	 2.177486	 2.332673
-3.100000	 0.800000	 2.095520	 2.466965
-3.100000	 0.850000	 2.009542	 2.597092
-3.100000	 0.900000	 1.919796	 2.722773
-3.100000	 0.950000	 1.826544	 2.843722
-3.100000	 1.000000	 1.730065	 2.959649
-3.100000	 1.050000	 1.630656	 3.070258
-3.100000	 1.100000	 1.528631	 3.175246
-3.100000	 1.150000	 1.424325	 3.274302
-3.100000	 1.200000	 1.318092	 3.367106
-3.100000	 1.250000	 1.210307	 3.453331
-3.100000	 1.300000	 1.101367	 3.532634
-3.100000	 1.350000	 0.991693	 3.604663
-3.100000	 1.400000	 0.881730	 3.669050
-3.100000	 1.450000	 0.771951	 3.725410
-3.100000	 1.500000	 0.662857	 3.773337
-3.100000	 1.550000	 0.554981	 3.812403
-3.100000	 1.600000	 0.448892	 3.842154
-3.100000	 1.650000	 0.345196	 3.862102
-3.100000	 1.700000	 0.244543	 3.871723
-3.100000	 1.750000	 0.147633	 3.870450
-3.100000	 1.800000	 0.055222	 3.857661
-3.100000	 1.850000	 0.931791	 3.698369
-3.100000	 1.900000	 0.837301	 3.748806
-3.100000	 1.950000	 0.741765	 3.793913
-3.100000	 2.000000	 0.645456	 3.833220
-3.100000	 2.050000	 2.830039	 -1.873674
-3.100000	 2.100000	 2.767823	 -1.895115
-3.100000	 2.150000	 2.706869	 -1.917631
-3.100000	 2.200000	 2.647763	 -1.941988
-3.100000	 2.250000	 2.591225	 -1.969157
-3.100000	 2.300000	 2.538158	 -2.000375
-3.100000	 2.350000	 2.489706	 -2.037235
-3.100000	 2.400000	 2.447337	 -2.081812
-3.100000	 2.450000	 2.412975	 -2.136848
-3.100000	 2.500000	 2.389183	 -2.206032
-3.100000	 2.550000	 -0.532494	 2.386848
-3.100000	 2.600000	 -0.657454	 2.545267
-3.100000	 2.650000	 -0.788510	 2.704370
-3.100000	 2.700000	 -0.925873	 2.864275
-3.100000	 2.750000	 -1.069760	 3.025096
-3.100000	 2.800000	 -1.220390	 3.186941
-3.100000	 2.850000	 -1.377986	 3.349913
-3.100000	 2.900000	 -1.542777	 3.514110
-3.100000	 2.950000	 -1.714994	 3.679628
-3.100000	 3.000000	 -1.894873	 3.846557
-3.050000	 -3.000000	 -2.021261	 -3.924153
-3.050000	 -2.950000	 -1.837559	 -3.757806
-3.050000	 -2.900000	 -1.661659	 -3.592955
-3.050000	 -2.850000	 -1.493322	 -3.429512
-3.050000	 -2.800000	 -1.332313	 -3.267383
-3.050000	 -2.750000	 -1.178399	 -3.106472
-3.050000	 -2.700000	 -1.031353	 -2.946677
-3.050000	 -2.650000	 -0.890952	 -2.787894
-3.050000	 -2.600000	 -0.756977	 -2.630012
-3.050000	 -2.550000	 -0.629212	 -2.472916
-3.050000	 -2.500000	 -0.507446	 -2.316483
-3.050000	 -2.450000	 2.295206	 2.128731
-3.050000	 -2.400000	 2.315984	 2.058021
-3.050000	 -2.350000	 2.347088	 2.001324
-3.050000	 -2.300000	 2.386014	 1.955011
-3.050000	 -2.250000	 2.430886	 1.916384
-3.050000	 -2.200000	 2.480269	 1.883402
-3.050000	 -2.150000	 2.533048	 1.854496
-3.050000	 -2.100000	 2.588340	 1.828450
-3.050000	 -2.050000	 2.645443	 1.804310
-3.050000	 -2.000000	 2.703785	 1.781319
-3.050000	 -1.950000	 0.631849	 -3.650747
-3.050000	 -1.900000	 0.723437	 -3.611371
-3.050000	 -1.850000	 0.814258	 -3.566313
-3.050000	 -1.800000	 0.904045	 -3.516039
-3.050000	 -1.750000	 0.106259	 -3.638332
-3.050000	 -1.700000	 0.194830	 -3.647760
-3.050000	 -1.650000	 0.287592	 -3.646003
-3.050000	 -1.600000	 0.383807	 -3.633674
-3.050000	 -1.550000	 0.482793	 -3.611336
-3.050000	 -1.500000	 0.583917	 -3.579508
-3.050000	 -1.450000	 0.686588	 -3.538671
-3.050000	 -1.400000	 0.790253	 -3.489277
-3.050000	 -1.350000	 0.894394	 -3.431749
-3.050000	 -1.300000	 0.998526	 -3.366488
-3.050000	 -1.250000	 1.102191	 -3.293878
-3.050000	 -1.200000	 1.204957	 -3.214282
-3.050000	 -1.150000	 1.306419	 -3.128051
-3.050000	 -1.100000	 1.406194	 -3.035522
-3.050000	 -1.050000	 1.503921	 -2.937023
-3.050000	 -1.000000	 1.599259	 -2.832870
-3.050000	 -0.950000	 1.691889	 -2.723371
-3.050000	 -0.900000	 1.781510	 -2.608828
-3.050000	 -0.850000	 1.867837	 -2.489534
-3.050000	 -0.800000	 1.950608	 -2.365779
-3.050000	 -0.750000	 2.029573	 -2.237845
-3.050000	 -0.700000	 2.104501	 -2.106012
-3.050000	 -0.650000	 2.175178	 -1.970555
-3.050000	 -0.600000	 2.241404	 -1.831745
-3.050000	 -0.550000	 2.302997	 -1.689850
-3.050000	 -0.500000	 2.359790	 -1.545135
-3.050000	 -0.450000	 2.411629	 -1.397865
-3.050000	 -0.400000	 2.283651	 -0.795201
-3.050000	 -0.350000	 2.290886	 -0.699124
-3.050000	 -0.300000	 2.297276	 -0.601714
-3.050000	 -0.250000	 2.302769	 -0.503164
-3.050000	 -0.200000	 2.307322	 -0.403667
-3.050000	 -0.150000	 2.310899	 -0.303412
-3.050000	 -0.100000	 2.313474	 -0.202590
-3.050000	 -0.050000	 2.315027	 -0.101389
-3.050000	 -0.000000	 2.315545	 -0.000000
-3.050000	 0.050000	 2.315027	 0.101389
-3.050000	 0.100000	 2.313474	 0.202590
-3.050000	 0.150000	 2.310899	 0.303412
-3.050000	 0.200000	 2.307322	 0.403667
-3.050000	 0.250000	 2.302769	 0.503164
-3.050000	 0.300000	 2.297276	 0.601714
-3.050000	 0.350000	 2.290886	 0.699124
-3.050000	 0.400000	 2.283651	 0.795201
-3.050000	 0.450000	 2.411629	 1.397865
-3.050000	 0.500000	 2.359790	 1.545135
-3.050000	 0.550000	 2.302997	 1.689850
-3.050000	 0.600000	 2.241404	 1.831745
-3.050000	 0.650000	 2.175178	 1.970555
-3.050000	 0.700000	 2.104501	 2.106012
-3.050000	 0.750000	 2.029573	 2.237845
-3.050000	 0.800000	 1.950608	 2.365779
-3.050000	 0.850000	 1.867837	 2.489534
-3.050000	 0.900000	 1.781510	 2.608828
-3.050000	 0.950000	 1.691889	 2.723371
-3.050000	 1.000000	 1.599259	 2.832870
-3.050000	 1.050000	 1.503921	 2.937023
-3.050000	 1.100000	 1.406194	 3.035522
-3.050000	 1.150000	 1.306419	 3.128051
-3.050000	 1.200000	 1.204957	 3.214282
-3.050000	 1.250000	 1.102191	 3.293878
-3.050000	 1.300000	 0.998526	 3.366488
-3.050000	 1.350000	 0.894394	 3.431749
-3.050000	 1.400000	 0.790253	 3.489277
-3.050000	 1.450000	 0.686588	 3.538671
-3.050000	 1.500000	 0.583917	 3.579508
-3.050000	 1.550000	 0.482793	 3.611336
-3.050000	 1.600000	 0.383807	 3.633674
-3.050000	 1.650000	 0.287592	 3.646003
-3.050000	 1.700000	 0.194830	 3.647760
-3.050000	 1.750000	 0.106259	 3.638332
-3.050000	 1.800000	 0.904045	 3.516039
-3.050000	 1.850000	 0.814258	 3.566313
-3.050000	 1.900000	 0.723437	 3.611371
-3.050000	 1.950000	 0.631849	 3.650747
-3.050000	 2.000000	 0.539817	 3.683899
-3.050000	 2.050000	 2.645443	 -1.804310
-3.050000	 2.100000	 2.588340	 -1.828450
-3.050000	 2.150000	 2.533048	 -1.854496
-3.050000	 2.200000	 2.480269	 -1.883402
-3.050000	 2.250000	 2.430886	 -1.916384
-3.050000	 2.300000	 2.386014	 -1.955011
-3.050000	 2.350000	 2.347088	 -2.001324
-3.050000	 2.400000	 2.315984	 -2.058021
-3.050000	 2.450000	 2.295206	 -2.128731
-3.050000	 2.500000	 -0.507446	 2.316483
-3.050000	 2.550000	 -0.629212	 2.472916
-3.050000	 2.600000	 -0.756977	 2.630012
-3.050000	 2.650000	 -0.890952	 2.787894
-3.050000	 2.700000	 -1.031353	 2.946677
-3.050000	 2.750000	 -1.178399	 3.106472
-3.050000	 2.800000	 -1.332313	 3.267383
-3.050000	 2.850000	 -1.493322	 3.429512
-3.050000	 2.900000	 -1.661659	 3.592955
-3.050000	 2.950000	 -1.837559	 3.757806
-3.050000	 3.000000	 -2.021261	 3.924153
-3.000000	 -3.000000	 -2.148148	 -4.000000
-3.000000	 -2.950000	 -1.960537	 -3.834153
-3.000000	 -2.900000	 -1.780873	 -3.669887
-3.000000	 -2.850000	 -1.608912	 -3.507115
-3.000000	 -2.800000	 -1.444415	 -3.345746
-3.000000	 -2.750000	 -1.287146	 -3.185685
-3.000000	 -2.700000	 -1.136873	 -3.026833
-3.000000	 -2.650000	 -0.993371	 -2.869088
-3.000000	 -2.600000	 -0.856415	 -2.712342
-3.000000	 -2.550000	 -0.725787	 -2.556482
-3.000000	 -2.500000	 -0.601273	 -2.401389
-3.000000	 -2.450000	 -0.482662	 -2.246939
-3.000000	 -2.400000	 2.203642	 2.053481
-3.000000	 -2.350000	 2.221583	 1.981395
-3.000000	 -2.300000	 2.249602	 1.923184
-3.000000	 -2.250000	 2.285260	 1.875279
-3.000000	 -2.200000	 2.326724	 1.835026
-3.000000	 -2.150000	 2.372595	 1.800416
-3.000000	 -2.100000	 2.421784	 1.769908
-3.000000	 -2.050000	 2.473432	 1.742304
-3.000000	 -2.000000	 2.526852	 1.716667
-3.000000	 -1.950000	 0.531071	 -3.506733
-3.000000	 -1.900000	 0.618550	 -3.473407
-3.000000	 -1.850000	 0.705582	 -3.433985
-3.000000	 -1.800000	 0.791852	 -3.389000
-3.000000	 -1.750000	 0.877099	 -3.338912
-3.000000	 -1.700000	 0.153772	 -3.426023
-3.000000	 -1.650000	 0.238523	 -3.432287
-3.000000	 -1.600000	 0.327167	 -3.427694
-3.000000	 -1.550000	 0.418985	 -3.412849
-3.000000	 -1.500000	 0.513310	 -3.388310
-3.000000	 -1.450000	 0.609527	 -3.354590
-3.000000	 -1.400000	 0.707061	 -3.312167
-3.000000	 -1.350000	 0.805375	 -3.261485
-3.000000	 -1.300000	 0.903967	 -3.202967
-3.000000	 -1.250000	 1.002366	 -3.137009
-3.000000	 -1.200000	 1.100128	 -3.063989
-3.000000	 -1.150000	 1.196838	 -2.984271
-3.000000	 -1.100000	 1.292104	 -2.898201
-3.000000	 -1.050000	 1.385558	 -2.806113
-3.000000	 -1.000000	 1.476852	 -2.708333
-3.000000	 -0.950000	 1.565661	 -2.605175
-3.000000	 -0.900000	 1.651678	 -2.496945
-3.000000	 -0.850000	 1.734616	 -2.383941
-3.000000	 -0.800000	 1.814207	 -2.266456
-3.000000	 -0.750000	 1.890198	 -2.144777
-3.000000	 -0.700000	 1.962356	 -2.019186
-3.000000	 -0.650000	 2.030463	 -1.889959
-3.000000	 -0.600000	 2.094319	 -1.757370
-3.000000	 -0.550000	 2.153737	 -1.621690
-3.000000	 -0.500000	 2.208548	 -1.483185
-3.000000	 -0.450000	 2.258599	 -1.342119
-3.000000	 -0.400000	 2.132526	 -0.753560
-3.000000	 -0.350000	 2.139199	 -0.662694
-3.000000	 -0.300000	 2.145103	 -0.570493
-3.000000	 -0.250000	 2.150187	 -0.477150
-3.000000	 -0.200000	 2.154405	 -0.382857
-3.000000	 -0.150000	 2.157723	 -0.287806
-3.000000	 -0.100000	 2.160113	 -0.192186
-3.000000	 -0.050000	 2.161555	 -0.096188
-3.000000	 -0.000000	 2.162037	 -0.000000
-3.000000	 0.050000	 2.161555	 0.096188
-3.000000	 0.100000	 2.160113	 0.192186
-3.000000	 0.150000	 2.157723	 0.287806
-3.000000	 0.200000	 2.154405	 0.382857
-3.000000	 0.250000	 2.150187	 0.477150
-3.000000	 0.300000	 2.145103	 0.570493
-3.000000	 0.350000	 2.139199	 0.662694
-3.000000	 0.400000	 2.132526	 0.753560
-3.000000	 0.450000	 2.258599	 1.342119
-3.000000	 0.500000	 2.208548	 1.483185
-3.000000	 0.550000	 2.153737	 1.621690
-3.000000	 0.600000	 2.094319	 1.757370
-3.000000	 0.650000	 2.030463	 1.889959
-3.000000	 0.700000	 1.962356	 2.019186
-3.000000	 0.750000	 1.890198	 2.144777
-3.000000	 0.800000	 1.814207	 2.266456
-3.000000	 0.850000	 1.734616	 2.383941
-3.000000	 0.900000	 1.651678	 2.496945
-3.000000	 0.950000	 1.565661	 2.605175
-3.000000	 1.000000	 1.476852	 2.708333
-3.000000	 1.050000	 1.385558	 2.806113
-3.000000	 1.100000	 1.292104	 2.898201
-3.000000	 1.150000	 1.196838	 2.984271
-3.000000	 1.200000	 1.100128	 3.063989
-3.000000	 1.250000	 1.002366	 3.137009
-3.000000	 1.300000	 0.903967	 3.202967
-3.000000	 1.350000	 0.805375	 3.261485
-3.000000	 1.400000	 0.707061	 3.312167
-3.000000	 1.450000	 0.609527	 3.354590
-3.000000	 1.500000	 0.513310	 3.388310
-3.000000	 1.550000	 0.418985	 3.412849
-3.000000	 1.600000	 0.327167	 3.427694
-3.000000	 1.650000	 0.238523	 3.432287
-3.000000	 1.700000	 0.153772	 3.426023
-3.000000	 1.750000	 0.877099	 3.338912
-3.000000	 1.800000	 0.791852	 3.389000
-3.000000	 1.850000	 0.705582	 3.433985
-3.000000	 1.900000	 0.618550	 3.473407
-3.000000	 1.950000	 0.531071	 3.506733
-3.000000	 2.000000	 0.443519	 3.533333
-3.000000	 2.050000	 2.473432	 -1.742304
-3.000000	 2.100000	 2.421784	 -1.769908
-3.000000	 2.150000	 2.372595	 -1.800416
-3.000000	 2.200000	 2.326724	 -1.835026
-3.000000	 2.250000	 2.285260	 -1.875279
-3.000000	 2.300000	 2.249602	 -1.923184
-3.000000	 2.350000	 2.221583	 -1.981395
-3.000000	 2.400000	 2.203642	 -2.053481
-3.000000	 2.450000	 -0.482662	 2.246939
-3.000000	 2.500000	 -0.601273	 2.401389
-3.000000	 2.550000	 -0.725787	 2.556482
-3.000000	 2.600000	 -0.856415	 2.712342
-3.000000	 2.650000	 -0.993371	 2.869088
-3.000000	 2.700000	 -1.136873	 3.026833
-3.000000	 2.750000	 -1.287146	 3.185685
-3.000000	 2.800000	 -1.444415	 3.345746
-3.000000	 2.850000	 -1.608912	 3.507115
-3.000000	 2.900000	 -1.780873	 3.669887
-3.000000	 2.950000	 -1.960537	 3.834153
-3.000000	 3.000000	 -2.148148	 4.000000
-2.950000	 -3.000000	 0.649385	 3.925000
-2.950000	 -2.950000	 -2.083997	 -3.908750
-2.950000	 -2.900000	 -1.900482	 -3.744986
-2.950000	 -2.850000	 -1.724814	 -3.582802
-2.950000	 -2.800000	 -1.556751	 -3.422108
-2.950000	 -2.750000	 -1.396052	 -3.262813
-2.950000	 -2.700000	 -1.242482	 -3.104819
-2.950000	 -2.650000	 -1.095810	 -2.948026
-2.950000	 -2.600000	 -0.955810	 -2.792329
-2.950000	 -2.550000	 -0.822259	 -2.637618
-2.950000	 -2.500000	 -0.694939	 -2.483777
-2.950000	 -2.450000	 -0.573636	 -2.330684
-2.950000	 -2.400000	 -0.458141	 -2.178213
-2.950000	 -2.350000	 -0.348247	 -2.026227
-2.950000	 -2.300000	 2.129735	 1.906928
-2.950000	 -2.250000	 2.154842	 1.847347
-2.950000	 -2.200000	 2.187401	 1.797990
-2.950000	 -2.150000	 2.225627	 1.756248
-2.950000	 -2.100000	 2.268153	 1.720145
-2.950000	 -2.050000	 2.313920	 1.688166
-2.950000	 -2.000000	 2.362090	 1.659132
-2.950000	 -1.950000	 0.439294	 -3.361503
-2.950000	 -1.900000	 0.522469	 -3.334616
-2.950000	 -1.850000	 0.605558	 -3.301140
-2.950000	 -1.800000	 0.688195	 -3.261695
-2.950000	 -1.750000	 0.770074	 -3.216807
-2.950000	 -1.700000	 0.850939	 -3.166928
-2.950000	 -1.650000	 0.197848	 -3.220659
-2.950000	 -1.600000	 0.278803	 -3.223955
-2.950000	 -1.550000	 0.363363	 -3.216716
-2.950000	 -1.500000	 0.450826	 -3.199545
-2.950000	 -1.450000	 0.540543	 -3.172992
-2.950000	 -1.400000	 0.631916	 -3.137564
-2.950000	 -1.350000	 0.724385	 -3.093734
-2.950000	 -1.300000	 0.817430	 -3.041945
-2.950000	 -1.250000	 0.910564	 -2.982611
-2.950000	 -1.200000	 1.003330	 -2.916128
-2.950000	 -1.150000	 1.095302	 -2.842871
-2.950000	 -1.100000	 1.186077	 -2.763198
-2.950000	 -1.050000	 1.275278	 -2.677454
-2.950000	 -1.000000	 1.362550	 -2.585971
-2.950000	 -0.950000	 1.447563	 -2.489071
-2.950000	 -0.900000	 1.530003	 -2.387066
-2.950000	 -0.850000	 1.609578	 -2.280260
-2.950000	 -0.800000	 1.686015	 -2.168949
-2.950000	 -0.750000	 1.759059	 -2.053425
-2.950000	 -0.700000	 1.828472	 -1.933972
-2.950000	 -0.650000	 1.894034	 -1.810870
-2.950000	 -0.600000	 1.955542	 -1.684396
-2.950000	 -0.550000	 2.012807	 -1.554819
-2.950000	 -0.500000	 2.065659	 -1.422411
-2.950000	 -0.450000	 1.983137	 -0.796791
-2.950000	 -0.400000	 1.989874	 -0.712591
-2.950000	 -0.350000	 1.995981	 -0.626855
-2.950000	 -0.300000	 2.001396	 -0.539781
-2.950000	 -0.250000	 2.006068	 -0.451561
-2.950000	 -0.200000	 2.009950	 -0.362389
-2.950000	 -0.150000	 2.013007	 -0.272456
-2.950000	 -0.100000	 2.015211	 -0.181954
-2.950000	 -0.050000	 2.016541	 -0.091072
-2.950000	 -0.000000	 2.016986	 -0.000000
-2.950000	 0.050000	 2.016541	 0.091072
-2.950000	 0.100000	 2.015211	 0.181954
-2.950000	 0.150000	 2.013007	 0.272456
-2.950000	 0.200000	 2.009950	 0.362389
-2.950000	 0.250000	 2.006068	 0.451561
-2.950000	 0.300000	 2.001396	 0.539781
-2.950000	 0.350000	 1.995981	 0.626855
-2.950000	 0.400000	 1.989874	 0.712591
-2.950000	 0.450000	 1.983137	 0.796791
-2.950000	 0.500000	 2.065659	 1.422411
-2.950000	 0.550000	 2.012807	 1.554819
-2.950000	 0.600000	 1.955542	 1.684396
-2.950000	 0.650000	 1.894034	 1.810870
-2.950000	 0.700000	 1.828472	 1.933972
-2.950000	 0.750000	 1.759059	 2.053425
-2.950000	 0.800000	 1.686015	 2.168949
-2.950000	 0.850000	 1.609578	 2.280260
-2.950000	 0.900000	 1.530003	 2.387066
-2.950000	 0.950000	 1.447563	 2.489071
-2.950000	 1.000000	 1.362550	 2.585971
-2.950000	 1.050000	 1.275278	 2.677454
-2.950000	 1.100000	 1.186077	 2.763198
-2.950000	 1.150000	 1.095302	 2.842871
-2.950000	 1.200000	 1.003330	 2.916128
-2.950000	 1.250000	 0.910564	 2.982611
-2.950000	 1.300000	 0.817430	 3.041945
-2.950000	 1.350000	 0.724385	 3.093734
-2.950000	 1.400000	 0.631916	 3.137564
-2.950000	 1.450000	 0.540543	 3.172992
-2.950000	 1.500000	 0.450826	 3.199545
-2.950000	 1.550000	 0.363363	 3.216716
-2.950000	 1.600000	 0.278803	 3.223955
-2.950000	 1.650000	 0.197848	 3.220659
-2.950000	 1.700000	 0.850939	 3.166928
-2.950000	 1.750000	 0.770074	 3.216807
-2.950000	 1.800000	 0.688195	 3.261695
-2.950000	 1.850000	 0.605558	 3.301140
-2.950000	 1.900000	 0.522469	 3.334616
-2.950000	 1.950000	 0.439294	 3.361503
-2.950000	 2.000000	 0.356475	 3.381065
-2.950000	 2.050000	 2.313920	 -1.688166
-2.950000	 2.100000	 2.268153	 -1.720145
-2.950000	 2.150000	 2.225627	 -1.756248
-2.950000	 2.200000	 2.187401	 -1.797990
-2.950000	 2.250000	 2.154842	 -1.847347
-2.950000	 2.300000	 2.129735	 -1.906928
-2.950000	 2.350000	 -0.348247	 2.026227
-2.950000	 2.400000	 -0.458141	 2.178213
-2.950000	 2.450000	 -0.573636	 2.330684
-2.950000	 2.500000	 -0.694939	 2.483777
-2.950000	 2.550000	 -0.822259	 2.637618
-2.950000	 2.600000	 -0.955810	 2.792329
-2.950000	 2.650000	 -1.095810	 2.948026
-2.950000	 2.700000	 -1.242482	 3.104819
-2.950000	 2.750000	 -1.396052	 3.262813
-2.950000	 2.800000	 -1.556751	 3.422108
-2.950000	 2.850000	 -1.724814	 3.582802
-2.950000	 2.900000	 -1.900482	 3.744986
-2.950000	 2.950000	 -2.083997	 3.908750
-2.950000	 3.000000	 0.649385	 -3.925000
-2.900000	 -3.000000	 0.630917	 3.850000
-2.900000	 -2.950000	 0.559021	 3.785833
-2.900000	 -2.900000	 -2.020553	 -3.818333
-2.900000	 -2.850000	 -1.841093	 -3.656652
-2.900000	 -2.800000	 -1.669380	 -3.496550
-2.900000	 -2.750000	 -1.505173	 -3.337935
-2.900000	 -2.700000	 -1.348231	 -3.180713
-2.900000	 -2.650000	 -1.198320	 -3.024786
-2.900000	 -2.600000	 -1.055208	 -2.870051
-2.900000	 -2.550000	 -0.918670	 -2.716400
-2.900000	 -2.500000	 -0.788484	 -2.563722
-2.900000	 -2.450000	 -0.664432	 -2.411897
-2.900000	 -2.400000	 -0.546300	 -2.260802
-2.900000	 -2.350000	 -0.433880	 -2.110305
-2.900000	 -2.300000	 -0.326967	 -1.960267
-2.900000	 -2.250000	 2.040407	 1.834579
-2.900000	 -2.200000	 2.062770	 1.773768
-2.900000	 -2.150000	 2.092398	 1.723097
-2.900000	 -2.100000	 2.127551	 1.680000
-2.900000	 -2.050000	 2.166898	 1.642535
-2.900000	 -2.000000	 2.209407	 1.609212
-2.900000	 -1.950000	 0.356427	 -3.214613
-2.900000	 -1.900000	 0.435055	 -3.194639
-2.900000	 -1.850000	 0.514014	 -3.167488
-2.900000	 -1.800000	 0.592872	 -3.133886
-2.900000	 -1.750000	 0.671272	 -3.094441
-2.900000	 -1.700000	 0.748916	 -3.049673
-2.900000	 -1.650000	 0.825556	 -3.000027
-2.900000	 -1.600000	 0.238575	 -3.022168
-2.900000	 -1.550000	 0.315761	 -3.022687
-2.900000	 -1.500000	 0.396273	 -3.012994
-2.900000	 -1.450000	 0.479428	 -2.993682
-2.900000	 -1.400000	 0.564594	 -2.965298
-2.900000	 -1.350000	 0.651188	 -2.928344
-2.900000	 -1.300000	 0.738669	 -2.883287
-2.900000	 -1.250000	 0.826530	 -2.830564
-2.900000	 -1.200000	 0.914301	 -2.770590
-2.900000	 -1.150000	 1.001541	 -2.703753
-2.900000	 -1.100000	 1.087836	 -2.630426
-2.900000	 -1.050000	 1.172800	 -2.550964
-2.900000	 -1.000000	 1.256071	 -2.465710
-2.900000	 -0.950000	 1.337308	 -2.374993
-2.900000	 -0.900000	 1.416193	 -2.279132
-2.900000	 -0.850000	 1.492428	 -2.178436
-2.900000	 -0.800000	 1.565736	 -2.073209
-2.900000	 -0.750000	 1.635857	 -1.963744
-2.900000	 -0.700000	 1.702549	 -1.850331
-2.900000	 -0.650000	 1.765590	 -1.733252
-2.900000	 -0.600000	 1.824772	 -1.612786
-2.900000	 -0.550000	 1.879906	 -1.489208
-2.900000	 -0.500000	 1.930818	 -1.362788
-2.900000	 -0.450000	 1.849308	 -0.751407
-2.900000	 -0.400000	 1.855394	 -0.672266
-2.900000	 -0.350000	 1.860930	 -0.591584
-2.900000	 -0.300000	 1.865852	 -0.509557
-2.900000	 -0.250000	 1.870108	 -0.426381
-2.900000	 -0.200000	 1.873651	 -0.342248
-2.900000	 -0.150000	 1.876445	 -0.257353
-2.900000	 -0.100000	 1.878462	 -0.171886
-2.900000	 -0.050000	 1.879680	 -0.086038
-2.900000	 -0.000000	 1.880087	 -0.000000
-2.900000	 0.050000	 1.879680	 0.086038
-2.900000	 0.100000	 1.878462	 0.171886
-2.900000	 0.150000	 1.876445	 0.257353
-2.900000	 0.200000	 1.873651	 0.342248
-2.900000	 0.250000	 1.870108	 0.426381
-2.900000	 0.300000	 1.865852	 0.509557
-2.900000	 0.350000	 1.860930	 0.591584
-2.900000	 0.400000	 1.855394	 0.672266
-2.900000	 0.450000	 1.849308	 0.751407
-2.900000	 0.500000	 1.930818	 1.362788
-2.900000	 0.550000	 1.879906	 1.489208
-2.900000	 0.600000	 1.824772	 1.612786
-2.900000	 0.650000	 1.765590	 1.733252
-2.900000	 0.700000	 1.702549	 1.850331
-2.900000	 0.750000	 1.635857	 1.963744
-2.900000	 0.800000	 1.565736	 2.073209
-2.900000	 0.850000	 1.492428	 2.178436
-2.900000	 0.900000	 1.416193	 2.279132
-2.900000	 0.950000	 1.337308	 2.374993
-2.900000	 1.000000	 1.256071	 2.465710
-2.900000	 1.050000	 1.172800	 2.550964
-2.900000	 1.100000	 1.087836	 2.630426
-2.900000	 1.150000	 1.001541	 2.703753
-2.900000	 1.200000	 0.914301	 2.770590
-2.900000	 1.250000	 0.826530	 2.830564
-2.900000	 1.300000	 0.738669	 2.883287
-2.900000	 1.350000	 0.651188	 2.928344
-2.900000	 1.400000	 0.564594	 2.965298
-2.900000	 1.450000	 0.479428	 2.993682
-2.900000	 1.500000	 0.396273	 3.012994
-2.900000	 1.550000	 0.315761	 3.022687
-2.900000	 1.600000	 0.238575	 3.022168
-2.900000	 1.650000	 0.825556	 3.000027
-2.900000	 1.700000	 0.748916	 3.049673
-2.900000	 1.750000	 0.671272	 3.094441
-2.900000	 1.800000	 0.592872	 3.133886
-2.900000	 1.850000	 0.514014	 3.167488
-2.900000	 1.900000	 0.435055	 3.194639
-2.900000	 1.950000	 0.356427	 3.214613
-2.900000	 2.000000	 0.278657	 3.226538
-2.900000	 2.050000	 2.166898	 -1.642535
-2.900000	 2.100000	 2.127551	 -1.680000
-2.900000	 2.150000	 2.092398	 -1.723097
-2.900000	 2.200000	 2.062770	 -1.773768
-2.900000	 2.250000	 2.040407	 -1.834579
-2.900000	 2.300000	 -0.326967	 1.960267
-2.900000	 2.350000	 -0.433880	 2.110305
-2.900000	 2.400000	 -0.546300	 2.260802
-2.900000	 2.450000	 -0.664432	 2.411897
-2.900000	 2.500000	 -0.788484	 2.563722
-2.900000	 2.550000	 -0.918670	 2.716400
-2.900000	 2.600000	 -1.055208	 2.870051
-2.900000	 2.650000	 -1.198320	 3.024786
-2.900000	 2.700000	 -1.348231	 3.180713
-2.900000	 2.750000	 -1.505173	 3.337935
-2.900000	 2.800000	 -1.669380	 3.496550
-2.900000	 2.850000	 -1.841093	 3.656652
-2.900000	 2.900000	 -2.020553	 3.818333
-2.900000	 2.950000	 0.559021	 -3.785833
-2.900000	 3.000000	 0.630917	 -3.850000
-2.850000	 -3.000000	 0.611323	 3.775000
-2.850000	 -2.950000	 0.540667	 3.712083
-2.850000	 -2.900000	 0.471198	 3.649167
-2.850000	 -2.850000	 -1.957815	 -3.728750
-2.850000	 -2.800000	 -1.782368	 -3.569152
-2.850000	 -2.750000	 -1.614570	 -3.411131
-2.850000	 -2.700000	 -1.454177	 -3.254594
-2.850000	 -2.650000	 -1.300951	 -3.099446
-2.850000	 -2.600000	 -1.154657	 -2.945585
-2.850000	 -2.550000	 -1.015065	 -2.792906
-2.850000	 -2.500000	 -0.881949	 -2.641301
-2.850000	 -2.450000	 -0.755087	 -2.490654
-2.850000	 -2.400000	 -0.634263	 -2.340843
-2.850000	 -2.350000	 -0.519263	 -2.191741
-2.850000	 -2.300000	 -0.409879	 -2.043214
-2.850000	 -2.250000	 -0.305907	 -1.895118
-2.850000	 -2.200000	 1.953563	 1.764306
-2.850000	 -2.150000	 1.973348	 1.702403
-2.850000	 -2.100000	 2.000209	 1.650552
-2.850000	 -2.050000	 2.032451	 1.606231
-2.850000	 -2.000000	 2.068781	 1.567531
-2.850000	 -1.950000	 0.282431	 -3.065517
-2.850000	 -1.900000	 0.356211	 -3.053042
-2.850000	 -1.850000	 0.430808	 -3.032680
-2.850000	 -1.800000	 0.505708	 -3.005289
-2.850000	 -1.750000	 0.580490	 -2.971583
-2.850000	 -1.700000	 0.654807	 -2.932163
-2.850000	 -1.650000	 0.728370	 -2.887538
-2.850000	 -1.600000	 0.800937	 -2.838150
-2.850000	 -1.550000	 0.276040	 -2.830478
-2.850000	 -1.500000	 0.349488	 -2.828409
-2.850000	 -1.450000	 0.425993	 -2.816448
-2.850000	 -1.400000	 0.504890	 -2.795181
-2.850000	 -1.350000	 0.585564	 -2.765147
-2.850000	 -1.300000	 0.667450	 -2.726845
-2.850000	 -1.250000	 0.750021	 -2.680737
-2.850000	 -1.200000	 0.832788	 -2.627256
-2.850000	 -1.150000	 0.915295	 -2.566811
-2.850000	 -1.100000	 0.997117	 -2.499789
-2.850000	 -1.050000	 1.077855	 -2.426559
-2.850000	 -1.000000	 1.157137	 -2.347473
-2.850000	 -0.950000	 1.234616	 -2.262870
-2.850000	 -0.900000	 1.309966	 -2.173078
-2.850000	 -0.850000	 1.382882	 -2.078413
-2.850000	 -0.800000	 1.453082	 -1.979182
-2.850000	 -0.750000	 1.520302	 -1.875687
-2.850000	 -0.700000	 1.584296	 -1.768219
-2.850000	 -0.650000	 1.644836	 -1.657066
-2.850000	 -0.600000	 1.701714	 -1.542508
-2.850000	 -0.550000	 1.754736	 -1.424825
-2.850000	 -0.500000	 1.803727	 -1.304287
-2.850000	 -0.450000	 1.723363	 -0.706709
-2.850000	 -0.400000	 1.728791	 -0.632556
-2.850000	 -0.350000	 1.733750	 -0.556853
-2.850000	 -0.300000	 1.738174	 -0.479799
-2.850000	 -0.250000	 1.742010	 -0.401590
-2.850000	 -0.200000	 1.745212	 -0.322421
-2.850000	 -0.150000	 1.747740	 -0.242485
-2.850000	 -0.100000	 1.749567	 -0.161975
-2.850000	 -0.050000	 1.750672	 -0.081083
-2.850000	 -0.000000	 1.751041	 -0.000000
-2.850000	 0.050000	 1.750672	 0.081083
-2.850000	 0.100000	 1.749567	 0.161975
-2.850000	 0.150000	 1.747740	 0.242485
-2.850000	 0.200000	 1.745212	 0.322421
-2.850000	 0.250000	 1.742010	 0.401590
-2.850000	 0.300000	 1.738174	 0.479799
-2.850000	 0.350000	 1.733750	 0.556853
-2.850000	 0.400000	 1.728791	 0.632556
-2.850000	 0.450000	 1.723363	 0.706709
-2.850000	 0.500000	 1.803727	 1.304287
-2.850000	 0.550000	 1.754736	 1.424825
-2.850000	 0.600000	 1.701714	 1.542508
-2.850000	 0.650000	 1.644836	 1.657066
-2.850000	 0.700000	 1.584296	 1.768219
-2.850000	 0.750000	 1.520302	 1.875687
-2.850000	 0.800000	 1.453082	 1.979182
-2.850000	 0.850000	 1.382882	 2.078413
-2.850000	 0.900000	 1.309966	 2.173078
-2.850000	 0.950000	 1.234616	 2.262870
-2.850000	 1.000000	 1.157137	 2.347473
-2.850000	 1.050000	 1.077855	 2.426559
-2.850000	 1.100000	 0.997117	 2.499789
-2.850000	 1.150000	 0.915295	 2.566811
-2.850000	 1.200000	 0.832788	 2.627256
-2.850000	 1.250000	 0.750021	 2.680737
-2.850000	 1.300000	 0.667450	 2.726845
-2.850000	 1.350000	 0.585564	 2.765147
-2.850000	 1.400000	 0.504890	 2.795181
-2.850000	 1.450000	 0.425993	 2.816448
-2.850000	 1.500000	 0.349488	 2.828409
-2.850000	 1.550000	 0.276040	 2.830478
-2.850000	 1.600000	 0.800937	 2.838150
-2.850000	 1.650000	 0.728370	 2.887538
-2.850000	 1.700000	 0.654807	 2.932163
-2.850000	 1.750000	 0.580490	 2.971583
-2.850000	 1.800000	 0.505708	 3.005289
-2.850000	 1.850000	 0.430808	 3.032680
-2.850000	 1.900000	 0.356211	 3.053042
-2.850000	 1.950000	 0.282431	 3.065517
-2.850000	 2.000000	 0.210104	 3.069063
-2.850000	 2.050000	 2.032451	 -1.606231
-2.850000	 2.100000	 2.000209	 -1.650552
-2.850000	 2.150000	 1.973348	 -1.702403
-2.850000	 2.200000	 1.953563	 -1.764306
-2.850000	 2.250000	 -0.305907	 1.895118
-2.850000	 2.300000	 -0.409879	 2.043214
-2.850000	 2.350000	 -0.519263	 2.191741
-2.850000	 2.400000	 -0.634263	 2.340843
-2.850000	 2.450000	 -0.755087	 2.490654
-2.850000	 2.500000	 -0.881949	 2.641301
-2.850000	 2.550000	 -1.015065	 2.792906
-2.850000	 2.600000	 -1.154657	 2.945585
-2.850000	 2.650000	 -1.300951	 3.099446
-2.850000	 2.700000	 -1.454177	 3.254594
-2.850000	 2.750000	 -1.614570	 3.411131
-2.850000	 2.800000	 -1.782368	 3.569152
-2.850000	 2.850000	 -1.957815	 3.728750
-2.850000	 2.900000	 0.471198	 -3.649167
-2.850000	 2.950000	 0.540667	 -3.712083
-2.850000	 3.000000	 0.611323	 -3.775000
-2.800000	 -3.000000	 0.590667	 3.700000
-2.800000	 -2.950000	 0.521250	 3.638333
-2.800000	 -2.900000	 0.453000	 3.576667
-2.800000	 -2.850000	 0.385917	 3.515000
-2.800000	 -2.800000	 -1.895782	 -3.640000
-2.800000	 -2.750000	 -1.724306	 -3.482485
-2.800000	 -2.700000	 -1.560381	 -3.326545
-2.800000	 -2.650000	 -1.403762	 -3.172087
-2.800000	 -2.600000	 -1.254211	 -3.019011
-2.800000	 -2.550000	 -1.111494	 -2.867215
-2.800000	 -2.500000	 -0.975381	 -2.716593
-2.800000	 -2.450000	 -0.845646	 -2.567031
-2.800000	 -2.400000	 -0.722068	 -2.418413
-2.800000	 -2.350000	 -0.604431	 -2.270613
-2.800000	 -2.300000	 -0.492523	 -2.123502
-2.800000	 -2.250000	 -0.386137	 -1.976939
-2.800000	 -2.200000	 -0.285068	 -1.830779
-2.800000	 -2.150000	 1.869170	 1.696068
-2.800000	 -2.100000	 1.886538	 1.633207
-2.800000	 -2.050000	 1.910792	 1.580307
-2.800000	 -2.000000	 1.940284	 1.534889
-2.800000	 -1.950000	 0.217338	 -2.913546
-2.800000	 -1.900000	 0.285892	 -2.909295
-2.800000	 -1.850000	 0.355837	 -2.896292
-2.800000	 -1.800000	 0.426557	 -2.875565
-2.800000	 -1.750000	 0.497551	 -2.847958
-2.800000	 -1.700000	 0.568410	 -2.814173
-2.800000	 -1.650000	 0.638797	 -2.774800
-2.800000	 -1.600000	 0.708429	 -2.730343
-2.800000	 -1.550000	 0.777071	 -2.681236
-2.800000	 -1.500000	 0.844524	 -2.627856
-2.800000	 -1.450000	 0.380075	 -2.641049
-2.800000	 -1.400000	 0.452618	 -2.627003
-2.800000	 -1.350000	 0.527310	 -2.603962
-2.800000	 -1.300000	 0.603556	 -2.572459
-2.800000	 -1.250000	 0.680806	 -2.532985
-2.800000	 -1.200000	 0.758551	 -2.486000
-2.800000	 -1.150000	 0.836317	 -2.431932
-2.800000	 -1.100000	 0.913663	 -2.371187
-2.800000	 -1.050000	 0.990180	 -2.304147
-2.800000	 -1.000000	 1.065483	 -2.231177
-2.800000	 -0.950000	 1.139217	 -2.152629
-2.800000	 -0.900000	 1.211047	 -2.068838
-2.800000	 -0.850000	 1.280662	 -1.980128
-2.800000	 -0.800000	 1.347773	 -1.886815
-2.800000	 -0.750000	 1.412111	 -1.789203
-2.800000	 -0.700000	 1.473426	 -1.687591
-2.800000	 -0.650000	 1.531486	 -1.582270
-2.800000	 -0.600000	 1.586079	 -1.473525
-2.800000	 -0.550000	 1.637009	 -1.361636
-2.800000	 -0.500000	 1.599938	 -0.730131
-2.800000	 -0.450000	 1.605015	 -0.662660
-2.800000	 -0.400000	 1.609777	 -0.593428
-2.800000	 -0.350000	 1.614151	 -0.522636
-2.800000	 -0.300000	 1.618072	 -0.450484
-2.800000	 -0.250000	 1.621484	 -0.377170
-2.800000	 -0.200000	 1.624339	 -0.302891
-2.800000	 -0.150000	 1.626599	 -0.227842
-2.800000	 -0.100000	 1.628235	 -0.152215
-2.800000	 -0.050000	 1.629225	 -0.076203
-2.800000	 -0.000000	 1.629556	 -0.000000
-2.800000	 0.050000	 1.629225	 0.076203
-2.800000	 0.100000	 1.628235	 0.152215
-2.800000	 0.150000	 1.626599	 0.227842
-2.800000	 0.200000	 1.624339	 0.302891
-2.800000	 0.250000	 1.621484	 0.377170
-2.800000	 0.300000	 1.618072	 0.450484
-2.800000	 0.350000	 1.614151	 0.522636
-2.800000	 0.400000	 1.609777	 0.593428
-2.800000	 0.450000	 1.605015	 0.662660
-2.800000	 0.500000	 1.599938	 0.730131
-2.800000	 0.550000	 1.637009	 1.361636
-2.800000	 0.600000	 1.586079	 1.473525
-2.800000	 0.650000	 1.531486	 1.582270
-2.800000	 0.700000	 1.473426	 1.687591
-2.800000	 0.750000	 1.412111	 1.789203
-2.800000	 0.800000	 1.347773	 1.886815
-2.800000	 0.850000	 1.280662	 1.980128
-2.800000	 0.900000	 1.211047	 2.068838
-2.800000	 0.950000	 1.139217	 2.152629
-2.800000	 1.000000	 1.065483	 2.231177
-2.800000	 1.050000	 0.990180	 2.304147
-2.800000	 1.100000	 0.913663	 2.371187
-2.800000	 1.150000	 0.836317	 2.431932
-2.800000	 1.200000	 0.758551	 2.486000
-2.800000	 1.250000	 0.680806	 2.532985
-2.800000	 1.300000	 0.603556	 2.572459
-2.800000	 1.350000	 0.527310	 2.603962
-2.800000	 1.400000	 0.452618	 2.627003
-2.800000	 1.450000	 0.380075	 2.641049
-2.800000	 1.500000	 0.844524	 2.627856
-2.800000	 1.550000	 0.777071	 2.681236
-2.800000	 1.600000	 0.708429	 2.730343
-2.800000	 1.650000	 0.638797	 2.774800
-2.800000	 1.700000	 0.568410	 2.814173
-2.800000	 1.750000	 0.497551	 2.847958
-2.800000	 1.800000	 0.426557	 2.875565
-2.800000	 1.850000	 0.355837	 2.896292
-2.800000	 1.900000	 0.285892	 2.909295
-2.800000	 1.950000	 0.217338	 2.913546
-2.800000	 2.000000	 0.150951	 2.907778
-2.800000	 2.050000	 1.910792	 -1.580307
-2.800000	 2.100000	 1.886538	 -1.633207
-2.800000	 2.150000	 1.869170	 -1.696068
-2.800000	 2.200000	 -0.285068	 1.830779
-2.800000	 2.250000	 -0.386137	 1.976939
-2.800000	 2.300000	 -0.492523	 2.123502
-2.800000	 2.350000	 -0.604431	 2.270613
-2.800000	 2.400000	 -0.722068	 2.418413
-2.800000	 2.450000	 -0.845646	 2.567031
-2.800000	 2.500000	 -0.975381	 2.716593
-2.800000	 2.550000	 -1.111494	 2.867215
-2.800000	 2.600000	 -1.254211	 3.019011
-2.800000	 2.650000	 -1.403762	 3.172087
-2.800000	 2.700000	 -1.560381	 3.326545
-2.800000	 2.750000	 -1.724306	 3.482485
-2.800000	 2.800000	 -1.895782	 3.640000
-2.800000	 2.850000	 0.385917	 -3.515000
-2.800000	 2.900000	 0.453000	 -3.576667
-2.800000	 2.950000	 0.521250	 -3.638333
-2.800000	 3.000000	 0.590667	 -3.700000
-2.750000	 -3.000000	 0.569010	 3.625000
-2.750000	 -2.950000	 0.500833	 3.564583
-2.750000	 -2.900000	 0.433802	 3.504167
-2.750000	 -2.850000	 0.367917	 3.443750
-2.750000	 -2.800000	 0.303177	 3.383333
-2.750000	 -2.750000	 -1.834452	 -3.552083
-2.750000	 -2.700000	 -1.666906	 -3.396651
-2.750000	 -2.650000	 -1.506812	 -3.242793
-2.750000	 -2.600000	 -1.353925	 -3.090412
-2.750000	 -2.550000	 -1.208009	 -2.939409
-2.750000	 -2.500000	 -1.068827	 -2.789678
-2.750000	 -2.450000	 -0.936152	 -2.641110
-2.750000	 -2.400000	 -0.809759	 -2.493591
-2.750000	 -2.350000	 -0.689425	 -2.346999
-2.750000	 -2.300000	 -0.574937	 -2.201207
-2.750000	 -2.250000	 -0.466081	 -2.056082
-2.750000	 -2.200000	 -0.362652	 -1.911479
-2.750000	 -2.150000	 -0.264448	 -1.767248
-2.750000	 -2.100000	 1.787192	 1.629823
-2.750000	 -2.050000	 1.802303	 1.566135
-2.750000	 -2.000000	 1.824108	 1.512313
-2.750000	 -1.950000	 0.161266	 -2.757858
-2.750000	 -1.900000	 0.224116	 -2.762743
-2.750000	 -1.850000	 0.289049	 -2.757809
-2.750000	 -1.800000	 0.355313	 -2.744303
-2.750000	 -1.750000	 0.422308	 -2.723235
-2.750000	 -1.700000	 0.489547	 -2.695435
-2.750000	 -1.650000	 0.556632	 -2.661594
-2.750000	 -1.600000	 0.623235	 -2.622293
-2.750000	 -1.550000	 0.689084	 -2.578029
-2.750000	 -1.500000	 0.753948	 -2.529228
-2.750000	 -1.450000	 0.817634	 -2.476261
-2.750000	 -1.400000	 0.407615	 -2.460532
-2.750000	 -1.350000	 0.476242	 -2.444585
-2.750000	 -1.300000	 0.546787	 -2.419949
-2.750000	 -1.250000	 0.618673	 -2.387153
-2.750000	 -1.200000	 0.691365	 -2.346683
-2.750000	 -1.150000	 0.764370	 -2.298993
-2.750000	 -1.100000	 0.837231	 -2.244507
-2.750000	 -1.050000	 0.909524	 -2.183628
-2.750000	 -1.000000	 0.980852	 -2.116735
-2.750000	 -0.950000	 1.050848	 -2.044190
-2.750000	 -0.900000	 1.119169	 -1.966340
-2.750000	 -0.850000	 1.185497	 -1.883518
-2.750000	 -0.800000	 1.249535	 -1.796048
-2.750000	 -0.750000	 1.311009	 -1.704241
-2.750000	 -0.700000	 1.369663	 -1.608401
-2.750000	 -0.650000	 1.425261	 -1.508824
-2.750000	 -0.600000	 1.477587	 -1.405798
-2.750000	 -0.550000	 1.526441	 -1.299610
-2.750000	 -0.500000	 1.489668	 -0.681820
-2.750000	 -0.450000	 1.493983	 -0.619223
-2.750000	 -0.400000	 1.498070	 -0.554849
-2.750000	 -0.350000	 1.501852	 -0.488903
-2.750000	 -0.300000	 1.505263	 -0.421587
-2.750000	 -0.250000	 1.508244	 -0.353101
-2.750000	 -0.200000	 1.510749	 -0.283644
-2.750000	 -0.150000	 1.512738	 -0.213410
-2.750000	 -0.100000	 1.514180	 -0.142596
-2.750000	 -0.050000	 1.515054	 -0.071394
-2.750000	 -0.000000	 1.515347	 -0.000000
-2.750000	 0.050000	 1.515054	 0.071394
-2.750000	 0.100000	 1.514180	 0.142596
-2.750000	 0.150000	 1.512738	 0.213410
-2.750000	 0.200000	 1.510749	 0.283644
-2.750000	 0.250000	 1.508244	 0.353101
-2.750000	 0.300000	 1.505263	 0.421587
-2.750000	 0.350000	 1.501852	 0.488903
-2.750000	 0.400000	 1.498070	 0.554849
-2.750000	 0.450000	 1.493983	 0.619223
-2.750000	 0.500000	 1.489668	 0.681820
-2.750000	 0.550000	 1.526441	 1.299610
-2.750000	 0.600000	 1.477587	 1.405798
-2.750000	 0.650000	 1.425261	 1.508824
-2.750000	 0.700000	 1.369663	 1.608401
-2.750000	 0.750000	 1.311009	 1.704241
-2.750000	 0.800000	 1.249535	 1.796048
-2.750000	 0.850000	 1.185497	 1.883518
-2.750000	 0.900000	 1.119169	 1.966340
-2.750000	 0.950000	 1.050848	 2.044190
-2.750000	 1.000000	 0.980852	 2.116735
-2.750000	 1.050000	 0.909524	 2.183628
-2.750000	 1.100000	 0.837231	 2.244507
-2.750000	 1.150000	 0.764370	 2.298993
-2.750000	 1.200000	 0.691365	 2.346683
-2.750000	 1.250000	 0.618673	 2.387153
-2.750000	 1.300000	 0.546787	 2.419949
-2.750000	 1.350000	 0.476242	 2.444585
-2.750000	 1.400000	 0.407615	 2.460532
-2.750000	 1.450000	 0.817634	 2.476261
-2.750000	 1.500000	 0.753948	 2.529228
-2.750000	 1.550000	 0.689084	 2.578029
-2.750000	 1.600000	 0.623235	 2.622293
-2.750000	 1.650000	 0.556632	 2.661594
-2.750000	 1.700000	 0.489547	 2.695435
-2.750000	 1.750000	 0.422308	 2.723235
-2.750000	 1.800000	 0.355313	 2.744303
-2.750000	 1.850000	 0.289049	 2.757809
-2.750000	 1.900000	 0.224116	 2.762743
-2.750000	 1.950000	 0.161266	 2.757858
-2.750000	 2.000000	 0.101451	 2.741594
-2.750000	 2.050000	 1.802303	 -1.566135
-2.750000	 2.100000	 1.787192	 -1.629823
-2.750000	 2.150000	 -0.264448	 1.767248
-2.750000	 2.200000	 -0.362652	 1.911479
-2.750000	 2.250000	 -0.466081	 2.056082
-2.750000	 2.300000	 -0.574937	 2.201207
-2.750000	 2.350000	 -0.689425	 2.346999
-2.750000	 2.400000	 -0.809759	 2.493591
-2.750000	 2.450000	 -0.936152	 2.641110
-2.750000	 2.500000	 -1.068827	 2.789678
-2.750000	 2.550000	 -1.208009	 2.939409
-2.750000	 2.600000	 -1.353925	 3.090412
-2.750000	 2.650000	 -1.506812	 3.242793
-2.750000	 2.700000	 -1.666906	 3.396651
-2.750000	 2.750000	 -1.834452	 3.552083
-2.750000	 2.800000	 0.303177	 -3.383333
-2.750000	 2.850000	 0.367917	 -3.443750
-2.750000	 2.900000	 0.433802	 -3.504167
-2.750000	 2.950000	 0.500833	 -3.564583
-2.750000	 3.000000	 0.569010	 -3.625000
-2.700000	 -3.000000	 0.546417	 3.550000
-2.700000	 -2.950000	 0.479479	 3.490833
-2.700000	 -2.900000	 0.413667	 3.431667
-2.700000	 -2.850000	 0.348979	 3.372500
-2.700000	 -2.800000	 0.285417	 3.313333
-2.700000	 -2.750000	 0.222979	 3.254167
-2.700000	 -2.700000	 -1.773825	 -3.465000
-2.700000	 -2.650000	 -1.610167	 -3.311651
-2.700000	 -2.600000	 -1.453862	 -3.159874
-2.700000	 -2.550000	 -1.304667	 -3.009571
-2.700000	 -2.500000	 -1.162343	 -2.860640
-2.700000	 -2.450000	 -1.026658	 -2.712973
-2.700000	 -2.400000	 -0.897380	 -2.566458
-2.700000	 -2.350000	 -0.774287	 -2.420979
-2.700000	 -2.300000	 -0.657158	 -2.276412
-2.700000	 -2.250000	 -0.545778	 -2.132625
-2.700000	 -2.200000	 -0.439936	 -1.989481
-2.700000	 -2.150000	 -0.339426	 -1.846833
-2.700000	 -2.100000	 -0.244047	 -1.704524
-2.700000	 -2.050000	 1.707596	 1.565530
-2.700000	 -2.000000	 1.720604	 1.501142
-2.700000	 -1.950000	 0.114447	 -2.597392
-2.700000	 -1.900000	 0.170988	 -2.612569
-2.700000	 -1.850000	 0.230452	 -2.616593
-2.700000	 -1.800000	 0.291915	 -2.611000
-2.700000	 -1.750000	 0.354647	 -2.597014
-2.700000	 -1.700000	 0.418065	 -2.575629
-2.700000	 -1.650000	 0.481695	 -2.547660
-2.700000	 -1.600000	 0.545153	 -2.513787
-2.700000	 -1.550000	 0.608118	 -2.474583
-2.700000	 -1.500000	 0.670326	 -2.430536
-2.700000	 -1.450000	 0.731554	 -2.382065
-2.700000	 -1.400000	 0.791614	 -2.329538
-2.700000	 -1.350000	 0.432198	 -2.286788
-2.700000	 -1.300000	 0.496961	 -2.269119
-2.700000	 -1.250000	 0.563421	 -2.243066
-2.700000	 -1.200000	 0.631016	 -2.209152
-2.700000	 -1.150000	 0.699231	 -2.167857
-2.700000	 -1.100000	 0.767588	 -2.119632
-2.700000	 -1.050000	 0.835646	 -2.064898
-2.700000	 -1.000000	 0.902995	 -2.004051
-2.700000	 -0.950000	 0.969256	 -1.937467
-2.700000	 -0.900000	 1.034075	 -1.865507
-2.700000	 -0.850000	 1.097126	 -1.788515
-2.700000	 -0.800000	 1.158103	 -1.706821
-2.700000	 -0.750000	 1.216726	 -1.620745
-2.700000	 -0.700000	 1.272734	 -1.530598
-2.700000	 -0.650000	 1.325886	 -1.436681
-2.700000	 -0.600000	 1.375961	 -1.339289
-2.700000	 -0.550000	 1.422756	 -1.238709
-2.700000	 -0.500000	 1.386454	 -0.634136
-2.700000	 -0.450000	 1.389996	 -0.576356
-2.700000	 -0.400000	 1.393396	 -0.516783
-2.700000	 -0.350000	 1.396576	 -0.455623
-2.700000	 -0.300000	 1.399468	 -0.393082
-2.700000	 -0.250000	 1.402014	 -0.329362
-2.700000	 -0.200000	 1.404163	 -0.264661
-2.700000	 -0.150000	 1.405876	 -0.199178
-2.700000	 -0.100000	 1.407122	 -0.133110
-2.700000	 -0.050000	 1.407878	 -0.066652
-2.700000	 -0.000000	 1.408132	 -0.000000
-2.700000	 0.050000	 1.407878	 0.066652
-2.700000	 0.100000	 1.407122	 0.133110
-2.700000	 0.150000	 1.405876	 0.199178
-2.700000	 0.200000	 1.404163	 0.264661
-2.700000	 0.250000	 1.402014	 0.329362
-2.700000	 0.300000	 1.399468	 0.393082
-2.700000	 0.350000	 1.396576	 0.455623
-2.700000	 0.400000	 1.393396	 0.516783
-2.700000	 0.450000	 1.389996	 0.576356
-2.700000	 0.500000	 1.386454	 0.634136
-2.700000	 0.550000	 1.422756	 1.238709
-2.700000	 0.600000	 1.375961	 1.339289
-2.700000	 0.650000	 1.325886	 1.436681
-2.700000	 0.700000	 1.272734	 1.530598
-2.700000	 0.750000	 1.216726	 1.620745
-2.700000	 0.800000	 1.158103	 1.706821
-2.700000	 0.850000	 1.097126	 1.788515
-2.700000	 0.900000	 1.034075	 1.865507
-2.700000	 0.950000	 0.969256	 1.937467
-2.700000	 1.000000	 0.902995	 2.004051
-2.700000	 1.050000	 0.835646	 2.064898
-2.700000	 1.100000	 0.767588	 2.119632
-2.700000	 1.150000	 0.699231	 2.167857
-2.700000	 1.200000	 0.631016	 2.209152
-2.700000	 1.250000	 0.563421	 2.243066
-2.700000	 1.300000	 0.496961	 2.269119
-2.700000	 1.350000	 0.432198	 2.286788
-2.700000	 1.400000	 0.791614	 2.329538
-2.700000	 1.450000	 0.731554	 2.382065
-2.700000	 1.500000	 0.670326	 2.430536
-2.700000	 1.550000	 0.608118	 2.474583
-2.700000	 1.600000	 0.545153	 2.513787
-2.700000	 1.650000	 0.481695	 2.547660
-2.700000	 1.700000	 0.418065	 2.575629
-2.700000	 1.750000	 0.354647	 2.597014
-2.700000	 1.800000	 0.291915	 2.611000
-2.700000	 1.850000	 0.230452	 2.616593
-2.700000	 1.900000	 0.170988	 2.612569
-2.700000	 1.950000	 0.114447	 2.597392
-2.700000	 2.000000	 0.062020	 2.569108
-2.700000	 2.050000	 1.707596	 -1.565530
-2.700000	 2.100000	 -0.244047	 1.704524
-2.700000	 2.150000	 -0.339426	 1.846833
-2.700000	 2.200000	 -0.439936	 1.989481
-2.700000	 2.250000	 -0.545778	 2.132625
-2.700000	 2.300000	 -0.657158	 2.276412
-2.700000	 2.350000	 -0.774287	 2.420979
-2.700000	 2.400000	 -0.897380	 2.566458
-2.700000	 2.450000	 -1.026658	 2.712973
-2.700000	 2.500000	 -1.162343	 2.860640
-2.700000	 2.550000	 -1.304667	 3.009571
-2.700000	 2.600000	 -1.453862	 3.159874
-2.700000	 2.650000	 -1.610167	 3.311651
-2.700000	 2.700000	 -1.773825	 3.465000
-2.700000	 2.750000	 0.222979	 -3.254167
-2.700000	 2.800000	 0.285417	 -3.313333
-2.700000	 2.850000	 0.348979	 -3.372500
-2.700000	 2.900000	 0.413667	 -3.431667
-2.700000	 2.950000	 0.479479	 -3.490833
-2.700000	 3.000000	 0.546417	 -3.550000
-2.650000	 -3.000000	 0.522948	 3.475000
-2.650000	 -2.950000	 0.457250	 3.417083
-2.650000	 -2.900000	 0.392656	 3.359167
-2.650000	 -2.850000	 0.329167	 3.301250
-2.650000	 -2.800000	 0.266781	 3.243333
-2.650000	 -2.750000	 0.205500	 3.185417
-2.650000	 -2.700000	 0.145323	 3.127500
-2.650000	 -2.650000	 -1.713899	 -3.378750
-2.650000	 -2.600000	 -1.554088	 -3.227484
-2.650000	 -2.550000	 -1.401531	 -3.077788
-2.650000	 -2.500000	 -1.255986	 -2.929563
-2.650000	 -2.450000	 -1.117215	 -2.782703
-2.650000	 -2.400000	 -0.984984	 -2.637099
-2.650000	 -2.350000	 -0.859064	 -2.492637
-2.650000	 -2.300000	 -0.739231	 -2.349197
-2.650000	 -2.250000	 -0.625267	 -2.206651
-2.650000	 -2.200000	 -0.516956	 -2.064865
-2.650000	 -2.150000	 -0.414088	 -1.923698
-2.650000	 -2.100000	 -0.316458	 -1.782998
-2.650000	 -2.050000	 -0.223866	 -1.642604
-2.650000	 -2.000000	 1.630347	 1.503146
-2.650000	 -1.950000	 0.077269	 -2.430780
-2.650000	 -1.900000	 0.126718	 -2.457736
-2.650000	 -1.850000	 0.180134	 -2.471848
-2.650000	 -1.800000	 0.236361	 -2.475036
-2.650000	 -1.750000	 0.294502	 -2.468807
-2.650000	 -1.700000	 0.353848	 -2.454366
-2.650000	 -1.650000	 0.413833	 -2.432687
-2.650000	 -1.600000	 0.473999	 -2.404573
-2.650000	 -1.550000	 0.533971	 -2.370693
-2.650000	 -1.500000	 0.593440	 -2.331610
-2.650000	 -1.450000	 0.652147	 -2.287805
-2.650000	 -1.400000	 0.709879	 -2.239690
-2.650000	 -1.350000	 0.766451	 -2.187627
-2.650000	 -1.300000	 0.453916	 -2.119747
-2.650000	 -1.250000	 0.514871	 -2.100534
-2.650000	 -1.200000	 0.577311	 -2.073239
-2.650000	 -1.150000	 0.640692	 -2.038379
-2.650000	 -1.100000	 0.704514	 -1.996431
-2.650000	 -1.050000	 0.768318	 -1.947840
-2.650000	 -1.000000	 0.831677	 -1.893022
-2.650000	 -0.950000	 0.894198	 -1.832370
-2.650000	 -0.900000	 0.955516	 -1.766259
-2.650000	 -0.850000	 1.015294	 -1.695044
-2.650000	 -0.800000	 1.073219	 -1.619067
-2.650000	 -0.750000	 1.129002	 -1.538657
-2.650000	 -0.700000	 1.182377	 -1.454130
-2.650000	 -0.650000	 1.233095	 -1.365796
-2.650000	 -0.600000	 1.280933	 -1.273954
-2.650000	 -0.550000	 1.287318	 -0.638008
-2.650000	 -0.500000	 1.290033	 -0.587027
-2.650000	 -0.450000	 1.292786	 -0.534016
-2.650000	 -0.400000	 1.295487	 -0.479192
-2.650000	 -0.350000	 1.298054	 -0.422765
-2.650000	 -0.300000	 1.300419	 -0.364942
-2.650000	 -0.250000	 1.302521	 -0.305928
-2.650000	 -0.200000	 1.304309	 -0.245925
-2.650000	 -0.150000	 1.305742	 -0.185132
-2.650000	 -0.100000	 1.306788	 -0.123749
-2.650000	 -0.050000	 1.307425	 -0.061973
-2.650000	 -0.000000	 1.307639	 -0.000000
-2.650000	 0.050000	 1.307425	 0.061973
-2.650000	 0.100000	 1.306788	 0.123749
-2.650000	 0.150000	 1.305742	 0.185132
-2.650000	 0.200000	 1.304309	 0.245925
-2.650000	 0.250000	 1.302521	 0.305928
-2.650000	 0.300000	 1.300419	 0.364942
-2.650000	 0.350000	 1.298054	 0.422765
-2.650000	 0.400000	 1.295487	 0.479192
-2.650000	 0.450000	 1.292786	 0.534016
-2.650000	 0.500000	 1.290033	 0.587027
-2.650000	 0.550000	 1.287318	 0.638008
-2.650000	 0.600000	 1.280933	 1.273954
-2.650000	 0.650000	 1.233095	 1.365796
-2.650000	 0.700000	 1.182377	 1.454130
-2.650000	 0.750000	 1.129002	 1.538657
-2.650000	 0.800000	 1.073219	 1.619067
-2.650000	 0.850000	 1.015294	 1.695044
-2.650000	 0.900000	 0.955516	 1.766259
-2.650000	 0.950000	 0.894198	 1.832370
-2.650000	 1.000000	 0.831677	 1.893022
-2.650000	 1.050000	 0.768318	 1.947840
-2.650000	 1.100000	 0.704514	 1.996431
-2.650000	 1.150000	 0.640692	 2.038379
-2.650000	 1.200000	 0.577311	 2.073239
-2.650000	 1.250000	 0.514871	 2.100534
-2.650000	 1.300000	 0.453916	 2.119747
-2.650000	 1.350000	 0.766451	 2.187627
-2.650000	 1.400000	 0.709879	 2.239690
-2.650000	 1.450000	 0.652147	 2.287805
-2.650000	 1.500000	 0.593440	 2.331610
-2.650000	 1.550000	 0.533971	 2.370693
-2.650000	 1.600000	 0.473999	 2.404573
-2.650000	 1.650000	 0.413833	 2.432687
-2.650000	 1.700000	 0.353848	 2.454366
-2.650000	 1.750000	 0.294502	 2.468807
-2.650000	 1.800000	 0.236361	 2.475036
-2.650000	 1.850000	 0.180134	 2.471848
-2.650000	 1.900000	 0.126718	 2.457736
-2.650000	 1.950000	 0.077269	 2.430780
-2.650000	 2.000000	 0.033295	 2.388490
-2.650000	 2.050000	 -0.223866	 1.642604
-2.650000	 2.100000	 -0.316458	 1.782998
-2.650000	 2.150000	 -0.414088	 1.923698
-2.650000	 2.200000	 -0.516956	 2.064865
-2.650000	 2.250000	 -0.625267	 2.206651
-2.650000	 2.300000	 -0.739231	 2.349197
-2.650000	 2.350000	 -0.859064	 2.492637
-2.650000	 2.400000	 -0.984984	 2.637099
-2.650000	 2.450000	 -1.117215	 2.782703
-2.650000	 2.500000	 -1.255986	 2.929563
-2.650000	 2.550000	 -1.401531	 3.077788
-2.650000	 2.600000	 -1.554088	 3.227484
-2.650000	 2.650000	 -1.713899	 3.378750
-2.650000	 2.700000	 0.145323	 -3.127500
-2.650000	 2.750000	 0.205500	 -3.185417
-2.650000	 2.800000	 0.266781	 -3.243333
-2.650000	 2.850000	 0.329167	 -3.301250
-2.650000	 2.900000	 0.392656	 -3.359167
-2.650000	 2.950000	 0.457250	 -3.417083
-2.650000	 3.000000	 0.522948	 -3.475000
-2.600000	 -3.000000	 0.498667	 3.400000
-2.600000	 -2.950000	 0.434208	 3.343333
-2.600000	 -2.900000	 0.370833	 3.286667
-2.600000	 -2.850000	 0.308542	 3.230000
-2.600000	 -2.800000	 0.247333	 3.173333
-2.600000	 -2.750000	 0.187208	 3.116667
-2.600000	 -2.700000	 0.128167	 3.060000
-2.600000	 -2.650000	 0.070208	 3.003333
-2.600000	 -2.600000	 -1.654675	 -3.293333
-2.600000	 -2.550000	 -1.498668	 -3.144150
-2.600000	 -2.500000	 -1.349819	 -2.996536
-2.600000	 -2.450000	 -1.207883	 -2.850387
-2.600000	 -2.400000	 -1.072623	 -2.705598
-2.600000	 -2.350000	 -0.943806	 -2.562057
-2.600000	 -2.300000	 -0.821203	 -2.419646
-2.600000	 -2.250000	 -0.704591	 -2.278242
-2.600000	 -2.200000	 -0.593751	 -2.137716
-2.600000	 -2.150000	 -0.488470	 -1.997928
-2.600000	 -2.100000	 -0.388537	 -1.858733
-2.600000	 -2.050000	 -0.293748	 -1.719975
-2.600000	 -2.000000	 -0.203905	 -1.581487
-2.600000	 -1.950000	 -0.118813	 -1.443090
-2.600000	 -1.900000	 0.091665	 -2.296914
-2.600000	 -1.850000	 0.138285	 -2.322566
-2.600000	 -1.800000	 0.188722	 -2.335636
-2.600000	 -1.750000	 0.241857	 -2.338011
-2.600000	 -1.700000	 0.296820	 -2.331171
-2.600000	 -1.650000	 0.352923	 -2.316297
-2.600000	 -1.600000	 0.409617	 -2.294349
-2.600000	 -1.550000	 0.466459	 -2.266116
-2.600000	 -1.500000	 0.523085	 -2.232253
-2.600000	 -1.450000	 0.579195	 -2.193316
-2.600000	 -1.400000	 0.634539	 -2.149778
-2.600000	 -1.350000	 0.688909	 -2.102045
-2.600000	 -1.300000	 0.742128	 -2.050472
-2.600000	 -1.250000	 0.794044	 -1.995372
-2.600000	 -1.200000	 0.530069	 -1.938758
-2.600000	 -1.150000	 0.588557	 -1.910395
-2.600000	 -1.100000	 0.647802	 -1.874761
-2.600000	 -1.050000	 0.707321	 -1.832328
-2.600000	 -1.000000	 0.766670	 -1.783537
-2.600000	 -0.950000	 0.825439	 -1.728800
-2.600000	 -0.900000	 0.883252	 -1.668507
-2.600000	 -0.850000	 0.939757	 -1.603029
-2.600000	 -0.800000	 0.994634	 -1.532718
-2.600000	 -0.750000	 1.047584	 -1.457914
-2.600000	 -0.700000	 1.098334	 -1.378942
-2.600000	 -0.650000	 1.146630	 -1.296119
-2.600000	 -0.600000	 1.192242	 -1.209750
-2.600000	 -0.550000	 1.198332	 -0.586668
-2.600000	 -0.500000	 1.200147	 -0.540441
-2.600000	 -0.450000	 1.202095	 -0.492158
-2.600000	 -0.400000	 1.204081	 -0.442037
-2.600000	 -0.350000	 1.206024	 -0.390294
-2.600000	 -0.300000	 1.207852	 -0.337138
-2.600000	 -0.250000	 1.209501	 -0.282778
-2.600000	 -0.200000	 1.210921	 -0.227417
-2.600000	 -0.150000	 1.212069	 -0.171258
-2.600000	 -0.100000	 1.212913	 -0.114503
-2.600000	 -0.050000	 1.213428	 -0.057351
-2.600000	 -0.000000	 1.213601	 -0.000000
-2.600000	 0.050000	 1.213428	 0.057351
-2.600000	 0.100000	 1.212913	 0.114503
-2.600000	 0.150000	 1.212069	 0.171258
-2.600000	 0.200000	 1.210921	 0.227417
-2.600000	 0.250000	 1.209501	 0.282778
-2.600000	 0.300000	 1.207852	 0.337138
-2.600000	 0.350000	 1.206024	 0.390294
-2.600000	 0.400000	 1.204081	 0.442037
-2.600000	 0.450000	 1.202095	 0.492158
-2.600000	 0.500000	 1.200147	 0.540441
-2.600000	 0.550000	 1.198332	 0.586668
-2.600000	 0.600000	 1.192242	 1.209750
-2.600000	 0.650000	 1.146630	 1.296119
-2.600000	 0.700000	 1.098334	 1.378942
-2.600000	 0.750000	 1.047584	 1.457914
-2.600000	 0.800000	 0.994634	 1.532718
-2.600000	 0.850000	 0.939757	 1.603029
-2.600000	 0.900000	 0.883252	 1.668507
-2.600000	 0.950000	 0.825439	 1.728800
-2.600000	 1.000000	 0.766670	 1.783537
-2.600000	 1.050000	 0.707321	 1.832328
-2.600000	 1.100000	 0.647802	 1.874761
-2.600000	 1.150000	 0.588557	 1.910395
-2.600000	 1.200000	 0.530069	 1.938758
-2.600000	 1.250000	 0.794044	 1.995372
-2.600000	 1.300000	 0.742128	 2.050472
-2.600000	 1.350000	 0.688909	 2.102045
-2.600000	 1.400000	 0.634539	 2.149778
-2.600000	 1.450000	 0.579195	 2.193316
-2.600000	 1.500000	 0.523085	 2.232253
-2.600000	 1.550000	 0.466459	 2.266116
-2.600000	 1.600000	 0.409617	 2.294349
-2.600000	 1.650000	 0.352923	 2.316297
-2.600000	 1.700000	 0.296820	 2.331171
-2.600000	 1.750000	 0.241857	 2.338011
-2.600000	 1.800000	 0.188722	 2.335636
-2.600000	 1.850000	 0.138285	 2.322566
-2.600000	 1.900000	 0.091665	 2.296914
-2.600000	 1.950000	 -0.118813	 1.443090
-2.600000	 2.000000	 -0.203905	 1.581487
-2.600000	 2.050000	 -0.293748	 1.719975
-2.600000	 2.100000	 -0.388537	 1.858733
-2.600000	 2.150000	 -0.488470	 1.997928
-2.600000	 2.200000	 -0.593751	 2.137716
-2.600000	 2.250000	 -0.704591	 2.278242
-2.600000	 2.300000	 -0.821203	 2.419646
-2.600000	 2.350000	 -0.943806	 2.562057
-2.600000	 2.400000	 -1.072623	 2.705598
-2.600000	 2.450000	 -1.207883	 2.850387
-2.600000	 2.500000	 -1.349819	 2.996536
-2.600000	 2.550000	 -1.498668	 3.144150
-2.600000	 2.600000	 -1.654675	 3.293333
-2.600000	 2.650000	 0.070208	 -3.003333
-2.600000	 2.700000	 0.128167	 -3.060000
-2.600000	 2.750000	 0.187208	 -3.116667
-2.600000	 2.800000	 0.247333	 -3.173333
-2.600000	 2.850000	 0.308542	 -3.230000
-2.600000	 2.900000	 0.370833	 -3.286667
-2.600000	 2.950000	 0.434208	 -3.343333
-2.600000	 3.000000	 0.498667	 -3.400000
-2.550000	 -3.000000	 0.473635	 3.325000
-2.550000	 -2.950000	 0.410417	 3.269583
-2.550000	 -2.900000	 0.348260	 3.214167
-2.550000	 -2.850000	 0.287167	 3.158750
-2.550000	 -2.800000	 0.227135	 3.103333
-2.550000	 -2.750000	 0.168167	 3.047917
-2.550000	 -2.700000	 0.110260	 2.992500
-2.550000	 -2.650000	 0.053417	 2.937083
-2.550000	 -2.600000	 -0.002365	 2.881667
-2.550000	 -2.550000	 -1.596152	 -3.208750
-2.550000	 -2.500000	 -1.443910	 -3.061650
-2.550000	 -2.450000	 -1.298726	 -2.916117
-2.550000	 -2.400000	 -1.160358	 -2.772045
-2.550000	 -2.350000	 -1.028569	 -2.629326
-2.550000	 -2.300000	 -0.903125	 -2.487847
-2.550000	 -2.250000	 -0.783799	 -2.347485
-2.550000	 -2.200000	 -0.670368	 -2.208116
-2.550000	 -2.150000	 -0.562613	 -2.069606
-2.550000	 -2.100000	 -0.460321	 -1.931812
-2.550000	 -2.050000	 -0.363285	 -1.794584
-2.550000	 -2.000000	 -0.271299	 -1.657761
-2.550000	 -1.950000	 -0.184167	 -1.521171
-2.550000	 -1.900000	 -0.101694	 -1.384627
-2.550000	 -1.850000	 0.105235	 -2.167448
-2.550000	 -1.800000	 0.149169	 -2.191819
-2.550000	 -1.750000	 0.196771	 -2.203872
-2.550000	 -1.700000	 0.246956	 -2.205458
-2.550000	 -1.650000	 0.298880	 -2.198030
-2.550000	 -1.600000	 0.351880	 -2.182749
-2.550000	 -1.550000	 0.405422	 -2.160557
-2.550000	 -1.500000	 0.459076	 -2.132228
-2.550000	 -1.450000	 0.512491	 -2.098408
-2.550000	 -1.400000	 0.565377	 -2.059643
-2.550000	 -1.350000	 0.617492	 -2.016397
-2.550000	 -1.300000	 0.668633	 -1.969071
-2.550000	 -1.250000	 0.718629	 -1.918015
-2.550000	 -1.200000	 0.767335	 -1.863537
-2.550000	 -1.150000	 0.542650	 -1.783723
-2.550000	 -1.100000	 0.597260	 -1.754463
-2.550000	 -1.050000	 0.652452	 -1.718225
-2.550000	 -1.000000	 0.707761	 -1.675475
-2.550000	 -0.950000	 0.762758	 -1.626649
-2.550000	 -0.900000	 0.817052	 -1.572156
-2.550000	 -0.850000	 0.870279	 -1.512384
-2.550000	 -0.800000	 0.922106	 -1.447698
-2.550000	 -0.750000	 0.972226	 -1.378449
-2.550000	 -0.700000	 1.020356	 -1.304974
-2.550000	 -0.650000	 1.066238	 -1.227596
-2.550000	 -0.600000	 1.115103	 -0.575013
-2.550000	 -0.550000	 1.115656	 -0.535827
-2.550000	 -0.500000	 1.116548	 -0.494323
-2.550000	 -0.450000	 1.117670	 -0.450731
-2.550000	 -0.400000	 1.118927	 -0.405274
-2.550000	 -0.350000	 1.120231	 -0.358172
-2.550000	 -0.300000	 1.121509	 -0.309638
-2.550000	 -0.250000	 1.122697	 -0.259884
-2.550000	 -0.200000	 1.123741	 -0.209116
-2.550000	 -0.150000	 1.124598	 -0.157541
-2.550000	 -0.100000	 1.125234	 -0.105363
-2.550000	 -0.050000	 1.125626	 -0.052782
-2.550000	 -0.000000	 1.125758	 -0.000000
-2.550000	 0.050000	 1.125626	 0.052782
-2.550000	 0.100000	 1.125234	 0.105363
-2.550000	 0.150000	 1.124598	 0.157541
-2.550000	 0.200000	 1.123741	 0.209116
-2.550000	 0.250000	 1.122697	 0.259884
-2.550000	 0.300000	 1.121509	 0.309638
-2.550000	 0.350000	 1.120231	 0.358172
-2.550000	 0.400000	 1.118927	 0.405274
-2.550000	 0.450000	 1.117670	 0.450731
-2.550000	 0.500000	 1.116548	 0.494323
-2.550000	 0.550000	 1.115656	 0.535827
-2.550000	 0.600000	 1.115103	 0.575013
-2.550000	 0.650000	 1.066238	 1.227596
-2.550000	 0.700000	 1.020356	 1.304974
-2.550000	 0.750000	 0.972226	 1.378449
-2.550000	 0.800000	 0.922106	 1.447698
-2.550000	 0.850000	 0.870279	 1.512384
-2.550000	 0.900000	 0.817052	 1.572156
-2.550000	 0.950000	 0.762758	 1.626649
-2.550000	 1.000000	 0.707761	 1.675475
-2.550000	 1.050000	 0.652452	 1.718225
-2.550000	 1.100000	 0.597260	 1.754463
-2.550000	 1.150000	 0.542650	 1.783723
-2.550000	 1.200000	 0.767335	 1.863537
-2.550000	 1.250000	 0.718629	 1.918015
-2.550000	 1.300000	 0.668633	 1.969071
-2.550000	 1.350000	 0.617492	 2.016397
-2.550000	 1.400000	 0.565377	 2.059643
-2.550000	 1.450000	 0.512491	 2.098408
-2.550000	 1.500000	 0.459076	 2.132228
-2.550000	 1.550000	 0.405422	 2.160557
-2.550000	 1.600000	 0.351880	 2.182749
-2.550000	 1.650000	 0.298880	 2.198030
-2.550000	 1.700000	 0.246956	 2.205458
-2.550000	 1.750000	 0.196771	 2.203872
-2.550000	 1.800000	 0.149169	 2.191819
-2.550000	 1.850000	 0.105235	 2.167448
-2.550000	 1.900000	 -0.101694	 1.384627
-2.550000	 1.950000	 -0.184167	 1.521171
-2.550000	 2.000000	 -0.271299	 1.657761
-2.550000	 2.050000	 -0.363285	 1.794584
-2.550000	 2.100000	 -0.460321	 1.931812
-2.550000	 2.150000	 -0.562613	 2.069606
-2.550000	 2.200000	 -0.670368	 2.208116
-2.550000	 2.250000	 -0.783799	 2.347485
-2.550000	 2.300000	 -0.903125	 2.487847
-2.550000	 2.350000	 -1.028569	 2.629326
-2.550000	 2.400000	 -1.160358	 2.772045
-2.550000	 2.450000	 -1.298726	 2.916117
-2.550000	 2.500000	 -1.443910	 3.061650
-2.550000	 2.550000	 -1.596152	 3.208750
-2.550000	 2.600000	 -0.002365	 -2.881667
-2.550000	 2.650000	 0.053417	 -2.937083
-2.550000	 2.700000	 0.110260	 -2.992500
-2.550000	 2.750000	 0.168167	 -3.047917
-2.550000	 2.800000	 0.227135	 -3.103333
-2.550000	 2.850000	 0.287167	 -3.158750
-2.550000	 2.900000	 0.348260	 -3.214167
-2.550000	 2.950000	 0.410417	 -3.269583
-2.550000	 3.000000	 0.473635	 -3.325000
-2.500000	 -3.000000	 0.447917	 3.250000
-2.500000	 -2.950000	 0.385938	 3.195833
-2.500000	 -2.900000	 0.325000	 3.141667
-2.500000	 -2.850000	 0.265104	 3.087500
-2.500000	 -2.800000	 0.206250	 3.033333
-2.500000	 -2.750000	 0.148438	 2.979167
-2.500000	 -2.700000	 0.091667	 2.925000
-2.500000	 -2.650000	 0.035938	 2.870833
-2.500000	 -2.600000	 -0.018750	 2.816667
-2.500000	 -2.550000	 -0.072396	 2.762500
-2.500000	 -2.500000	 -1.538333	 -3.125000
-2.500000	 -2.450000	 -1.389813	 -2.979983
-2.500000	 -2.400000	 -1.248253	 -2.836531
-2.500000	 -2.350000	 -1.113413	 -2.694536
-2.500000	 -2.300000	 -0.985053	 -2.553887
-2.500000	 -2.250000	 -0.862943	 -2.414468
-2.500000	 -2.200000	 -0.746853	 -2.276155
-2.500000	 -2.150000	 -0.636563	 -2.138818
-2.500000	 -2.100000	 -0.531853	 -2.002321
-2.500000	 -2.050000	 -0.432513	 -1.866516
-2.500000	 -2.000000	 -0.338333	 -1.731250
-2.500000	 -1.950000	 -0.249113	 -1.596355
-2.500000	 -1.900000	 -0.164653	 -1.461653
-2.500000	 -1.850000	 -0.084763	 -1.326951
-2.500000	 -1.800000	 0.118002	 -2.042322
-2.500000	 -1.750000	 0.159392	 -2.065436
-2.500000	 -1.700000	 0.204298	 -2.076496
-2.500000	 -1.650000	 0.251670	 -2.077317
-2.500000	 -1.600000	 0.300694	 -2.069326
-2.500000	 -1.550000	 0.350726	 -2.053662
-2.500000	 -1.500000	 0.401250	 -2.031250
-2.500000	 -1.450000	 0.451851	 -2.002851
-2.500000	 -1.400000	 0.502188	 -1.969099
-2.500000	 -1.350000	 0.551981	 -1.930531
-2.500000	 -1.300000	 0.600996	 -1.887604
-2.500000	 -1.250000	 0.649036	 -1.840712
-2.500000	 -1.200000	 0.695938	 -1.790200
-2.500000	 -1.150000	 0.741560	 -1.736370
-2.500000	 -1.100000	 0.552713	 -1.635362
-2.500000	 -1.050000	 0.603521	 -1.605376
-2.500000	 -1.000000	 0.654747	 -1.568700
-2.500000	 -0.950000	 0.705943	 -1.525799
-2.500000	 -0.900000	 0.756697	 -1.477103
-2.500000	 -0.850000	 0.806632	 -1.423017
-2.500000	 -0.800000	 0.855403	 -1.363925
-2.500000	 -0.750000	 0.902690	 -1.300191
-2.500000	 -0.700000	 0.948203	 -1.232162
-2.500000	 -0.650000	 0.991673	 -1.160172
-2.500000	 -0.600000	 1.039550	 -0.519858
-2.500000	 -0.550000	 1.039049	 -0.485415
-2.500000	 -0.500000	 1.038993	 -0.448611
-2.500000	 -0.450000	 1.039268	 -0.409682
-2.500000	 -0.400000	 1.039775	 -0.368857
-2.500000	 -0.350000	 1.040425	 -0.326360
-2.500000	 -0.300000	 1.041141	 -0.282409
-2.500000	 -0.250000	 1.041856	 -0.237219
-2.500000	 -0.200000	 1.042516	 -0.191002
-2.500000	 -0.150000	 1.043076	 -0.143965
-2.500000	 -0.100000	 1.043500	 -0.096316
-2.500000	 -0.050000	 1.043764	 -0.048260
-2.500000	 -0.000000	 1.043854	 -0.000000
-2.500000	 0.050000	 1.043764	 0.048260
-2.500000	 0.100000	 1.043500	 0.096316
-2.500000	 0.150000	 1.043076	 0.143965
-2.500000	 0.200000	 1.042516	 0.191002
-2.500000	 0.250000	 1.041856	 0.237219
-2.500000	 0.300000	 1.041141	 0.282409
-2.500000	 0.350000	 1.040425	 0.326360
-2.500000	 0.400000	 1.039775	 0.368857
-2.500000	 0.450000	 1.039268	 0.409682
-2.500000	 0.500000	 1.038993	 0.448611
-2.500000	 0.550000	 1.039049	 0.485415
-2.500000	 0.600000	 1.039550	 0.519858
-2.500000	 0.650000	 0.991673	 1.160172
-2.500000	 0.700000	 0.948203	 1.232162
-2.500000	 0.750000	 0.902690	 1.300191
-2.500000	 0.800000	 0.855403	 1.363925
-2.500000	 0.850000	 0.806632	 1.423017
-2.500000	 0.900000	 0.756697	 1.477103
-2.500000	 0.950000	 0.705943	 1.525799
-2.500000	 1.000000	 0.654747	 1.568700
-2.500000	 1.050000	 0.603521	 1.605376
-2.500000	 1.100000	 0.552713	 1.635362
-2.500000	 1.150000	 0.741560	 1.736370
-2.500000	 1.200000	 0.695938	 1.790200
-2.500000	 1.250000	 0.649036	 1.840712
-2.500000	 1.300000	 0.600996	 1.887604
-2.500000	 1.350000	 0.551981	 1.930531
-2.500000	 1.400000	 0.502188	 1.969099
-2.500000	 1.450000	 0.451851	 2.002851
-2.500000	 1.500000	 0.401250	 2.031250
-2.500000	 1.550000	 0.350726	 2.053662
-2.500000	 1.600000	 0.300694	 2.069326
-2.500000	 1.650000	 0.251670	 2.077317
-2.500000	 1.700000	 0.204298	 2.076496
-2.500000	 1.750000	 0.159392	 2.065436
-2.500000	 1.800000	 0.118002	 2.042322
-2.500000	 1.850000	 -0.084763	 1.326951
-2.500000	 1.900000	 -0.164653	 1.461653
-2.500000	 1.950000	 -0.249113	 1.596355
-2.500000	 2.000000	 -0.338333	 1.731250
-2.500000	 2.050000	 -0.432513	 1.866516
-2.500000	 2.100000	 -0.531853	 2.002321
-2.500000	 2.150000	 -0.636563	 2.138818
-2.500000	 2.200000	 -0.746853	 2.276155
-2.500000	 2.250000	 -0.862943	 2.414468
-2.500000	 2.300000	 -0.985053	 2.553887
-2.500000	 2.350000	 -1.113413	 2.694536
-2.500000	 2.400000	 -1.248253	 2.836531
-2.500000	 2.450000	 -1.389813	 2.979983
-2.500000	 2.500000	 -1.538333	 3.125000
-2.500000	 2.550000	 -0.072396	 -2.762500
-2.500000	 2.600000	 -0.018750	 -2.816667
-2.500000	 2.650000	 0.035937	 -2.870833
-2.500000	 2.700000	 0.091667	 -2.925000
-2.500000	 2.750000	 0.148437	 -2.979167
-2.500000	 2.800000	 0.206250	 -3.033333
-2.500000	 2.850000	 0.265104	 -3.087500
-2.500000	 2.900000	 0.325000	 -3.141667
-2.500000	 2.950000	 0.385937	 -3.195833
-2.500000	 3.000000	 0.447917	 -3.250000
-2.450000	 -3.000000	 0.421573	 3.175000
-2.450000	 -2.950000	 0.360833	 3.122083
-2.450000	 -2.900000	 0.301115	 3.069167
-2.450000	 -2.850000	 0.242417	 3.016250
-2.450000	 -2.800000	 0.184740	 2.963333
-2.450000	 -2.750000	 0.128083	 2.910417
-2.450000	 -2.700000	 0.072448	 2.857500
-2.450000	 -2.650000	 0.017833	 2.804583
-2.450000	 -2.600000	 -0.035760	 2.751667
-2.450000	 -2.550000	 -0.088333	 2.698750
-2.450000	 -2.500000	 -0.139885	 2.645833
-2.450000	 -2.450000	 -1.481220	 -3.042083
-2.450000	 -2.400000	 -1.336380	 -2.899149
-2.450000	 -2.350000	 -1.198403	 -2.757778
-2.450000	 -2.300000	 -1.067049	 -2.617859
-2.450000	 -2.250000	 -0.942079	 -2.479280
-2.450000	 -2.200000	 -0.823261	 -2.341920
-2.450000	 -2.150000	 -0.710368	 -2.205654
-2.450000	 -2.100000	 -0.603178	 -2.070347
-2.450000	 -2.050000	 -0.501475	 -1.935860
-2.450000	 -2.000000	 -0.405046	 -1.802041
-2.450000	 -1.950000	 -0.313686	 -1.668730
-2.450000	 -1.900000	 -0.227192	 -1.535754
-2.450000	 -1.850000	 -0.145368	 -1.402930
-2.450000	 -1.800000	 -0.068023	 -1.270056
-2.450000	 -1.750000	 0.129990	 -1.921476
-2.450000	 -1.700000	 0.168973	 -1.943357
-2.450000	 -1.650000	 0.211319	 -1.953447
-2.450000	 -1.600000	 0.256015	 -1.953528
-2.450000	 -1.550000	 0.302272	 -1.944999
-2.450000	 -1.500000	 0.349468	 -1.928977
-2.450000	 -1.450000	 0.397106	 -1.906370
-2.450000	 -1.400000	 0.444783	 -1.877927
-2.450000	 -1.350000	 0.492171	 -1.844269
-2.450000	 -1.300000	 0.538999	 -1.805925
-2.450000	 -1.250000	 0.585040	 -1.763342
-2.450000	 -1.200000	 0.630106	 -1.716911
-2.450000	 -1.150000	 0.674038	 -1.666970
-2.450000	 -1.100000	 0.716698	 -1.613817
-2.450000	 -1.050000	 0.560353	 -1.493612
-2.450000	 -1.000000	 0.607441	 -1.463067
-2.450000	 -0.950000	 0.654793	 -1.426122
-2.450000	 -0.900000	 0.701978	 -1.383234
-2.450000	 -0.850000	 0.748601	 -1.334831
-2.450000	 -0.800000	 0.794301	 -1.281314
-2.450000	 -0.750000	 0.838748	 -1.223063
-2.450000	 -0.700000	 0.881639	 -1.160439
-2.450000	 -0.650000	 0.972144	 -0.492109
-2.450000	 -0.600000	 0.969870	 -0.465065
-2.450000	 -0.550000	 0.968282	 -0.435358
-2.450000	 -0.500000	 0.967248	 -0.403240
-2.450000	 -0.450000	 0.966652	 -0.368954
-2.450000	 -0.400000	 0.966388	 -0.332736
-2.450000	 -0.350000	 0.966365	 -0.294815
-2.450000	 -0.300000	 0.966503	 -0.255415
-2.450000	 -0.250000	 0.966734	 -0.214754
-2.450000	 -0.200000	 0.967000	 -0.173049
-2.450000	 -0.150000	 0.967254	 -0.130512
-2.450000	 -0.100000	 0.967462	 -0.087353
-2.450000	 -0.050000	 0.967596	 -0.043780
-2.450000	 -0.000000	 0.967643	 -0.000000
-2.450000	 0.050000	 0.967596	 0.043780
-2.450000	 0.100000	 0.967462	 0.087353
-2.450000	 0.150000	 0.967254	 0.130512
-2.450000	 0.200000	 0.967000	 0.173049
-2.450000	 0.250000	 0.966734	 0.214754
-2.450000	 0.300000	 0.966503	 0.255415
-2.450000	 0.350000	 0.966365	 0.294815
-2.450000	 0.400000	 0.966388	 0.332736
-2.450000	 0.450000	 0.966652	 0.368954
-2.450000	 0.500000	 0.967248	 0.403240
-2.450000	 0.550000	 0.968282	 0.435358
-2.450000	 0.600000	 0.969870	 0.465065
-2.450000	 0.650000	 0.972144	 0.492109
-2.450000	 0.700000	 0.881639	 1.160439
-2.450000	 0.750000	 0.838748	 1.223063
-2.450000	 0.800000	 0.794301	 1.281314
-2.450000	 0.850000	 0.748601	 1.334831
-2.450000	 0.900000	 0.701978	 1.383234
-2.450000	 0.950000	 0.654793	 1.426122
-2.450000	 1.000000	 0.607441	 1.463067
-2.450000	 1.050000	 0.560353	 1.493612
-2.450000	 1.100000	 0.716698	 1.613817
-2.450000	 1.150000	 0.674038	 1.666970
-2.450000	 1.200000	 0.630106	 1.716911
-2.450000	 1.250000	 0.585040	 1.763342
-2.450000	 1.300000	 0.538999	 1.805925
-2.450000	 1.350000	 0.492171	 1.844269
-2.450000	 1.400000	 0.444783	 1.877927
-2.450000	 1.450000	 0.397106	 1.906370
-2.450000	 1.500000	 0.349468	 1.928977
-2.450000	 1.550000	 0.302272	 1.944999
-2.450000	 1.600000	 0.256015	 1.953528
-2.450000	 1.650000	 0.211319	 1.953447
-2.450000	 1.700000	 0.168973	 1.943357
-2.450000	 1.750000	 0.129990	 1.921476
-2.450000	 1.800000	 -0.068023	 1.270056
-2.450000	 1.850000	 -0.145368	 1.402930
-2.450000	 1.900000	 -0.227192	 1.535754
-2.450000	 1.950000	 -0.313686	 1.668730
-2.450000	 2.000000	 -0.405046	 1.802041
-2.450000	 2.050000	 -0.501475	 1.935860
-2.450000	 2.100000	 -0.603178	 2.070347
-2.450000	 2.150000	 -0.710368	 2.205654
-2.450000	 2.200000	 -0.823261	 2.341920
-2.450000	 2.250000	 -0.942079	 2.479280
-2.450000	 2.300000	 -1.067049	 2.617859
-2.450000	 2.350000	 -1.198403	 2.757778
-2.450000	 2.400000	 -1.336380	 2.899149
-2.450000	 2.450000	 -1.481220	 3.042083
-2.450000	 2.500000	 -0.139885	 -2.645833
-2.450000	 2.550000	 -0.088333	 -2.698750
-2.450000	 2.600000	 -0.035760	 -2.751667
-2.450000	 2.650000	 0.017833	 -2.804583
-2.450000	 2.700000	 0.072448	 -2.857500
-2.450000	 2.750000	 0.128083	 -2.910417
-2.450000	 2.800000	 0.184740	 -2.963333
-2.450000	 2.850000	 0.242417	 -3.016250
-2.450000	 2.900000	 0.301115	 -3.069167
-2.450000	 2.950000	 0.360833	 -3.122083
-2.450000	 3.000000	 0.421573	 -3.175000
-2.400000	 -3.000000	 0.394667	 3.100000
-2.400000	 -2.950000	 0.335167	 3.048333
-2.400000	 -2.900000	 0.276667	 2.996667
-2.400000	 -2.850000	 0.219167	 2.945000
-2.400000	 -2.800000	 0.162667	 2.893333
-2.400000	 -2.750000	 0.107167	 2.841667
-2.400000	 -2.700000	 0.052667	 2.790000
-2.400000	 -2.650000	 -0.000833	 2.738333
-2.400000	 -2.600000	 -0.053333	 2.686667
-2.400000	 -2.550000	 -0.104833	 2.635000
-2.400000	 -2.500000	 -0.155333	 2.583333
-2.400000	 -2.450000	 -0.204833	 2.531667
-2.400000	 -2.400000	 -1.424815	 -2.960000
-2.400000	 -2.350000	 -1.283614	 -2.819149
-2.400000	 -2.300000	 -1.149179	 -2.679858
-2.400000	 -2.250000	 -1.021270	 -2.542016
-2.400000	 -2.200000	 -0.899648	 -2.405505
-2.400000	 -2.150000	 -0.784082	 -2.270204
-2.400000	 -2.100000	 -0.674346	 -2.135982
-2.400000	 -2.050000	 -0.570218	 -2.002703
-2.400000	 -2.000000	 -0.471481	 -1.870222
-2.400000	 -1.950000	 -0.377926	 -1.738383
-2.400000	 -1.900000	 -0.289346	 -1.607021
-2.400000	 -1.850000	 -0.205541	 -1.475957
-2.400000	 -1.800000	 -0.126315	 -1.345000
-2.400000	 -1.750000	 -0.051478	 -1.213941
-2.400000	 -1.700000	 0.141223	 -1.804848
-2.400000	 -1.650000	 0.177932	 -1.825520
-2.400000	 -1.600000	 0.217852	 -1.834667
-2.400000	 -1.550000	 0.260002	 -1.834032
-2.400000	 -1.500000	 0.303623	 -1.824989
-2.400000	 -1.450000	 0.348113	 -1.808635
-2.400000	 -1.400000	 0.392992	 -1.785860
-2.400000	 -1.350000	 0.437873	 -1.757397
-2.400000	 -1.300000	 0.482437	 -1.723860
-2.400000	 -1.250000	 0.526424	 -1.685765
-2.400000	 -1.200000	 0.569615	 -1.643556
-2.400000	 -1.150000	 0.611828	 -1.597613
-2.400000	 -1.100000	 0.652910	 -1.548270
-2.400000	 -1.050000	 0.692729	 -1.495823
-2.400000	 -1.000000	 0.731173	 -1.440532
-2.400000	 -0.950000	 0.609123	 -1.327474
-2.400000	 -0.900000	 0.652697	 -1.290424
-2.400000	 -0.850000	 0.695977	 -1.247714
-2.400000	 -0.800000	 0.738585	 -1.199767
-2.400000	 -0.750000	 0.780177	 -1.146980
-2.400000	 -0.700000	 0.820439	 -1.089730
-2.400000	 -0.650000	 0.909366	 -0.432781
-2.400000	 -0.600000	 0.905844	 -0.410543
-2.400000	 -0.550000	 0.903131	 -0.385575
-2.400000	 -0.500000	 0.901087	 -0.358138
-2.400000	 -0.450000	 0.899591	 -0.328485
-2.400000	 -0.400000	 0.898532	 -0.296857
-2.400000	 -0.350000	 0.897817	 -0.263491
-2.400000	 -0.300000	 0.897360	 -0.228617
-2.400000	 -0.250000	 0.897092	 -0.192458
-2.400000	 -0.200000	 0.896953	 -0.155234
-2.400000	 -0.150000	 0.896894	 -0.117164
-2.400000	 -0.100000	 0.896878	 -0.078460
-2.400000	 -0.050000	 0.896879	 -0.039335
-2.400000	 -0.000000	 0.896881	 -0.000000
-2.400000	 0.050000	 0.896879	 0.039335
-2.400000	 0.100000	 0.896878	 0.078460
-2.400000	 0.150000	 0.896894	 0.117164
-2.400000	 0.200000	 0.896953	 0.155234
-2.400000	 0.250000	 0.897092	 0.192458
-2.400000	 0.300000	 0.897360	 0.228617
-2.400000	 0.350000	 0.897817	 0.263491
-2.400000	 0.400000	 0.898532	 0.296857
-2.400000	 0.450000	 0.899591	 0.328485
-2.400000	 0.500000	 0.901087	 0.358138
-2.400000	 0.550000	 0.903131	 0.385575
-2.400000	 0.600000	 0.905844	 0.410543
-2.400000	 0.650000	 0.909366	 0.432781
-2.400000	 0.700000	 0.820439	 1.089730
-2.400000	 0.750000	 0.780177	 1.146980
-2.400000	 0.800000	 0.738585	 1.199767
-2.400000	 0.850000	 0.695977	 1.247714
-2.400000	 0.900000	 0.652697	 1.290424
-2.400000	 0.950000	 0.609123	 1.327474
-2.400000	 1.000000	 0.731173	 1.440532
-2.400000	 1.050000	 0.692729	 1.495823
-2.400000	 1.100000	 0.652910	 1.548270
-2.400000	 1.150000	 0.611828	 1.597613
-2.400000	 1.200000	 0.569615	 1.643556
-2.400000	 1.250000	 0.526424	 1.685765
-2.400000	 1.300000	 0.482437	 1.723860
-2.400000	 1.350000	 0.437873	 1.757397
-2.400000	 1.400000	 0.392992	 1.785860
-2.400000	 1.450000	 0.348113	 1.808635
-2.400000	 1.500000	 0.303623	 1.824989
-2.400000	 1.550000	 0.260002	 1.834032
-2.400000	 1.600000	 0.217852	 1.834667
-2.400000	 1.650000	 0.177932	 1.825520
-2.400000	 1.700000	 0.141223	 1.804848
-2.400000	 1.750000	 -0.051478	 1.213941
-2.400000	 1.800000	 -0.126315	 1.345000
-2.400000	 1.850000	 -0.205541	 1.475957
-2.400000	 1.900000	 -0.289346	 1.607021
-2.400000	 1.950000	 -0.377926	 1.738383
-2.400000	 2.000000	 -0.471481	 1.870222
-2.400000	 2.050000	 -0.570218	 2.002703
-2.400000	 2.100000	 -0.674346	 2.135982
-2.400000	 2.150000	 -0.784082	 2.270204
-2.400000	 2.200000	 -0.899648	 2.405505
-2.400000	 2.250000	 -1.021270	 2.542016
-2.400000	 2.300000	 -1.149179	 2.679858
-2.400000	 2.350000	 -1.283614	 2.819149
-2.400000	 2.400000	 -1.424815	 2.960000
-2.400000	 2.450000	 -0.204833	 -2.531667
-2.400000	 2.500000	 -0.155333	 -2.583333
-2.400000	 2.550000	 -0.104833	 -2.635000
-2.400000	 2.600000	 -0.053333	 -2.686667
-2.400000	 2.650000	 -0.000833	 -2.738333
-2.400000	 2.700000	 0.052667	 -2.790000
-2.400000	 2.750000	 0.107167	 -2.841667
-2.400000	 2.800000	 0.162667	 -2.893333
-2.400000	 2.850000	 0.219167	 -2.945000
-2.400000	 2.900000	 0.276667	 -2.996667
-2.400000	 2.950000	 0.335167	 -3.048333
-2.400000	 3.000000	 0.394667	 -3.100000
-2.350000	 -3.000000	 0.367260	 3.025000
-2.350000	 -2.950000	 0.309000	 2.974583
-2.350000	 -2.900000	 0.251719	 2.924167
-2.350000	 -2.850000	 0.195417	 2.873750
-2.350000	 -2.800000	 0.140094	 2.823333
-2.350000	 -2.750000	 0.085750	 2.772917
-2.350000	 -2.700000	 0.032385	 2.722500
-2.350000	 -2.650000	 -0.020000	 2.672083
-2.350000	 -2.600000	 -0.071406	 2.621667
-2.350000	 -2.550000	 -0.121833	 2.571250
-2.350000	 -2.500000	 -0.171281	 2.520833
-2.350000	 -2.450000	 -0.219750	 2.470417
-2.350000	 -2.400000	 -0.267240	 2.420000
-2.350000	 -2.350000	 -1.369123	 -2.878750
-2.350000	 -2.300000	 -1.231519	 -2.739982
-2.350000	 -2.250000	 -1.100585	 -2.602772
-2.350000	 -2.200000	 -0.976080	 -2.467005
-2.350000	 -2.150000	 -0.857766	 -2.332562
-2.350000	 -2.100000	 -0.745413	 -2.199318
-2.350000	 -2.050000	 -0.638793	 -2.067140
-2.350000	 -2.000000	 -0.537687	 -1.935886
-2.350000	 -1.950000	 -0.441878	 -1.805408
-2.350000	 -1.900000	 -0.351157	 -1.675544
-2.350000	 -1.850000	 -0.265320	 -1.546123
-2.350000	 -1.800000	 -0.184165	 -1.416962
-2.350000	 -1.750000	 -0.107500	 -1.287859
-2.350000	 -1.700000	 -0.035136	 -1.158599
-2.350000	 -1.650000	 0.033111	 -1.028944
-2.350000	 -1.600000	 0.186290	 -1.711868
-2.350000	 -1.550000	 0.223912	 -1.720094
-2.350000	 -1.500000	 0.263645	 -1.718770
-2.350000	 -1.450000	 0.304756	 -1.709239
-2.350000	 -1.400000	 0.346666	 -1.692577
-2.350000	 -1.350000	 0.388911	 -1.669660
-2.350000	 -1.300000	 0.431117	 -1.641205
-2.350000	 -1.250000	 0.472980	 -1.607815
-2.350000	 -1.200000	 0.514246	 -1.569998
-2.350000	 -1.150000	 0.554707	 -1.528188
-2.350000	 -1.100000	 0.594186	 -1.482761
-2.350000	 -1.050000	 0.632535	 -1.434047
-2.350000	 -1.000000	 0.669628	 -1.382334
-2.350000	 -0.950000	 0.705359	 -1.327881
-2.350000	 -0.900000	 0.608668	 -1.198537
-2.350000	 -0.850000	 0.648565	 -1.161549
-2.350000	 -0.800000	 0.688052	 -1.119180
-2.350000	 -0.750000	 0.726768	 -1.071851
-2.350000	 -0.700000	 0.858002	 -0.387912
-2.350000	 -0.650000	 0.852084	 -0.373599
-2.350000	 -0.600000	 0.847265	 -0.356192
-2.350000	 -0.550000	 0.843382	 -0.335978
-2.350000	 -0.500000	 0.840291	 -0.313229
-2.350000	 -0.450000	 0.837863	 -0.288206
-2.350000	 -0.400000	 0.835983	 -0.261162
-2.350000	 -0.350000	 0.834552	 -0.232338
-2.350000	 -0.300000	 0.833482	 -0.201972
-2.350000	 -0.250000	 0.832699	 -0.170294
-2.350000	 -0.200000	 0.832142	 -0.137530
-2.350000	 -0.150000	 0.831760	 -0.103900
-2.350000	 -0.100000	 0.831515	 -0.069625
-2.350000	 -0.050000	 0.831379	 -0.034920
-2.350000	 -0.000000	 0.831335	 -0.000000
-2.350000	 0.050000	 0.831379	 0.034920
-2.350000	 0.100000	 0.831515	 0.069625
-2.350000	 0.150000	 0.831760	 0.103900
-2.350000	 0.200000	 0.832142	 0.137530
-2.350000	 0.250000	 0.832699	 0.170294
-2.350000	 0.300000	 0.833482	 0.201972
-2.350000	 0.350000	 0.834552	 0.232338
-2.350000	 0.400000	 0.835983	 0.261162
-2.350000	 0.450000	 0.837863	 0.288206
-2.350000	 0.500000	 0.840291	 0.313229
-2.350000	 0.550000	 0.843382	 0.335978
-2.350000	 0.600000	 0.847265	 0.356192
-2.350000	 0.650000	 0.852084	 0.373599
-2.350000	 0.700000	 0.858002	 0.387912
-2.350000	 0.750000	 0.726768	 1.071851
-2.350000	 0.800000	 0.688052	 1.119180
-2.350000	 0.850000	 0.648565	 1.161549
-2.350000	 0.900000	 0.608668	 1.198537
-2.350000	 0.950000	 0.705359	 1.327881
-2.350000	 1.000000	 0.669628	 1.382334
-2.350000	 1.050000	 0.632535	 1.434047
-2.350000	 1.100000	 0.594186	 1.482761
-2.350000	 1.150000	 0.554707	 1.528188
-2.350000	 1.200000	 0.514246	 1.569998
-2.350000	 1.250000	 0.472980	 1.607815
-2.350000	 1.300000	 0.431117	 1.641205
-2.350000	 1.350000	 0.388911	 1.669660
-2.350000	 1.400000	 0.346666	 1.692577
-2.350000	 1.450000	 0.304756	 1.709239
-2.350000	 1.500000	 0.263645	 1.718770
-2.350000	 1.550000	 0.223912	 1.720094
-2.350000	 1.600000	 0.186290	 1.711868
-2.350000	 1.650000	 0.033111	 1.028944
-2.350000	 1.700000	 -0.035136	 1.158599
-2.350000	 1.750000	 -0.107500	 1.287859
-2.350000	 1.800000	 -0.184165	 1.416962
-2.350000	 1.850000	 -0.265320	 1.546123
-2.350000	 1.900000	 -0.351157	 1.675544
-2.350000	 1.950000	 -0.441878	 1.805408
-2.350000	 2.000000	 -0.537687	 1.935886
-2.350000	 2.050000	 -0.638793	 2.067140
-2.350000	 2.100000	 -0.745413	 2.199318
-2.350000	 2.150000	 -0.857766	 2.332562
-2.350000	 2.200000	 -0.976080	 2.467005
-2.350000	 2.250000	 -1.100585	 2.602772
-2.350000	 2.300000	 -1.231519	 2.739982
-2.350000	 2.350000	 -1.369123	 2.878750
-2.350000	 2.400000	 -0.267240	 -2.420000
-2.350000	 2.450000	 -0.219750	 -2.470417
-2.350000	 2.500000	 -0.171281	 -2.520833
-2.350000	 2.550000	 -0.121833	 -2.571250
-2.350000	 2.600000	 -0.071406	 -2.621667
-2.350000	 2.650000	 -0.020000	 -2.672083
-2.350000	 2.700000	 0.032385	 -2.722500
-2.350000	 2.750000	 0.085750	 -2.772917
-2.350000	 2.800000	 0.140094	 -2.823333
-2.350000	 2.850000	 0.195417	 -2.873750
-2.350000	 2.900000	 0.251719	 -2.924167
-2.350000	 2.950000	 0.309000	 -2.974583
-2.350000	 3.000000	 0.367260	 -3.025000
-2.300000	 -3.000000	 0.339417	 2.950000
-2.300000	 -2.950000	 0.282396	 2.900833
-2.300000	 -2.900000	 0.226333	 2.851667
-2.300000	 -2.850000	 0.171229	 2.802500
-2.300000	 -2.800000	 0.117083	 2.753333
-2.300000	 -2.750000	 0.063896	 2.704167
-2.300000	 -2.700000	 0.011667	 2.655000
-2.300000	 -2.650000	 -0.039604	 2.605833
-2.300000	 -2.600000	 -0.089917	 2.556667
-2.300000	 -2.550000	 -0.139271	 2.507500
-2.300000	 -2.500000	 -0.187667	 2.458333
-2.300000	 -2.450000	 -0.235104	 2.409167
-2.300000	 -2.400000	 -0.281583	 2.360000
-2.300000	 -2.350000	 -0.327104	 2.310833
-2.300000	 -2.300000	 -1.314149	 -2.798333
-2.300000	 -2.250000	 -1.180102	 -2.661648
-2.300000	 -2.200000	 -1.052628	 -2.526518
-2.300000	 -2.150000	 -0.931486	 -2.392827
-2.300000	 -2.100000	 -0.816439	 -2.260452
-2.300000	 -2.050000	 -0.707257	 -2.129264
-2.300000	 -2.000000	 -0.603715	 -1.999127
-2.300000	 -1.950000	 -0.505591	 -1.869895
-2.300000	 -1.900000	 -0.412671	 -1.741415
-2.300000	 -1.850000	 -0.324746	 -1.613521
-2.300000	 -1.800000	 -0.241613	 -1.486035
-2.300000	 -1.750000	 -0.163073	 -1.358765
-2.300000	 -1.700000	 -0.088932	 -1.231505
-2.300000	 -1.650000	 -0.019004	 -1.104026
-2.300000	 -1.600000	 0.046894	 -0.976082
-2.300000	 -1.550000	 0.194063	 -1.602339
-2.300000	 -1.500000	 0.229514	 -1.609671
-2.300000	 -1.450000	 0.266955	 -1.607682
-2.300000	 -1.400000	 0.305680	 -1.597689
-2.300000	 -1.350000	 0.345130	 -1.580747
-2.300000	 -1.300000	 0.384862	 -1.557713
-2.300000	 -1.250000	 0.424515	 -1.529293
-2.300000	 -1.200000	 0.463794	 -1.496078
-2.300000	 -1.150000	 0.502458	 -1.458566
-2.300000	 -1.100000	 0.540303	 -1.417185
-2.300000	 -1.050000	 0.577162	 -1.372304
-2.300000	 -1.000000	 0.612893	 -1.324246
-2.300000	 -0.950000	 0.647373	 -1.273298
-2.300000	 -0.900000	 0.680501	 -1.219714
-2.300000	 -0.850000	 0.712187	 -1.163724
-2.300000	 -0.800000	 0.642506	 -1.039439
-2.300000	 -0.750000	 0.816379	 -0.329596
-2.300000	 -0.700000	 0.807524	 -0.323775
-2.300000	 -0.650000	 0.800105	 -0.314437
-2.300000	 -0.600000	 0.793932	 -0.301901
-2.300000	 -0.550000	 0.788832	 -0.286469
-2.300000	 -0.500000	 0.784651	 -0.268425
-2.300000	 -0.450000	 0.781255	 -0.248044
-2.300000	 -0.400000	 0.778523	 -0.225585
-2.300000	 -0.350000	 0.776349	 -0.201302
-2.300000	 -0.300000	 0.774644	 -0.175436
-2.300000	 -0.250000	 0.773329	 -0.148227
-2.300000	 -0.200000	 0.772340	 -0.119906
-2.300000	 -0.150000	 0.771625	 -0.090699
-2.300000	 -0.100000	 0.771143	 -0.060832
-2.300000	 -0.050000	 0.770864	 -0.030526
-2.300000	 -0.000000	 0.770774	 -0.000000
-2.300000	 0.050000	 0.770864	 0.030526
-2.300000	 0.100000	 0.771143	 0.060832
-2.300000	 0.150000	 0.771625	 0.090699
-2.300000	 0.200000	 0.772340	 0.119906
-2.300000	 0.250000	 0.773329	 0.148227
-2.300000	 0.300000	 0.774644	 0.175436
-2.300000	 0.350000	 0.776349	 0.201302
-2.300000	 0.400000	 0.778523	 0.225585
-2.300000	 0.450000	 0.781255	 0.248044
-2.300000	 0.500000	 0.784651	 0.268425
-2.300000	 0.550000	 0.788832	 0.286469
-2.300000	 0.600000	 0.793932	 0.301901
-2.300000	 0.650000	 0.800105	 0.314437
-2.300000	 0.700000	 0.807524	 0.323775
-2.300000	 0.750000	 0.816379	 0.329596
-2.300000	 0.800000	 0.642506	 1.039439
-2.300000	 0.850000	 0.712187	 1.163724
-2.300000	 0.900000	 0.680501	 1.219714
-2.300000	 0.950000	 0.647373	 1.273298
-2.300000	 1.000000	 0.612893	 1.324246
-2.300000	 1.050000	 0.577162	 1.372304
-2.300000	 1.100000	 0.540303	 1.417185
-2.300000	 1.150000	 0.502458	 1.458566
-2.300000	 1.200000	 0.463794	 1.496078
-2.300000	 1.250000	 0.424515	 1.529293
-2.300000	 1.300000	 0.384862	 1.557713
-2.300000	 1.350000	 0.345130	 1.580747
-2.300000	 1.400000	 0.305680	 1.597689
-2.300000	 1.450000	 0.266955	 1.607682
-2.300000	 1.500000	 0.229514	 1.609671
-2.300000	 1.550000	 0.194063	 1.602339
-2.300000	 1.600000	 0.046894	 0.976082
-2.300000	 1.650000	 -0.019004	 1.104026
-2.300000	 1.700000	 -0.088932	 1.231505
-2.300000	 1.750000	 -0.163073	 1.358765
-2.300000	 1.800000	 -0.241613	 1.486035
-2.300000	 1.850000	 -0.324746	 1.613521
-2.300000	 1.900000	 -0.412671	 1.741415
-2.300000	 1.950000	 -0.505591	 1.869895
-2.300000	 2.000000	 -0.603715	 1.999127
-2.300000	 2.050000	 -0.707257	 2.129264
-2.300000	 2.100000	 -0.816439	 2.260452
-2.300000	 2.150000	 -0.931486	 2.392827
-2.300000	 2.200000	 -1.052628	 2.526518
-2.300000	 2.250000	 -1.180102	 2.661648
-2.300000	 2.300000	 -1.314149	 2.798333
-2.300000	 2.350000	 -0.327104	 -2.310833
-2.300000	 2.400000	 -0.281583	 -2.360000
-2.300000	 2.450000	 -0.235104	 -2.409167
-2.300000	 2.500000	 -0.187667	 -2.458333
-2.300000	 2.550000	 -0.139271	 -2.507500
-2.300000	 2.600000	 -0.089917	 -2.556667
-2.300000	 2.650000	 -0.039604	 -2.605833
-2.300000	 2.700000	 0.011667	 -2.655000
-2.300000	 2.750000	 0.063896	 -2.704167
-2.300000	 2.800000	 0.117083	 -2.753333
-2.300000	 2.850000	 0.171229	 -2.802500
-2.300000	 2.900000	 0.226333	 -2.851667
-2.300000	 2.950000	 0.282396	 -2.900833
-2.300000	 3.000000	 0.339417	 -2.950000
-2.250000	 -3.000000	 0.311198	 2.875000
-2.250000	 -2.950000	 0.255417	 2.827083
-2.250000	 -2.900000	 0.200573	 2.779167
-2.250000	 -2.850000	 0.146667	 2.731250
-2.250000	 -2.800000	 0.093698	 2.683333
-2.250000	 -2.750000	 0.041667	 2.635417
-2.250000	 -2.700000	 -0.009427	 2.587500
-2.250000	 -2.650000	 -0.059583	 2.539583
-2.250000	 -2.600000	 -0.108802	 2.491667
-2.250000	 -2.550000	 -0.157083	 2.443750
-2.250000	 -2.500000	 -0.204427	 2.395833
-2.250000	 -2.450000	 -0.250833	 2.347917
-2.250000	 -2.400000	 -0.296302	 2.300000
-2.250000	 -2.350000	 -0.340833	 2.252083
-2.250000	 -2.300000	 -0.384427	 2.204167
-2.250000	 -2.250000	 -1.259902	 -2.718750
-2.250000	 -2.200000	 -1.129369	 -2.584148
-2.250000	 -2.150000	 -1.005313	 -2.451098
-2.250000	 -2.100000	 -0.887494	 -2.319482
-2.250000	 -2.050000	 -0.775674	 -2.189174
-2.250000	 -2.000000	 -0.669624	 -2.060041
-2.250000	 -1.950000	 -0.569119	 -1.931942
-2.250000	 -1.900000	 -0.473938	 -1.804730
-2.250000	 -1.850000	 -0.383869	 -1.678243
-2.250000	 -1.800000	 -0.298702	 -1.552312
-2.250000	 -1.750000	 -0.218236	 -1.426753
-2.250000	 -1.700000	 -0.142272	 -1.301365
-2.250000	 -1.650000	 -0.070619	 -1.175932
-2.250000	 -1.600000	 -0.003091	 -1.050217
-2.250000	 -1.550000	 0.060492	 -0.923961
-2.250000	 -1.500000	 0.201270	 -1.496875
-2.250000	 -1.450000	 0.234672	 -1.503338
-2.250000	 -1.400000	 0.269942	 -1.500710
-2.250000	 -1.350000	 0.306400	 -1.490281
-2.250000	 -1.300000	 0.343511	 -1.473086
-2.250000	 -1.250000	 0.380847	 -1.449963
-2.250000	 -1.200000	 0.418061	 -1.421606
-2.250000	 -1.150000	 0.454872	 -1.388593
-2.250000	 -1.100000	 0.491046	 -1.351415
-2.250000	 -1.050000	 0.526389	 -1.310491
-2.250000	 -1.000000	 0.560740	 -1.266186
-2.250000	 -0.950000	 0.593961	 -1.218817
-2.250000	 -0.900000	 0.625937	 -1.168665
-2.250000	 -0.850000	 0.656570	 -1.115982
-2.250000	 -0.800000	 0.685774	 -1.060994
-2.250000	 -0.750000	 0.772845	 -0.260079
-2.250000	 -0.700000	 0.762243	 -0.259446
-2.250000	 -0.650000	 0.753249	 -0.255156
-2.250000	 -0.600000	 0.745657	 -0.247548
-2.250000	 -0.550000	 0.739283	 -0.236941
-2.250000	 -0.500000	 0.733965	 -0.223636
-2.250000	 -0.450000	 0.729560	 -0.207917
-2.250000	 -0.400000	 0.725941	 -0.190059
-2.250000	 -0.350000	 0.722997	 -0.170322
-2.250000	 -0.300000	 0.720632	 -0.148959
-2.250000	 -0.250000	 0.718765	 -0.126215
-2.250000	 -0.200000	 0.717328	 -0.102330
-2.250000	 -0.150000	 0.716267	 -0.077537
-2.250000	 -0.100000	 0.715539	 -0.052066
-2.250000	 -0.050000	 0.715114	 -0.026145
-2.250000	 -0.000000	 0.714974	 -0.000000
-2.250000	 0.050000	 0.715114	 0.026145
-2.250000	 0.100000	 0.715539	 0.052066
-2.250000	 0.150000	 0.716267	 0.077537
-2.250000	 0.200000	 0.717328	 0.102330
-2.250000	 0.250000	 0.718765	 0.126215
-2.250000	 0.300000	 0.720632	 0.148959
-2.250000	 0.350000	 0.722997	 0.170322
-2.250000	 0.400000	 0.725941	 0.190059
-2.250000	 0.450000	 0.729560	 0.207917
-2.250000	 0.500000	 0.733965	 0.223636
-2.250000	 0.550000	 0.739283	 0.236941
-2.250000	 0.600000	 0.745657	 0.247548
-2.250000	 0.650000	 0.753249	 0.255156
-2.250000	 0.700000	 0.762243	 0.259446
-2.250000	 0.750000	 0.772845	 0.260079
-2.250000	 0.800000	 0.685774	 1.060994
-2.250000	 0.850000	 0.656570	 1.115982
-2.250000	 0.900000	 0.625937	 1.168665
-2.250000	 0.950000	 0.593961	 1.218817
-2.250000	 1.000000	 0.560740	 1.266186
-2.250000	 1.050000	 0.526389	 1.310491
-2.250000	 1.100000	 0.491046	 1.351415
-2.250000	 1.150000	 0.454872	 1.388593
-2.250000	 1.200000	 0.418061	 1.421606
-2.250000	 1.250000	 0.380847	 1.449963
-2.250000	 1.300000	 0.343511	 1.473086
-2.250000	 1.350000	 0.306400	 1.490281
-2.250000	 1.400000	 0.269942	 1.500710
-2.250000	 1.450000	 0.234672	 1.503338
-2.250000	 1.500000	 0.201270	 1.496875
-2.250000	 1.550000	 0.060492	 0.923961
-2.250000	 1.600000	 -0.003091	 1.050217
-2.250000	 1.650000	 -0.070619	 1.175932
-2.250000	 1.700000	 -0.142272	 1.301365
-2.250000	 1.750000	 -0.218236	 1.426753
-2.250000	 1.800000	 -0.298702	 1.552312
-2.250000	 1.850000	 -0.383869	 1.678243
-2.250000	 1.900000	 -0.473938	 1.804730
-2.250000	 1.950000	 -0.569119	 1.931942
-2.250000	 2.000000	 -0.669624	 2.060041
-2.250000	 2.050000	 -0.775674	 2.189174
-2.250000	 2.100000	 -0.887494	 2.319482
-2.250000	 2.150000	 -1.005313	 2.451098
-2.250000	 2.200000	 -1.129369	 2.584148
-2.250000	 2.250000	 -1.259902	 2.718750
-2.250000	 2.300000	 -0.384427	 -2.204167
-2.250000	 2.350000	 -0.340833	 -2.252083
-2.250000	 2.400000	 -0.296302	 -2.300000
-2.250000	 2.450000	 -0.250833	 -2.347917
-2.250000	 2.500000	 -0.204427	 -2.395833
-2.250000	 2.550000	 -0.157083	 -2.443750
-2.250000	 2.600000	 -0.108802	 -2.491667
-2.250000	 2.650000	 -0.059583	 -2.539583
-2.250000	 2.700000	 -0.009427	 -2.587500
-2.250000	 2.750000	 0.041667	 -2.635417
-2.250000	 2.800000	 0.093698	 -2.683333
-2.250000	 2.850000	 0.146667	 -2.731250
-2.250000	 2.900000	 0.200573	 -2.779167
-2.250000	 2.950000	 0.255417	 -2.827083
-2.250000	 3.000000	 0.311198	 -2.875000
-2.200000	 -3.000000	 0.556144	 1.613692
-2.200000	 -2.950000	 0.228125	 2.753333
-2.200000	 -2.900000	 0.174500	 2.706667
-2.200000	 -2.850000	 0.121792	 2.660000
-2.200000	 -2.800000	 0.070000	 2.613333
-2.200000	 -2.750000	 0.019125	 2.566667
-2.200000	 -2.700000	 -0.030833	 2.520000
-2.200000	 -2.650000	 -0.079875	 2.473333
-2.200000	 -2.600000	 -0.128000	 2.426667
-2.200000	 -2.550000	 -0.175208	 2.380000
-2.200000	 -2.500000	 -0.221500	 2.333333
-2.200000	 -2.450000	 -0.266875	 2.286667
-2.200000	 -2.400000	 -0.311333	 2.240000
-2.200000	 -2.350000	 -0.354875	 2.193333
-2.200000	 -2.300000	 -0.397500	 2.146667
-2.200000	 -2.250000	 -0.439208	 2.100000
-2.200000	 -2.200000	 -1.206391	 -2.640000
-2.200000	 -2.150000	 -1.079331	 -2.507481
-2.200000	 -2.100000	 -0.958653	 -2.376512
-2.200000	 -2.050000	 -0.844115	 -2.246970
-2.200000	 -2.000000	 -0.735482	 -2.118727
-2.200000	 -1.950000	 -0.632524	 -1.991647
-2.200000	 -1.900000	 -0.535016	 -1.865586
-2.200000	 -1.850000	 -0.442740	 -1.740389
-2.200000	 -1.800000	 -0.355482	 -1.615892
-2.200000	 -1.750000	 -0.273035	 -1.491918
-2.200000	 -1.700000	 -0.195198	 -1.368275
-2.200000	 -1.650000	 -0.121774	 -1.244757
-2.200000	 -1.600000	 -0.052573	 -1.121136
-2.200000	 -1.550000	 0.012590	 -0.997166
-2.200000	 -1.500000	 0.073893	 -0.872571
-2.200000	 -1.450000	 0.207927	 -1.395417
-2.200000	 -1.400000	 0.239399	 -1.401037
-2.200000	 -1.350000	 0.272614	 -1.397796
-2.200000	 -1.300000	 0.306922	 -1.386959
-2.200000	 -1.250000	 0.341808	 -1.369537
-2.200000	 -1.200000	 0.376862	 -1.346353
-2.200000	 -1.150000	 0.411751	 -1.318087
-2.200000	 -1.100000	 0.446204	 -1.285306
-2.200000	 -1.050000	 0.479999	 -1.248491
-2.200000	 -1.000000	 0.512948	 -1.208056
-2.200000	 -0.950000	 0.544898	 -1.164356
-2.200000	 -0.900000	 0.575717	 -1.117707
-2.200000	 -0.850000	 0.605294	 -1.068384
-2.200000	 -0.800000	 0.748937	 -0.181189
-2.200000	 -0.750000	 0.734449	 -0.190076
-2.200000	 -0.700000	 0.722001	 -0.194749
-2.200000	 -0.650000	 0.711345	 -0.195601
-2.200000	 -0.600000	 0.702260	 -0.192997
-2.200000	 -0.550000	 0.694550	 -0.187276
-2.200000	 -0.500000	 0.688041	 -0.178756
-2.200000	 -0.450000	 0.682581	 -0.167737
-2.200000	 -0.400000	 0.678035	 -0.154505
-2.200000	 -0.350000	 0.674287	 -0.139333
-2.200000	 -0.300000	 0.671235	 -0.122485
-2.200000	 -0.250000	 0.668793	 -0.104214
-2.200000	 -0.200000	 0.666891	 -0.084768
-2.200000	 -0.150000	 0.665471	 -0.064387
-2.200000	 -0.100000	 0.664487	 -0.043310
-2.200000	 -0.050000	 0.663910	 -0.021771
-2.200000	 -0.000000	 0.663720	 -0.000000
-2.200000	 0.050000	 0.663910	 0.021771
-2.200000	 0.100000	 0.664487	 0.043310
-2.200000	 0.150000	 0.665471	 0.064387
-2.200000	 0.200000	 0.666891	 0.084768
-2.200000	 0.250000	 0.668793	 0.104214
-2.200000	 0.300000	 0.671235	 0.122485
-2.200000	 0.350000	 0.674287	 0.139333
-2.200000	 0.400000	 0.678035	 0.154505
-2.200000	 0.450000	 0.682581	 0.167737
-2.200000	 0.500000	 0.688041	 0.178756
-2.200000	 0.550000	 0.694550	 0.187276
-2.200000	 0.600000	 0.702260	 0.192997
-2.200000	 0.650000	 0.711345	 0.195601
-2.200000	 0.700000	 0.722001	 0.194749
-2.200000	 0.750000	 0.734449	 0.190076
-2.200000	 0.800000	 0.748937	 0.181189
-2.200000	 0.850000	 0.605294	 1.068384
-2.200000	 0.900000	 0.575717	 1.117707
-2.200000	 0.950000	 0.544898	 1.164356
-2.200000	 1.000000	 0.512948	 1.208056
-2.200000	 1.050000	 0.479999	 1.248491
-2.200000	 1.100000	 0.446204	 1.285306
-2.200000	 1.150000	 0.411751	 1.318087
-2.200000	 1.200000	 0.376862	 1.346353
-2.200000	 1.250000	 0.341808	 1.369537
-2.200000	 1.300000	 0.306922	 1.386959
-2.200000	 1.350000	 0.272614	 1.397796
-2.200000	 1.400000	 0.239399	 1.401037
-2.200000	 1.450000	 0.207927	 1.395417
-2.200000	 1.500000	 0.073893	 0.872571
-2.200000	 1.550000	 0.012590	 0.997166
-2.200000	 1.600000	 -0.052573	 1.121136
-2.200000	 1.650000	 -0.121774	 1.244757
-2.200000	 1.700000	 -0.195198	 1.368275
-2.200000	 1.750000	 -0.273035	 1.491918
-2.200000	 1.800000	 -0.355482	 1.615892
-2.200000	 1.850000	 -0.442740	 1.740389
-2.200000	 1.900000	 -0.535016	 1.865586
-2.200000	 1.950000	 -0.632524	 1.991647
-2.200000	 2.000000	 -0.735482	 2.118727
-2.200000	 2.050000	 -0.844115	 2.246970
-2.200000	 2.100000	 -0.958653	 2.376512
-2.200000	 2.150000	 -1.079331	 2.507481
-2.200000	 2.200000	 -1.206391	 2.640000
-2.200000	 2.250000	 -0.439208	 -2.100000
-2.200000	 2.300000	 -0.397500	 -2.146667
-2.200000	 2.350000	 -0.354875	 -2.193333
-2.200000	 2.400000	 -0.311333	 -2.240000
-2.200000	 2.450000	 -0.266875	 -2.286667
-2.200000	 2.500000	 -0.221500	 -2.333333
-2.200000	 2.550000	 -0.175208	 -2.380000
-2.200000	 2.600000	 -0.128000	 -2.426667
-2.200000	 2.650000	 -0.079875	 -2.473333
-2.200000	 2.700000	 -0.030833	 -2.520000
-2.200000	 2.750000	 0.019125	 -2.566667
-2.200000	 2.800000	 0.070000	 -2.613333
-2.200000	 2.850000	 0.121792	 -2.660000
-2.200000	 2.900000	 0.174500	 -2.706667
-2.200000	 2.950000	 0.228125	 -2.753333
-2.200000	 3.000000	 0.556144	 -1.613692
-2.150000	 -3.000000	 0.517859	 1.455843
-2.150000	 -2.950000	 0.496012	 1.580631
-2.150000	 -2.900000	 0.148177	 2.634167
-2.150000	 -2.850000	 0.096667	 2.588750
-2.150000	 -2.800000	 0.046052	 2.543333
-2.150000	 -2.750000	 -0.003667	 2.497917
-2.150000	 -2.700000	 -0.052490	 2.452500
-2.150000	 -2.650000	 -0.100417	 2.407083
-2.150000	 -2.600000	 -0.147448	 2.361667
-2.150000	 -2.550000	 -0.193583	 2.316250
-2.150000	 -2.500000	 -0.238823	 2.270833
-2.150000	 -2.450000	 -0.283167	 2.225417
-2.150000	 -2.400000	 -0.326615	 2.180000
-2.150000	 -2.350000	 -0.369167	 2.134583
-2.150000	 -2.300000	 -0.410823	 2.089167
-2.150000	 -2.250000	 -0.451583	 2.043750
-2.150000	 -2.200000	 -0.491448	 1.998333
-2.150000	 -2.150000	 -1.153628	 -2.562083
-2.150000	 -2.100000	 -1.029999	 -2.431647
-2.150000	 -2.050000	 -0.912657	 -2.302758
-2.150000	 -2.000000	 -0.801361	 -2.175290
-2.150000	 -1.950000	 -0.695874	 -2.049113
-2.150000	 -1.900000	 -0.595968	 -1.924085
-2.150000	 -1.850000	 -0.501419	 -1.800058
-2.150000	 -1.800000	 -0.412008	 -1.676873
-2.150000	 -1.750000	 -0.327524	 -1.554360
-2.150000	 -1.700000	 -0.247759	 -1.432336
-2.150000	 -1.650000	 -0.172514	 -1.310600
-2.150000	 -1.600000	 -0.101593	 -1.188939
-2.150000	 -1.550000	 -0.034809	 -1.067113
-2.150000	 -1.500000	 0.028024	 -0.944864
-2.150000	 -1.450000	 0.087081	 -0.821902
-2.150000	 -1.400000	 0.214048	 -1.297906
-2.150000	 -1.350000	 0.243704	 -1.302710
-2.150000	 -1.300000	 0.274980	 -1.298884
-2.150000	 -1.250000	 0.307250	 -1.287665
-2.150000	 -1.200000	 0.340023	 -1.270044
-2.150000	 -1.150000	 0.372904	 -1.246828
-2.150000	 -1.100000	 0.405576	 -1.218681
-2.150000	 -1.050000	 0.437779	 -1.186162
-2.150000	 -1.000000	 0.469300	 -1.149741
-2.150000	 -0.950000	 0.499961	 -1.109825
-2.150000	 -0.900000	 0.529614	 -1.066764
-2.150000	 -0.850000	 0.553019	 -0.770601
-2.150000	 -0.800000	 0.560302	 -0.725271
-2.150000	 -0.750000	 0.701062	 -0.119359
-2.150000	 -0.700000	 0.686653	 -0.129484
-2.150000	 -0.650000	 0.674236	 -0.135599
-2.150000	 -0.600000	 0.663575	 -0.138098
-2.150000	 -0.550000	 0.654456	 -0.137342
-2.150000	 -0.500000	 0.646695	 -0.133671
-2.150000	 -0.450000	 0.640127	 -0.127403
-2.150000	 -0.400000	 0.634611	 -0.118839
-2.150000	 -0.350000	 0.630021	 -0.108264
-2.150000	 -0.300000	 0.626251	 -0.095955
-2.150000	 -0.250000	 0.623210	 -0.082174
-2.150000	 -0.200000	 0.620822	 -0.067180
-2.150000	 -0.150000	 0.619027	 -0.051222
-2.150000	 -0.100000	 0.617777	 -0.034546
-2.150000	 -0.050000	 0.617041	 -0.017392
-2.150000	 -0.000000	 0.616798	 -0.000000
-2.150000	 0.050000	 0.617041	 0.017392
-2.150000	 0.100000	 0.617777	 0.034546
-2.150000	 0.150000	 0.619027	 0.051222
-2.150000	 0.200000	 0.620822	 0.067180
-2.150000	 0.250000	 0.623210	 0.082174
-2.150000	 0.300000	 0.626251	 0.095955
-2.150000	 0.350000	 0.630021	 0.108264
-2.150000	 0.400000	 0.634611	 0.118839
-2.150000	 0.450000	 0.640127	 0.127403
-2.150000	 0.500000	 0.646695	 0.133671
-2.150000	 0.550000	 0.654456	 0.137342
-2.150000	 0.600000	 0.663575	 0.138098
-2.150000	 0.650000	 0.674236	 0.135599
-2.150000	 0.700000	 0.686653	 0.129484
-2.150000	 0.750000	 0.701062	 0.119359
-2.150000	 0.800000	 0.560302	 0.725271
-2.150000	 0.850000	 0.553019	 0.770601
-2.150000	 0.900000	 0.529614	 1.066764
-2.150000	 0.950000	 0.499961	 1.109825
-2.150000	 1.000000	 0.469300	 1.149741
-2.150000	 1.050000	 0.437779	 1.186162
-2.150000	 1.100000	 0.405576	 1.218681
-2.150000	 1.150000	 0.372904	 1.246828
-2.150000	 1.200000	 0.340023	 1.270044
-2.150000	 1.250000	 0.307250	 1.287665
-2.150000	 1.300000	 0.274980	 1.298884
-2.150000	 1.350000	 0.243704	 1.302710
-2.150000	 1.400000	 0.214048	 1.297906
-2.150000	 1.450000	 0.087081	 0.821902
-2.150000	 1.500000	 0.028024	 0.944864
-2.150000	 1.550000	 -0.034809	 1.067113
-2.150000	 1.600000	 -0.101593	 1.188939
-2.150000	 1.650000	 -0.172514	 1.310600
-2.150000	 1.700000	 -0.247759	 1.432336
-2.150000	 1.750000	 -0.327524	 1.554360
-2.150000	 1.800000	 -0.412008	 1.676873
-2.150000	 1.850000	 -0.501419	 1.800058
-2.150000	 1.900000	 -0.595968	 1.924085
-2.150000	 1.950000	 -0.695874	 2.049113
-2.150000	 2.000000	 -0.801361	 2.175290
-2.150000	 2.050000	 -0.912657	 2.302758
-2.150000	 2.100000	 -1.029999	 2.431647
-2.150000	 2.150000	 -1.153628	 2.562083
-2.150000	 2.200000	 -0.491448	 -1.998333
-2.150000	 2.250000	 -0.451583	 -2.043750
-2.150000	 2.300000	 -0.410823	 -2.089167
-2.150000	 2.350000	 -0.369167	 -2.134583
-2.150000	 2.400000	 -0.326615	 -2.180000
-2.150000	 2.450000	 -0.283167	 -2.225417
-2.150000	 2.500000	 -0.238823	 -2.270833
-2.150000	 2.550000	 -0.193583	 -2.316250
-2.150000	 2.600000	 -0.147448	 -2.361667
-2.150000	 2.650000	 -0.100417	 -2.407083
-2.150000	 2.700000	 -0.052490	 -2.452500
-2.150000	 2.750000	 -0.003667	 -2.497917
-2.150000	 2.800000	 0.046052	 -2.543333
-2.150000	 2.850000	 0.096667	 -2.588750
-2.150000	 2.900000	 0.148177	 -2.634167
-2.150000	 2.950000	 0.496012	 -1.580631
-2.150000	 3.000000	 0.517859	 -1.455843
-2.100000	 -3.000000	 0.485266	 1.310158
-2.100000	 -2.950000	 0.459060	 1.427475
-2.100000	 -2.900000	 0.121667	 2.561667
-2.100000	 -2.850000	 0.071354	 2.517500
-2.100000	 -2.800000	 0.021917	 2.473333
-2.100000	 -2.750000	 -0.026646	 2.429167
-2.100000	 -2.700000	 -0.074333	 2.385000
-2.100000	 -2.650000	 -0.121146	 2.340833
-2.100000	 -2.600000	 -0.167083	 2.296667
-2.100000	 -2.550000	 -0.212146	 2.252500
-2.100000	 -2.500000	 -0.256333	 2.208333
-2.100000	 -2.450000	 -0.299646	 2.164167
-2.100000	 -2.400000	 -0.342083	 2.120000
-2.100000	 -2.350000	 -0.383646	 2.075833
-2.100000	 -2.300000	 -0.424333	 2.031667
-2.100000	 -2.250000	 -0.464146	 1.987500
-2.100000	 -2.200000	 -0.503083	 1.943333
-2.100000	 -2.150000	 -0.541146	 1.899167
-2.100000	 -2.100000	 -1.101629	 -2.485000
-2.100000	 -2.050000	 -0.981390	 -2.356647
-2.100000	 -2.000000	 -0.867343	 -2.229837
-2.100000	 -1.950000	 -0.759247	 -2.104444
-2.100000	 -1.900000	 -0.656867	 -1.980330
-2.100000	 -1.850000	 -0.559973	 -1.857352
-2.100000	 -1.800000	 -0.468343	 -1.735357
-2.100000	 -1.750000	 -0.381759	 -1.614181
-2.100000	 -1.700000	 -0.300010	 -1.493646
-2.100000	 -1.650000	 -0.222890	 -1.373563
-2.100000	 -1.600000	 -0.150200	 -1.253725
-2.100000	 -1.550000	 -0.081747	 -1.133906
-2.100000	 -1.500000	 -0.017343	 -1.013857
-2.100000	 -1.450000	 0.043193	 -0.893305
-2.100000	 -1.400000	 0.100038	 -0.771944
-2.100000	 -1.350000	 0.219644	 -1.204284
-2.100000	 -1.300000	 0.247598	 -1.208299
-2.100000	 -1.250000	 0.277044	 -1.203915
-2.100000	 -1.200000	 0.307385	 -1.192343
-2.100000	 -1.150000	 0.338151	 -1.174553
-2.100000	 -1.100000	 0.368966	 -1.151333
-2.100000	 -1.050000	 0.399526	 -1.123337
-2.100000	 -1.000000	 0.429583	 -1.091109
-2.100000	 -0.950000	 0.458933	 -1.055115
-2.100000	 -0.900000	 0.503610	 -0.794286
-2.100000	 -0.850000	 0.511215	 -0.750159
-2.100000	 -0.800000	 0.518384	 -0.706032
-2.100000	 -0.750000	 0.525119	 -0.661905
-2.100000	 -0.700000	 0.531420	 -0.617778
-2.100000	 -0.650000	 0.537286	 -0.573651
-2.100000	 -0.600000	 0.629445	 -0.082679
-2.100000	 -0.550000	 0.618836	 -0.086992
-2.100000	 -0.500000	 0.609753	 -0.088255
-2.100000	 -0.450000	 0.602019	 -0.086806
-2.100000	 -0.400000	 0.595481	 -0.082966
-2.100000	 -0.350000	 0.590008	 -0.077035
-2.100000	 -0.300000	 0.585484	 -0.069301
-2.100000	 -0.250000	 0.581815	 -0.060042
-2.100000	 -0.200000	 0.578918	 -0.049525
-2.100000	 -0.150000	 0.576731	 -0.038010
-2.100000	 -0.100000	 0.575204	 -0.025751
-2.100000	 -0.050000	 0.574302	 -0.012999
-2.100000	 -0.000000	 0.574003	 -0.000000
-2.100000	 0.050000	 0.574302	 0.012999
-2.100000	 0.100000	 0.575204	 0.025751
-2.100000	 0.150000	 0.576731	 0.038010
-2.100000	 0.200000	 0.578918	 0.049525
-2.100000	 0.250000	 0.581815	 0.060042
-2.100000	 0.300000	 0.585484	 0.069301
-2.100000	 0.350000	 0.590008	 0.077035
-2.100000	 0.400000	 0.595481	 0.082966
-2.100000	 0.450000	 0.602019	 0.086806
-2.100000	 0.500000	 0.609753	 0.088255
-2.100000	 0.550000	 0.618836	 0.086992
-2.100000	 0.600000	 0.629445	 0.082679
-2.100000	 0.650000	 0.537286	 0.573651
-2.100000	 0.700000	 0.531420	 0.617778
-2.100000	 0.750000	 0.525119	 0.661905
-2.100000	 0.800000	 0.518384	 0.706032
-2.100000	 0.850000	 0.511215	 0.750159
-2.100000	 0.900000	 0.503610	 0.794286
-2.100000	 0.950000	 0.458933	 1.055115
-2.100000	 1.000000	 0.429583	 1.091109
-2.100000	 1.050000	 0.399526	 1.123337
-2.100000	 1.100000	 0.368966	 1.151333
-2.100000	 1.150000	 0.338151	 1.174553
-2.100000	 1.200000	 0.307385	 1.192343
-2.100000	 1.250000	 0.277044	 1.203915
-2.100000	 1.300000	 0.247598	 1.208299
-2.100000	 1.350000	 0.219644	 1.204284
-2.100000	 1.400000	 0.100038	 0.771944
-2.100000	 1.450000	 0.043193	 0.893305
-2.100000	 1.500000	 -0.017343	 1.013857
-2.100000	 1.550000	 -0.081747	 1.133906
-2.100000	 1.600000	 -0.150200	 1.253725
-2.100000	 1.650000	 -0.222890	 1.373563
-2.100000	 1.700000	 -0.300010	 1.493646
-2.100000	 1.750000	 -0.381759	 1.614181
-2.100000	 1.800000	 -0.468343	 1.735357
-2.100000	 1.850000	 -0.559973	 1.857352
-2.100000	 1.900000	 -0.656867	 1.980330
-2.100000	 1.950000	 -0.759247	 2.104444
-2.100000	 2.000000	 -0.867343	 2.229837
-2.100000	 2.050000	 -0.981390	 2.356647
-2.100000	 2.100000	 -1.101629	 2.485000
-2.100000	 2.150000	 -0.541146	 -1.899167
-2.100000	 2.200000	 -0.503083	 -1.943333
-2.100000	 2.250000	 -0.464146	 -1.987500
-2.100000	 2.300000	 -0.424333	 -2.031667
-2.100000	 2.350000	 -0.383646	 -2.075833
-2.100000	 2.400000	 -0.342083	 -2.120000
-2.100000	 2.450000	 -0.299646	 -2.164167
-2.100000	 2.500000	 -0.256333	 -2.208333
-2.100000	 2.550000	 -0.212146	 -2.252500
-2.100000	 2.600000	 -0.167083	 -2.296667
-2.100000	 2.650000	 -0.121146	 -2.340833
-2.100000	 2.700000	 -0.074333	 -2.385000
-2.100000	 2.750000	 -0.026646	 -2.429167
-2.100000	 2.800000	 0.021917	 -2.473333
-2.100000	 2.850000	 0.071354	 -2.517500
-2.100000	 2.900000	 0.121667	 -2.561667
-2.100000	 2.950000	 0.459060	 -1.427475
-2.100000	 3.000000	 0.485266	 -1.310158
-2.050000	 -3.000000	 0.457364	 1.175252
-2.050000	 -2.950000	 0.427587	 1.286186
-2.050000	 -2.900000	 0.401036	 1.398069
-2.050000	 -2.850000	 0.045917	 2.446250
-2.050000	 -2.800000	 -0.002344	 2.403333
-2.050000	 -2.750000	 -0.049750	 2.360417
-2.050000	 -2.700000	 -0.096302	 2.317500
-2.050000	 -2.650000	 -0.142000	 2.274583
-2.050000	 -2.600000	 -0.186844	 2.231667
-2.050000	 -2.550000	 -0.230833	 2.188750
-2.050000	 -2.500000	 -0.273969	 2.145833
-2.050000	 -2.450000	 -0.316250	 2.102917
-2.050000	 -2.400000	 -0.357677	 2.060000
-2.050000	 -2.350000	 -0.398250	 2.017083
-2.050000	 -2.300000	 -0.437969	 1.974167
-2.050000	 -2.250000	 -0.476833	 1.931250
-2.050000	 -2.200000	 -0.514844	 1.888333
-2.050000	 -2.150000	 -0.552000	 1.845417
-2.050000	 -2.100000	 -0.588302	 1.802500
-2.050000	 -2.050000	 -1.050412	 -2.408750
-2.050000	 -2.000000	 -0.933521	 -2.282479
-2.050000	 -1.950000	 -0.822729	 -2.157750
-2.050000	 -1.900000	 -0.717793	 -2.034430
-2.050000	 -1.850000	 -0.618479	 -1.912379
-2.050000	 -1.800000	 -0.524558	 -1.791450
-2.050000	 -1.750000	 -0.435808	 -1.671483
-2.050000	 -1.700000	 -0.352012	 -1.552311
-2.050000	 -1.650000	 -0.272960	 -1.433749
-2.050000	 -1.600000	 -0.198448	 -1.315599
-2.050000	 -1.550000	 -0.128278	 -1.197647
-2.050000	 -1.500000	 -0.062256	 -1.079654
-2.050000	 -1.450000	 -0.000198	 -0.961361
-2.050000	 -1.400000	 0.058076	 -0.842479
-2.050000	 -1.350000	 0.112741	 -0.722685
-2.050000	 -1.300000	 0.163963	 -0.601615
-2.050000	 -1.250000	 0.251084	 -1.117748
-2.050000	 -1.200000	 0.278807	 -1.112835
-2.050000	 -1.150000	 0.307325	 -1.100939
-2.050000	 -1.100000	 0.336189	 -1.083008
-2.050000	 -1.050000	 0.365040	 -1.059816
-2.050000	 -1.000000	 0.393589	 -1.032000
-2.050000	 -0.950000	 0.458185	 -0.815224
-2.050000	 -0.900000	 0.466072	 -0.772317
-2.050000	 -0.850000	 0.473532	 -0.729411
-2.050000	 -0.800000	 0.480567	 -0.686504
-2.050000	 -0.750000	 0.487174	 -0.643598
-2.050000	 -0.700000	 0.493356	 -0.600691
-2.050000	 -0.650000	 0.499111	 -0.557785
-2.050000	 -0.600000	 0.504440	 -0.514878
-2.050000	 -0.550000	 0.509343	 -0.471972
-2.050000	 -0.500000	 0.513820	 -0.429065
-2.050000	 -0.450000	 0.568083	 -0.045823
-2.050000	 -0.400000	 0.560468	 -0.046781
-2.050000	 -0.350000	 0.554063	 -0.045556
-2.050000	 -0.300000	 0.548747	 -0.042451
-2.050000	 -0.250000	 0.544416	 -0.037757
-2.050000	 -0.200000	 0.540986	 -0.031755
-2.050000	 -0.150000	 0.538387	 -0.024716
-2.050000	 -0.100000	 0.536569	 -0.016904
-2.050000	 -0.050000	 0.535492	 -0.008580
-2.050000	 -0.000000	 0.535136	 -0.000000
-2.050000	 0.050000	 0.535492	 0.008580
-2.050000	 0.100000	 0.536569	 0.016904
-2.050000	 0.150000	 0.538387	 0.024716
-2.050000	 0.200000	 0.540986	 0.031755
-2.050000	 0.250000	 0.544416	 0.037757
-2.050000	 0.300000	 0.548747	 0.042451
-2.050000	 0.350000	 0.554063	 0.045556
-2.050000	 0.400000	 0.560468	 0.046781
-2.050000	 0.450000	 0.568083	 0.045823
-2.050000	 0.500000	 0.513820	 0.429065
-2.050000	 0.550000	 0.509343	 0.471972
-2.050000	 0.600000	 0.504440	 0.514878
-2.050000	 0.650000	 0.499111	 0.557785
-2.050000	 0.700000	 0.493356	 0.600691
-2.050000	 0.750000	 0.487174	 0.643598
-2.050000	 0.800000	 0.480567	 0.686504
-2.050000	 0.850000	 0.473532	 0.729411
-2.050000	 0.900000	 0.466072	 0.772317
-2.050000	 0.950000	 0.458185	 0.815224
-2.050000	 1.000000	 0.393589	 1.032000
-2.050000	 1.050000	 0.365040	 1.059816
-2.050000	 1.100000	 0.336189	 1.083008
-2.050000	 1.150000	 0.307325	 1.100939
-2.050000	 1.200000	 0.278807	 1.112835
-2.050000	 1.250000	 0.251084	 1.117748
-2.050000	 1.300000	 0.163963	 0.601615
-2.050000	 1.350000	 0.112741	 0.722685
-2.050000	 1.400000	 0.058076	 0.842479
-2.050000	 1.450000	 -0.000198	 0.961361
-2.050000	 1.500000	 -0.062256	 1.079654
-2.050000	 1.550000	 -0.128278	 1.197647
-2.050000	 1.600000	 -0.198448	 1.315599
-2.050000	 1.650000	 -0.272960	 1.433749
-2.050000	 1.700000	 -0.352012	 1.552311
-2.050000	 1.750000	 -0.435808	 1.671483
-2.050000	 1.800000	 -0.524558	 1.791450
-2.050000	 1.850000	 -0.618479	 1.912379
-2.050000	 1.900000	 -0.717793	 2.034430
-2.050000	 1.950000	 -0.822729	 2.157750
-2.050000	 2.000000	 -0.933521	 2.282479
-2.050000	 2.050000	 -1.050412	 2.408750
-2.050000	 2.100000	 -0.588302	 -1.802500
-2.050000	 2.150000	 -0.552000	 -1.845417
-2.050000	 2.200000	 -0.514844	 -1.888333
-2.050000	 2.250000	 -0.476833	 -1.931250
-2.050000	 2.300000	 -0.437969	 -1.974167
-2.050000	 2.350000	 -0.398250	 -2.017083
-2.050000	 2.400000	 -0.357677	 -2.060000
-2.050000	 2.450000	 -0.316250	 -2.102917
-2.050000	 2.500000	 -0.273969	 -2.145833
-2.050000	 2.550000	 -0.230833	 -2.188750
-2.050000	 2.600000	 -0.186844	 -2.231667
-2.050000	 2.650000	 -0.142000	 -2.274583
-2.050000	 2.700000	 -0.096302	 -2.317500
-2.050000	 2.750000	 -0.049750	 -2.360417
-2.050000	 2.800000	 -0.002344	 -2.403333
-2.050000	 2.850000	 0.045917	 -2.446250
-2.050000	 2.900000	 0.401036	 -1.398069
-2.050000	 2.950000	 0.427587	 -1.286186
-2.050000	 3.000000	 0.457364	 -1.175252
-2.000000	 -3.000000	 0.433333	 1.050000
-2.000000	 -2.950000	 0.400620	 1.155403
-2.000000	 -2.900000	 0.370676	 1.261045
-2.000000	 -2.850000	 0.343845	 1.367677
-2.000000	 -2.800000	 -0.026667	 2.333333
-2.000000	 -2.750000	 -0.072917	 2.291667
-2.000000	 -2.700000	 -0.118333	 2.250000
-2.000000	 -2.650000	 -0.162917	 2.208333
-2.000000	 -2.600000	 -0.206667	 2.166667
-2.000000	 -2.550000	 -0.249583	 2.125000
-2.000000	 -2.500000	 -0.291667	 2.083333
-2.000000	 -2.450000	 -0.332917	 2.041667
-2.000000	 -2.400000	 -0.373333	 2.000000
-2.000000	 -2.350000	 -0.412917	 1.958333
-2.000000	 -2.300000	 -0.451667	 1.916667
-2.000000	 -2.250000	 -0.489583	 1.875000
-2.000000	 -2.200000	 -0.526667	 1.833333
-2.000000	 -2.150000	 -0.562917	 1.791667
-2.000000	 -2.100000	 -0.598333	 1.750000
-2.000000	 -2.050000	 -0.632917	 1.708333
-2.000000	 -2.000000	 -1.000000	 -2.333333
-2.000000	 -1.950000	 -0.886417	 -2.209146
-2.000000	 -1.900000	 -0.778837	 -2.086496
-2.000000	 -1.850000	 -0.677021	 -1.965248
-2.000000	 -1.800000	 -0.580733	 -1.845259
-2.000000	 -1.750000	 -0.489746	 -1.726376
-2.000000	 -1.700000	 -0.403837	 -1.608436
-2.000000	 -1.650000	 -0.322792	 -1.491263
-2.000000	 -1.600000	 -0.246400	 -1.374667
-2.000000	 -1.550000	 -0.174459	 -1.258441
-2.000000	 -1.500000	 -0.106771	 -1.142361
-2.000000	 -1.450000	 -0.043146	 -1.026179
-2.000000	 -1.400000	 0.016600	 -0.909619
-2.000000	 -1.350000	 0.072646	 -0.792377
-2.000000	 -1.300000	 0.125163	 -0.674109
-2.000000	 -1.250000	 0.174316	 -0.554427
-2.000000	 -1.200000	 0.254167	 -1.031000
-2.000000	 -1.150000	 0.280269	 -1.025587
-2.000000	 -1.100000	 0.307064	 -1.013396
-2.000000	 -1.050000	 0.334125	 -0.995356
-2.000000	 -1.000000	 0.361111	 -0.972222
-2.000000	 -0.950000	 0.424792	 -0.791667
-2.000000	 -0.900000	 0.432500	 -0.750000
-2.000000	 -0.850000	 0.439792	 -0.708333
-2.000000	 -0.800000	 0.446667	 -0.666667
-2.000000	 -0.750000	 0.453125	 -0.625000
-2.000000	 -0.700000	 0.459167	 -0.583333
-2.000000	 -0.650000	 0.464792	 -0.541667
-2.000000	 -0.600000	 0.470000	 -0.500000
-2.000000	 -0.550000	 0.474792	 -0.458333
-2.000000	 -0.500000	 0.479167	 -0.416667
-2.000000	 -0.450000	 0.483125	 -0.375000
-2.000000	 -0.400000	 0.486667	 -0.333333
-2.000000	 -0.350000	 0.489792	 -0.291667
-2.000000	 -0.300000	 0.492500	 -0.250000
-2.000000	 -0.250000	 0.494792	 -0.208333
-2.000000	 -0.200000	 0.496667	 -0.166667
-2.000000	 -0.150000	 0.498125	 -0.125000
-2.000000	 -0.100000	 0.499167	 -0.083333
-2.000000	 -0.050000	 0.499792	 -0.041667
-2.000000	 -0.000000	 0.500000	 -0.000000
-2.000000	 0.050000	 0.499792	 0.041667
-2.000000	 0.100000	 0.499167	 0.083333
-2.000000	 0.150000	 0.498125	 0.125000
-2.000000	 0.200000	 0.496667	 0.166667
-2.000000	 0.250000	 0.494792	 0.208333
-2.000000	 0.300000	 0.492500	 0.250000
-2.000000	 0.350000	 0.489792	 0.291667
-2.000000	 0.400000	 0.486667	 0.333333
-2.000000	 0.450000	 0.483125	 0.375000
-2.000000	 0.500000	 0.479167	 0.416667
-2.000000	 0.550000	 0.474792	 0.458333
-2.000000	 0.600000	 0.470000	 0.500000
-2.000000	 0.650000	 0.464792	 0.541667
-2.000000	 0.700000	 0.459167	 0.583333
-2.000000	 0.750000	 0.453125	 0.625000
-2.000000	 0.800000	 0.446667	 0.666667
-2.000000	 0.850000	 0.439792	 0.708333
-2.000000	 0.900000	 0.432500	 0.750000
-2.000000	 0.950000	 0.424792	 0.791667
-2.000000	 1.000000	 0.361111	 0.972222
-2.000000	 1.050000	 0.334125	 0.995356
-2.000000	 1.100000	 0.307064	 1.013396
-2.000000	 1.150000	 0.280269	 1.025587
-2.000000	 1.200000	 0.254167	 1.031000
-2.000000	 1.250000	 0.174316	 0.554427
-2.000000	 1.300000	 0.125163	 0.674109
-2.000000	 1.350000	 0.072646	 0.792377
-2.000000	 1.400000	 0.016600	 0.909619
-2.000000	 1.450000	 -0.043146	 1.026179
-2.000000	 1.500000	 -0.106771	 1.142361
-2.000000	 1.550000	 -0.174459	 1.258441
-2.000000	 1.600000	 -0.246400	 1.374667
-2.000000	 1.650000	 -0.322792	 1.491263
-2.000000	 1.700000	 -0.403837	 1.608436
-2.000000	 1.750000	 -0.489746	 1.726376
-2.000000	 1.800000	 -0.580733	 1.845259
-2.000000	 1.850000	 -0.677021	 1.965248
-2.000000	 1.900000	 -0.778837	 2.086496
-2.000000	 1.950000	 -0.886417	 2.209146
-2.000000	 2.000000	 -1.000000	 2.333333
-2.000000	 2.050000	 -0.632917	 -1.708333
-2.000000	 2.100000	 -0.598333	 -1.750000
-2.000000	 2.150000	 -0.562917	 -1.791667
-2.000000	 2.200000	 -0.526667	 -1.833333
-2.000000	 2.250000	 -0.489583	 -1.875000
-2.000000	 2.300000	 -0.451667	 -1.916667
-2.000000	 2.350000	 -0.412917	 -1.958333
-2.000000	 2.400000	 -0.373333	 -2.000000
-2.000000	 2.450000	 -0.332917	 -2.041667
-2.000000	 2.500000	 -0.291667	 -2.083333
-2.000000	 2.550000	 -0.249583	 -2.125000
-2.000000	 2.600000	 -0.206667	 -2.166667
-2.000000	 2.650000	 -0.162917	 -2.208333
-2.000000	 2.700000	 -0.118333	 -2.250000
-2.000000	 2.750000	 -0.072917	 -2.291667
-2.000000	 2.800000	 -0.026667	 -2.333333
-2.000000	 2.850000	 0.343845	 -1.367677
-2.000000	 2.900000	 0.370676	 -1.261045
-2.000000	 2.950000	 0.400620	 -1.155403
-2.000000	 3.000000	 0.433333	 -1.050000
-1.950000	 -3.000000	 0.412489	 0.933470
-1.950000	 -2.950000	 0.377364	 1.034018
-1.950000	 -2.900000	 0.344645	 1.134256
-1.950000	 -2.850000	 0.314596	 1.234789
-1.950000	 -2.800000	 0.287545	 1.336350
-1.950000	 -2.750000	 -0.096083	 2.222917
-1.950000	 -2.700000	 -0.140365	 2.182500
-1.950000	 -2.650000	 -0.183833	 2.142083
-1.950000	 -2.600000	 -0.226490	 2.101667
-1.950000	 -2.550000	 -0.268333	 2.061250
-1.950000	 -2.500000	 -0.309365	 2.020833
-1.950000	 -2.450000	 -0.349583	 1.980417
-1.950000	 -2.400000	 -0.388990	 1.940000
-1.950000	 -2.350000	 -0.427583	 1.899583
-1.950000	 -2.300000	 -0.465365	 1.859167
-1.950000	 -2.250000	 -0.502333	 1.818750
-1.950000	 -2.200000	 -0.538490	 1.778333
-1.950000	 -2.150000	 -0.573833	 1.737917
-1.950000	 -2.100000	 -0.608365	 1.697500
-1.950000	 -2.050000	 -0.642083	 1.657083
-1.950000	 -2.000000	 -0.674990	 1.616667
-1.950000	 -1.950000	 -2.234167	 -2.908750
-1.950000	 -1.900000	 -2.137917	 -2.834167
-1.950000	 -1.850000	 -2.044167	 -2.759583
-1.950000	 -1.800000	 -1.952917	 -2.685000
-1.950000	 -1.750000	 -1.864167	 -2.610417
-1.950000	 -1.700000	 -1.777917	 -2.535833
-1.950000	 -1.650000	 -1.694167	 -2.461250
-1.950000	 -1.600000	 -1.612917	 -2.386667
-1.950000	 -1.550000	 -1.534167	 -2.312083
-1.950000	 -1.500000	 -1.457917	 -2.237500
-1.950000	 -1.450000	 -1.384167	 -2.162917
-1.950000	 -1.400000	 -1.312917	 -2.088333
-1.950000	 -1.350000	 -1.244167	 -2.013750
-1.950000	 -1.300000	 -1.177917	 -1.939167
-1.950000	 -1.250000	 -1.114167	 -1.864583
-1.950000	 -1.200000	 -1.052917	 -1.790000
-1.950000	 -1.150000	 -0.994167	 -1.715417
-1.950000	 -1.100000	 -0.937917	 -1.640833
-1.950000	 -1.050000	 -0.884167	 -1.566250
-1.950000	 -1.000000	 -0.832917	 -1.491667
-1.950000	 -0.950000	 -0.548374	 -0.938024
-1.950000	 -0.900000	 -0.525437	 -0.888654
-1.950000	 -0.850000	 -0.503740	 -0.839284
-1.950000	 -0.800000	 -0.483282	 -0.789915
-1.950000	 -0.750000	 -0.464065	 -0.740545
-1.950000	 -0.700000	 -0.446087	 -0.691175
-1.950000	 -0.650000	 -0.429350	 -0.641806
-1.950000	 -0.600000	 -0.413852	 -0.592436
-1.950000	 -0.550000	 -0.399593	 -0.543066
-1.950000	 -0.500000	 -0.386575	 -0.493697
-1.950000	 -0.450000	 -0.374797	 -0.444327
-1.950000	 -0.400000	 -0.364258	 -0.394957
-1.950000	 -0.350000	 -0.354959	 -0.345588
-1.950000	 -0.300000	 -0.346900	 -0.296218
-1.950000	 -0.250000	 -0.340081	 -0.246848
-1.950000	 -0.200000	 -0.334502	 -0.197479
-1.950000	 -0.150000	 -0.330163	 -0.148109
-1.950000	 -0.100000	 -0.327063	 -0.098739
-1.950000	 -0.050000	 -0.325203	 -0.049370
-1.950000	 -0.000000	 -0.324583	 -0.000000
-1.950000	 0.050000	 -0.325203	 0.049370
-1.950000	 0.100000	 -0.327063	 0.098739
-1.950000	 0.150000	 -0.330163	 0.148109
-1.950000	 0.200000	 -0.334502	 0.197479
-1.950000	 0.250000	 -0.340081	 0.246848
-1.950000	 0.300000	 -0.346900	 0.296218
-1.950000	 0.350000	 -0.354959	 0.345588
-1.950000	 0.400000	 -0.364258	 0.394957
-1.950000	 0.450000	 -0.374797	 0.444327
-1.950000	 0.500000	 -0.386575	 0.493697
-1.950000	 0.550000	 -0.399593	 0.543066
-1.950000	 0.600000	 -0.413852	 0.592436
-1.950000	 0.650000	 -0.429350	 0.641806
-1.950000	 0.700000	 -0.446087	 0.691175
-1.950000	 0.750000	 -0.464065	 0.740545
-1.950000	 0.800000	 -0.483282	 0.789915
-1.950000	 0.850000	 -0.503740	 0.839284
-1.950000	 0.900000	 -0.525437	 0.888654
-1.950000	 0.950000	 -0.548374	 0.938024
-1.950000	 1.000000	 -0.572551	 0.987393
-1.950000	 1.050000	 -0.884167	 1.566250
-1.950000	 1.100000	 -0.937917	 1.640833
-1.950000	 1.150000	 -0.994167	 1.715417
-1.950000	 1.200000	 -1.052917	 1.790000
-1.950000	 1.250000	 -1.114167	 1.864583
-1.950000	 1.300000	 -1.177917	 1.939167
-1.950000	 1.350000	 -1.244167	 2.013750
-1.950000	 1.400000	 -1.312917	 2.088333
-1.950000	 1.450000	 -1.384167	 2.162917
-1.950000	 1.500000	 -1.457917	 2.237500
-1.950000	 1.550000	 -1.534167	 2.312083
-1.950000	 1.600000	 -1.612917	 2.386667
-1.950000	 1.650000	 -1.694167	 2.461250
-1.950000	 1.700000	 -1.777917	 2.535833
-1.950000	 1.750000	 -1.864167	 2.610417
-1.950000	 1.800000	 -1.952917	 2.685000
-1.950000	 1.850000	 -2.044167	 2.759583
-1.950000	 1.900000	 -2.137917	 2.834167
-1.950000	 1.950000	 -2.234167	 2.908750
-1.950000	 2.000000	 -1.999167	 1.016667
-1.950000	 2.050000	 -0.642083	 -1.657083
-1.950000	 2.100000	 -0.608365	 -1.697500
-1.950000	 2.150000	 -0.573833	 -1.737917
-1.950000	 2.200000	 -0.538490	 -1.778333
-1.950000	 2.250000	 -0.502333	 -1.818750
-1.950000	 2.300000	 -0.465365	 -1.859167
-1.950000	 2.350000	 -0.427583	 -1.899583
-1.950000	 2.400000	 -0.388990	 -1.940000
-1.950000	 2.450000	 -0.349583	 -1.980417
-1.950000	 2.500000	 -0.309365	 -2.020833
-1.950000	 2.550000	 -0.268333	 -2.061250
-1.950000	 2.600000	 -0.226490	 -2.101667
-1.950000	 2.650000	 -0.183833	 -2.142083
-1.950000	 2.700000	 -0.140365	 -2.182500
-1.950000	 2.750000	 -0.096083	 -2.222917
-1.950000	 2.800000	 0.287545	 -1.336350
-1.950000	 2.850000	 0.314596	 -1.234789
-1.950000	 2.900000	 0.344645	 -1.134256
-1.950000	 2.950000	 0.377364	 -1.034018
-1.950000	 3.000000	 0.412489	 -0.933470
-1.900000	 -3.000000	 0.394257	 0.824884
-1.900000	 -2.950000	 0.357153	 0.921115
-1.900000	 -2.900000	 0.322167	 1.016611
-1.900000	 -2.850000	 0.289501	 1.111867
-1.900000	 -2.800000	 0.259408	 1.207472
-1.900000	 -2.750000	 -0.119187	 2.154167
-1.900000	 -2.700000	 -0.162333	 2.115000
-1.900000	 -2.650000	 -0.204687	 2.075833
-1.900000	 -2.600000	 -0.246250	 2.036667
-1.900000	 -2.550000	 -0.287021	 1.997500
-1.900000	 -2.500000	 -0.327000	 1.958333
-1.900000	 -2.450000	 -0.366187	 1.919167
-1.900000	 -2.400000	 -0.404583	 1.880000
-1.900000	 -2.350000	 -0.442187	 1.840833
-1.900000	 -2.300000	 -0.479000	 1.801667
-1.900000	 -2.250000	 -0.515021	 1.762500
-1.900000	 -2.200000	 -0.550250	 1.723333
-1.900000	 -2.150000	 -0.584687	 1.684167
-1.900000	 -2.100000	 -0.618333	 1.645000
-1.900000	 -2.050000	 -0.651187	 1.605833
-1.900000	 -2.000000	 -0.683250	 1.566667
-1.900000	 -1.950000	 -1.930833	 -1.007500
-1.900000	 -1.900000	 -2.136667	 -2.818333
-1.900000	 -1.850000	 -2.042917	 -2.744167
-1.900000	 -1.800000	 -1.951667	 -2.670000
-1.900000	 -1.750000	 -1.862917	 -2.595833
-1.900000	 -1.700000	 -1.776667	 -2.521667
-1.900000	 -1.650000	 -1.692917	 -2.447500
-1.900000	 -1.600000	 -1.611667	 -2.373333
-1.900000	 -1.550000	 -1.532917	 -2.299167
-1.900000	 -1.500000	 -1.456667	 -2.225000
-1.900000	 -1.450000	 -1.382917	 -2.150833
-1.900000	 -1.400000	 -1.311667	 -2.076667
-1.900000	 -1.350000	 -1.242917	 -2.002500
-1.900000	 -1.300000	 -1.176667	 -1.928333
-1.900000	 -1.250000	 -1.112917	 -1.854167
-1.900000	 -1.200000	 -1.051667	 -1.780000
-1.900000	 -1.150000	 -0.992917	 -1.705833
-1.900000	 -1.100000	 -0.936667	 -1.631667
-1.900000	 -1.050000	 -0.882917	 -1.557500
-1.900000	 -1.000000	 -0.831667	 -1.483333
-1.900000	 -0.950000	 -0.537043	 -0.925833
-1.900000	 -0.900000	 -0.514285	 -0.877105
-1.900000	 -0.850000	 -0.492757	 -0.828377
-1.900000	 -0.800000	 -0.472460	 -0.779649
-1.900000	 -0.750000	 -0.453392	 -0.730921
-1.900000	 -0.700000	 -0.435555	 -0.682193
-1.900000	 -0.650000	 -0.418948	 -0.633465
-1.900000	 -0.600000	 -0.403571	 -0.584737
-1.900000	 -0.550000	 -0.389424	 -0.536009
-1.900000	 -0.500000	 -0.376508	 -0.487281
-1.900000	 -0.450000	 -0.364821	 -0.438553
-1.900000	 -0.400000	 -0.354365	 -0.389825
-1.900000	 -0.350000	 -0.345139	 -0.341096
-1.900000	 -0.300000	 -0.337143	 -0.292368
-1.900000	 -0.250000	 -0.330377	 -0.243640
-1.900000	 -0.200000	 -0.324841	 -0.194912
-1.900000	 -0.150000	 -0.320536	 -0.146184
-1.900000	 -0.100000	 -0.317460	 -0.097456
-1.900000	 -0.050000	 -0.315615	 -0.048728
-1.900000	 -0.000000	 -0.315000	 -0.000000
-1.900000	 0.050000	 -0.315615	 0.048728
-1.900000	 0.100000	 -0.317460	 0.097456
-1.900000	 0.150000	 -0.320536	 0.146184
-1.900000	 0.200000	 -0.324841	 0.194912
-1.900000	 0.250000	 -0.330377	 0.243640
-1.900000	 0.300000	 -0.337143	 0.292368
-1.900000	 0.350000	 -0.345139	 0.341096
-1.900000	 0.400000	 -0.354365	 0.389825
-1.900000	 0.450000	 -0.364821	 0.438553
-1.900000	 0.500000	 -0.376508	 0.487281
-1.900000	 0.550000	 -0.389424	 0.536009
-1.900000	 0.600000	 -0.403571	 0.584737
-1.900000	 0.650000	 -0.418948	 0.633465
-1.900000	 0.700000	 -0.435555	 0.682193
-1.900000	 0.750000	 -0.453392	 0.730921
-1.900000	 0.800000	 -0.472460	 0.779649
-1.900000	 0.850000	 -0.492757	 0.828377
-1.900000	 0.900000	 -0.514285	 0.877105
-1.900000	 0.950000	 -0.537043	 0.925833
-1.900000	 1.000000	 -0.561031	 0.974561
-1.900000	 1.050000	 -0.882917	 1.557500
-1.900000	 1.100000	 -0.936667	 1.631667
-1.900000	 1.150000	 -0.992917	 1.705833
-1.900000	 1.200000	 -1.051667	 1.780000
-1.900000	 1.250000	 -1.112917	 1.854167
-1.900000	 1.300000	 -1.176667	 1.928333
-1.900000	 1.350000	 -1.242917	 2.002500
-1.900000	 1.400000	 -1.311667	 2.076667
-1.900000	 1.450000	 -1.382917	 2.150833
-1.900000	 1.500000	 -1.456667	 2.225000
-1.900000	 1.550000	 -1.532917	 2.299167
-1.900000	 1.600000	 -1.611667	 2.373333
-1.900000	 1.650000	 -1.692917	 2.447500
-1.900000	 1.700000	 -1.776667	 2.521667
-1.900000	 1.750000	 -1.862917	 2.595833
-1.900000	 1.800000	 -1.951667	 2.670000
-1.900000	 1.850000	 -2.042917	 2.744167
-1.900000	 1.900000	 -2.136667	 2.818333
-1.900000	 1.950000	 -1.930833	 1.007500
-1.900000	 2.000000	 -1.996667	 1.033333
-1.900000	 2.050000	 -0.651187	 -1.605833
-1.900000	 2.100000	 -0.618333	 -1.645000
-1.900000	 2.150000	 -0.584687	 -1.684167
-1.900000	 2.200000	 -0.550250	 -1.723333
-1.900000	 2.250000	 -0.515021	 -1.762500
-1.900000	 2.300000	 -0.479000	 -1.801667
-1.900000	 2.350000	 -0.442187	 -1.840833
-1.900000	 2.400000	 -0.404583	 -1.880000
-1.900000	 2.450000	 -0.366187	 -1.919167
-1.900000	 2.500000	 -0.327000	 -1.958333
-1.900000	 2.550000	 -0.287021	 -1.997500
-1.900000	 2.600000	 -0.246250	 -2.036667
-1.900000	 2.650000	 -0.204687	 -2.075833
-1.900000	 2.700000	 -0.162333	 -2.115000
-1.900000	 2.750000	 -0.119187	 -2.154167
-1.900000	 2.800000	 0.259408	 -1.207472
-1.900000	 2.850000	 0.289501	 -1.111867
-1.900000	 2.900000	 0.322167	 -1.016611
-1.900000	 2.950000	 0.357153	 -0.921115
-1.900000	 3.000000	 0.394257	 -0.824884
-1.850000	 -3.000000	 0.378145	 0.723583
-1.850000	 -2.950000	 0.339431	 0.815928
-1.850000	 -2.900000	 0.302600	 0.907212
-1.850000	 -2.850000	 0.267810	 0.997841
-1.850000	 -2.800000	 0.235256	 1.088296
-1.850000	 -2.750000	 0.205173	 1.179149
-1.850000	 -2.700000	 -0.184177	 2.047500
-1.850000	 -2.650000	 -0.225417	 2.009583
-1.850000	 -2.600000	 -0.265885	 1.971667
-1.850000	 -2.550000	 -0.305583	 1.933750
-1.850000	 -2.500000	 -0.344510	 1.895833
-1.850000	 -2.450000	 -0.382667	 1.857917
-1.850000	 -2.400000	 -0.420052	 1.820000
-1.850000	 -2.350000	 -0.456667	 1.782083
-1.850000	 -2.300000	 -0.492510	 1.744167
-1.850000	 -2.250000	 -0.527583	 1.706250
-1.850000	 -2.200000	 -0.561885	 1.668333
-1.850000	 -2.150000	 -0.595417	 1.630417
-1.850000	 -2.100000	 -0.628177	 1.592500
-1.850000	 -2.050000	 -0.660167	 1.554583
-1.850000	 -2.000000	 -0.691385	 1.516667
-1.850000	 -1.950000	 -1.926667	 -1.023750
-1.850000	 -1.900000	 -1.862500	 -0.997500
-1.850000	 -1.850000	 -2.040833	 -2.728750
-1.850000	 -1.800000	 -1.949583	 -2.655000
-1.850000	 -1.750000	 -1.860833	 -2.581250
-1.850000	 -1.700000	 -1.774583	 -2.507500
-1.850000	 -1.650000	 -1.690833	 -2.433750
-1.850000	 -1.600000	 -1.609583	 -2.360000
-1.850000	 -1.550000	 -1.530833	 -2.286250
-1.850000	 -1.500000	 -1.454583	 -2.212500
-1.850000	 -1.450000	 -1.380833	 -2.138750
-1.850000	 -1.400000	 -1.309583	 -2.065000
-1.850000	 -1.350000	 -1.240833	 -1.991250
-1.850000	 -1.300000	 -1.174583	 -1.917500
-1.850000	 -1.250000	 -1.110833	 -1.843750
-1.850000	 -1.200000	 -1.049583	 -1.770000
-1.850000	 -1.150000	 -0.990833	 -1.696250
-1.850000	 -1.100000	 -0.934583	 -1.622500
-1.850000	 -1.050000	 -0.880833	 -1.548750
-1.850000	 -1.000000	 -0.829583	 -1.475000
-1.850000	 -0.950000	 -0.524956	 -0.913412
-1.850000	 -0.900000	 -0.502370	 -0.865338
-1.850000	 -0.850000	 -0.481004	 -0.817264
-1.850000	 -0.800000	 -0.460859	 -0.769189
-1.850000	 -0.750000	 -0.441935	 -0.721115
-1.850000	 -0.700000	 -0.424232	 -0.673041
-1.850000	 -0.650000	 -0.407750	 -0.624966
-1.850000	 -0.600000	 -0.392488	 -0.576892
-1.850000	 -0.550000	 -0.378448	 -0.528818
-1.850000	 -0.500000	 -0.365629	 -0.480743
-1.850000	 -0.450000	 -0.354030	 -0.432669
-1.850000	 -0.400000	 -0.343652	 -0.384595
-1.850000	 -0.350000	 -0.334495	 -0.336520
-1.850000	 -0.300000	 -0.326560	 -0.288446
-1.850000	 -0.250000	 -0.319845	 -0.240372
-1.850000	 -0.200000	 -0.314351	 -0.192297
-1.850000	 -0.150000	 -0.310077	 -0.144223
-1.850000	 -0.100000	 -0.307025	 -0.096149
-1.850000	 -0.050000	 -0.305194	 -0.048074
-1.850000	 -0.000000	 -0.304583	 -0.000000
-1.850000	 0.050000	 -0.305194	 0.048074
-1.850000	 0.100000	 -0.307025	 0.096149
-1.850000	 0.150000	 -0.310077	 0.144223
-1.850000	 0.200000	 -0.314351	 0.192297
-1.850000	 0.250000	 -0.319845	 0.240372
-1.850000	 0.300000	 -0.326560	 0.288446
-1.850000	 0.350000	 -0.334495	 0.336520
-1.850000	 0.400000	 -0.343652	 0.384595
-1.850000	 0.450000	 -0.354030	 0.432669
-1.850000	 0.500000	 -0.365629	 0.480743
-1.850000	 0.550000	 -0.378448	 0.528818
-1.850000	 0.600000	 -0.392488	 0.576892
-1.850000	 0.650000	 -0.407750	 0.624966
-1.850000	 0.700000	 -0.424232	 0.673041
-1.850000	 0.750000	 -0.441935	 0.721115
-1.850000	 0.800000	 -0.460859	 0.769189
-1.850000	 0.850000	 -0.481004	 0.817264
-1.850000	 0.900000	 -0.502370	 0.865338
-1.850000	 0.950000	 -0.524956	 0.913412
-1.850000	 1.000000	 -0.548764	 0.961486
-1.850000	 1.050000	 -0.880833	 1.548750
-1.850000	 1.100000	 -0.934583	 1.622500
-1.850000	 1.150000	 -0.990833	 1.696250
-1.850000	 1.200000	 -1.049583	 1.770000
-1.850000	 1.250000	 -1.110833	 1.843750
-1.850000	 1.300000	 -1.174583	 1.917500
-1.850000	 1.350000	 -1.240833	 1.991250
-1.850000	 1.400000	 -1.309583	 2.065000
-1.850000	 1.450000	 -1.380833	 2.138750
-1.850000	 1.500000	 -1.454583	 2.212500
-1.850000	 1.550000	 -1.530833	 2.286250
-1.850000	 1.600000	 -1.609583	 2.360000
-1.850000	 1.650000	 -1.690833	 2.433750
-1.850000	 1.700000	 -1.774583	 2.507500
-1.850000	 1.750000	 -1.860833	 2.581250
-1.850000	 1.800000	 -1.949583	 2.655000
-1.850000	 1.850000	 -2.040833	 2.728750
-1.850000	 1.900000	 -1.862500	 0.997500
-1.850000	 1.950000	 -1.926667	 1.023750
-1.850000	 2.000000	 -1.992500	 1.050000
-1.850000	 2.050000	 -0.660167	 -1.554583
-1.850000	 2.100000	 -0.628177	 -1.592500
-1.850000	 2.150000	 -0.595417	 -1.630417
-1.850000	 2.200000	 -0.561885	 -1.668333
-1.850000	 2.250000	 -0.527583	 -1.706250
-1.850000	 2.300000	 -0.492510	 -1.744167
-1.850000	 2.350000	 -0.456667	 -1.782083
-1.850000	 2.400000	 -0.420052	 -1.820000
-1.850000	 2.450000	 -0.382667	 -1.857917
-1.850000	 2.500000	 -0.344510	 -1.895833
-1.850000	 2.550000	 -0.305583	 -1.933750
-1.850000	 2.600000	 -0.265885	 -1.971667
-1.850000	 2.650000	 -0.225417	 -2.009583
-1.850000	 2.700000	 -0.184177	 -2.047500
-1.850000	 2.750000	 0.205173	 -1.179149
-1.850000	 2.800000	 0.235256	 -1.088296
-1.850000	 2.850000	 0.267810	 -0.997841
-1.850000	 2.900000	 0.302600	 -0.907212
-1.850000	 2.950000	 0.339431	 -0.815928
-1.850000	 3.000000	 0.378145	 -0.723583
-1.800000	 -3.000000	 0.363733	 0.629000
-1.800000	 -2.950000	 0.323723	 0.717810
-1.800000	 -2.900000	 0.285403	 0.805306
-1.800000	 -2.850000	 0.248900	 0.891826
-1.800000	 -2.800000	 0.214362	 0.977768
-1.800000	 -2.750000	 0.181973	 1.063598
-1.800000	 -2.700000	 0.151954	 1.149875
-1.800000	 -2.650000	 -0.245958	 1.943333
-1.800000	 -2.600000	 -0.285333	 1.906667
-1.800000	 -2.550000	 -0.323958	 1.870000
-1.800000	 -2.500000	 -0.361833	 1.833333
-1.800000	 -2.450000	 -0.398958	 1.796667
-1.800000	 -2.400000	 -0.435333	 1.760000
-1.800000	 -2.350000	 -0.470958	 1.723333
-1.800000	 -2.300000	 -0.505833	 1.686667
-1.800000	 -2.250000	 -0.539958	 1.650000
-1.800000	 -2.200000	 -0.573333	 1.613333
-1.800000	 -2.150000	 -0.605958	 1.576667
-1.800000	 -2.100000	 -0.637833	 1.540000
-1.800000	 -2.050000	 -0.668958	 1.503333
-1.800000	 -2.000000	 -0.699333	 1.466667
-1.800000	 -1.950000	 -1.920833	 -1.040000
-1.800000	 -1.900000	 -1.856667	 -1.013333
-1.800000	 -1.850000	 -1.794167	 -0.986667
-1.800000	 -1.800000	 -1.946667	 -2.640000
-1.800000	 -1.750000	 -1.857917	 -2.566667
-1.800000	 -1.700000	 -1.771667	 -2.493333
-1.800000	 -1.650000	 -1.687917	 -2.420000
-1.800000	 -1.600000	 -1.606667	 -2.346667
-1.800000	 -1.550000	 -1.527917	 -2.273333
-1.800000	 -1.500000	 -1.451667	 -2.200000
-1.800000	 -1.450000	 -1.377917	 -2.126667
-1.800000	 -1.400000	 -1.306667	 -2.053333
-1.800000	 -1.350000	 -1.237917	 -1.980000
-1.800000	 -1.300000	 -1.171667	 -1.906667
-1.800000	 -1.250000	 -1.107917	 -1.833333
-1.800000	 -1.200000	 -1.046667	 -1.760000
-1.800000	 -1.150000	 -0.987917	 -1.686667
-1.800000	 -1.100000	 -0.931667	 -1.613333
-1.800000	 -1.050000	 -0.877917	 -1.540000
-1.800000	 -1.000000	 -0.826667	 -1.466667
-1.800000	 -0.950000	 -0.512106	 -0.900741
-1.800000	 -0.900000	 -0.489683	 -0.853333
-1.800000	 -0.850000	 -0.468473	 -0.805926
-1.800000	 -0.800000	 -0.448474	 -0.758519
-1.800000	 -0.750000	 -0.429688	 -0.711111
-1.800000	 -0.700000	 -0.412113	 -0.663704
-1.800000	 -0.650000	 -0.395750	 -0.616296
-1.800000	 -0.600000	 -0.380600	 -0.568889
-1.800000	 -0.550000	 -0.366662	 -0.521481
-1.800000	 -0.500000	 -0.353935	 -0.474074
-1.800000	 -0.450000	 -0.342421	 -0.426667
-1.800000	 -0.400000	 -0.332119	 -0.379259
-1.800000	 -0.350000	 -0.323028	 -0.331852
-1.800000	 -0.300000	 -0.315150	 -0.284444
-1.800000	 -0.250000	 -0.308484	 -0.237037
-1.800000	 -0.200000	 -0.303030	 -0.189630
-1.800000	 -0.150000	 -0.298788	 -0.142222
-1.800000	 -0.100000	 -0.295757	 -0.094815
-1.800000	 -0.050000	 -0.293939	 -0.047407
-1.800000	 -0.000000	 -0.293333	 -0.000000
-1.800000	 0.050000	 -0.293939	 0.047407
-1.800000	 0.100000	 -0.295757	 0.094815
-1.800000	 0.150000	 -0.298788	 0.142222
-1.800000	 0.200000	 -0.303030	 0.189630
-1.800000	 0.250000	 -0.308484	 0.237037
-1.800000	 0.300000	 -0.315150	 0.284444
-1.800000	 0.350000	 -0.323028	 0.331852
-1.800000	 0.400000	 -0.332119	 0.379259
-1.800000	 0.450000	 -0.342421	 0.426667
-1.800000	 0.500000	 -0.353935	 0.474074
-1.800000	 0.550000	 -0.366662	 0.521481
-1.800000	 0.600000	 -0.380600	 0.568889
-1.800000	 0.650000	 -0.395750	 0.616296
-1.800000	 0.700000	 -0.412113	 0.663704
-1.800000	 0.750000	 -0.429688	 0.711111
-1.800000	 0.800000	 -0.448474	 0.758519
-1.800000	 0.850000	 -0.468473	 0.805926
-1.800000	 0.900000	 -0.489683	 0.853333
-1.800000	 0.950000	 -0.512106	 0.900741
-1.800000	 1.000000	 -0.535741	 0.948148
-1.800000	 1.050000	 -0.877917	 1.540000
-1.800000	 1.100000	 -0.931667	 1.613333
-1.800000	 1.150000	 -0.987917	 1.686667
-1.800000	 1.200000	 -1.046667	 1.760000
-1.800000	 1.250000	 -1.107917	 1.833333
-1.800000	 1.300000	 -1.171667	 1.906667
-1.800000	 1.350000	 -1.237917	 1.980000
-1.800000	 1.400000	 -1.306667	 2.053333
-1.800000	 1.450000	 -1.377917	 2.126667
-1.800000	 1.500000	 -1.451667	 2.200000
-1.800000	 1.550000	 -1.527917	 2.273333
-1.800000	 1.600000	 -1.606667	 2.346667
-1.800000	 1.650000	 -1.687917	 2.420000
-1.800000	 1.700000	 -1.771667	 2.493333
-1.800000	 1.750000	 -1.857917	 2.566667
-1.800000	 1.800000	 -1.946667	 2.640000
-1.800000	 1.850000	 -1.794167	 0.986667
-1.800000	 1.900000	 -1.856667	 1.013333
-1.800000	 1.950000	 -1.920833	 1.040000
-1.800000	 2.000000	 -1.986667	 1.066667
-1.800000	 2.050000	 -0.668958	 -1.503333
-1.800000	 2.100000	 -0.637833	 -1.540000
-1.800000	 2.150000	 -0.605958	 -1.576667
-1.800000	 2.200000	 -0.573333	 -1.613333
-1.800000	 2.250000	 -0.539958	 -1.650000
-1.800000	 2.300000	 -0.505833	 -1.686667
-1.800000	 2.350000	 -0.470958	 -1.723333
-1.800000	 2.400000	 -0.435333	 -1.760000
-1.800000	 2.450000	 -0.398958	 -1.796667
-1.800000	 2.500000	 -0.361833	 -1.833333
-1.800000	 2.550000	 -0.323958	 -1.870000
-1.800000	 2.600000	 -0.285333	 -1.906667
-1.800000	 2.650000	 -0.245958	 -1.943333
-1.800000	 2.700000	 0.151954	 -1.149875
-1.800000	 2.750000	 0.181973	 -1.063598
-1.800000	 2.800000	 0.214362	 -0.977768
-1.800000	 2.850000	 0.248900	 -0.891826
-1.800000	 2.900000	 0.285403	 -0.805306
-1.800000	 2.950000	 0.323723	 -0.717810
-1.800000	 3.000000	 0.363733	 -0.629000
-1.750000	 -3.000000	 0.350656	 0.540646
-1.750000	 -2.950000	 0.309621	 0.626204
-1.750000	 -2.900000	 0.270119	 0.710254
-1.750000	 -2.850000	 0.232248	 0.793083
-1.750000	 -2.800000	 0.196125	 0.875021
-1.750000	 -2.750000	 0.161892	 0.956453
-1.750000	 -2.700000	 0.129719	 1.037832
-1.750000	 -2.650000	 -0.266250	 1.877083
-1.750000	 -2.600000	 -0.304531	 1.841667
-1.750000	 -2.550000	 -0.342083	 1.806250
-1.750000	 -2.500000	 -0.378906	 1.770833
-1.750000	 -2.450000	 -0.415000	 1.735417
-1.750000	 -2.400000	 -0.450365	 1.700000
-1.750000	 -2.350000	 -0.485000	 1.664583
-1.750000	 -2.300000	 -0.518906	 1.629167
-1.750000	 -2.250000	 -0.552083	 1.593750
-1.750000	 -2.200000	 -0.584531	 1.558333
-1.750000	 -2.150000	 -0.616250	 1.522917
-1.750000	 -2.100000	 -0.647240	 1.487500
-1.750000	 -2.050000	 -0.677500	 1.452083
-1.750000	 -2.000000	 -0.707031	 1.416667
-1.750000	 -1.950000	 -1.913333	 -1.056250
-1.750000	 -1.900000	 -1.849167	 -1.029167
-1.750000	 -1.850000	 -1.786667	 -1.002083
-1.750000	 -1.800000	 -1.725833	 -0.975000
-1.750000	 -1.750000	 -1.854167	 -2.552083
-1.750000	 -1.700000	 -1.767917	 -2.479167
-1.750000	 -1.650000	 -1.684167	 -2.406250
-1.750000	 -1.600000	 -1.602917	 -2.333333
-1.750000	 -1.550000	 -1.524167	 -2.260417
-1.750000	 -1.500000	 -1.447917	 -2.187500
-1.750000	 -1.450000	 -1.374167	 -2.114583
-1.750000	 -1.400000	 -1.302917	 -2.041667
-1.750000	 -1.350000	 -1.234167	 -1.968750
-1.750000	 -1.300000	 -1.167917	 -1.895833
-1.750000	 -1.250000	 -1.104167	 -1.822917
-1.750000	 -1.200000	 -1.042917	 -1.750000
-1.750000	 -1.150000	 -0.984167	 -1.677083
-1.750000	 -1.100000	 -0.927917	 -1.604167
-1.750000	 -1.050000	 -0.874167	 -1.531250
-1.750000	 -1.000000	 -0.822917	 -1.458333
-1.750000	 -0.950000	 -0.498481	 -0.887798
-1.750000	 -0.900000	 -0.476217	 -0.841071
-1.750000	 -0.850000	 -0.455155	 -0.794345
-1.750000	 -0.800000	 -0.435298	 -0.747619
-1.750000	 -0.750000	 -0.416643	 -0.700893
-1.750000	 -0.700000	 -0.399193	 -0.654167
-1.750000	 -0.650000	 -0.382945	 -0.607440
-1.750000	 -0.600000	 -0.367902	 -0.560714
-1.750000	 -0.550000	 -0.354062	 -0.513988
-1.750000	 -0.500000	 -0.341425	 -0.467262
-1.750000	 -0.450000	 -0.329992	 -0.420536
-1.750000	 -0.400000	 -0.319762	 -0.373810
-1.750000	 -0.350000	 -0.310736	 -0.327083
-1.750000	 -0.300000	 -0.302913	 -0.280357
-1.750000	 -0.250000	 -0.296294	 -0.233631
-1.750000	 -0.200000	 -0.290878	 -0.186905
-1.750000	 -0.150000	 -0.286666	 -0.140179
-1.750000	 -0.100000	 -0.283657	 -0.093452
-1.750000	 -0.050000	 -0.281852	 -0.046726
-1.750000	 -0.000000	 -0.281250	 -0.000000
-1.750000	 0.050000	 -0.281852	 0.046726
-1.750000	 0.100000	 -0.283657	 0.093452
-1.750000	 0.150000	 -0.286666	 0.140179
-1.750000	 0.200000	 -0.290878	 0.186905
-1.750000	 0.250000	 -0.296294	 0.233631
-1.750000	 0.300000	 -0.302913	 0.280357
-1.750000	 0.350000	 -0.310736	 0.327083
-1.750000	 0.400000	 -0.319762	 0.373810
-1.750000	 0.450000	 -0.329992	 0.420536
-1.750000	 0.500000	 -0.341425	 0.467262
-1.750000	 0.550000	 -0.354062	 0.513988
-1.750000	 0.600000	 -0.367902	 0.560714
-1.750000	 0.650000	 -0.382945	 0.607440
-1.750000	 0.700000	 -0.399193	 0.654167
-1.750000	 0.750000	 -0.416643	 0.700893
-1.750000	 0.800000	 -0.435298	 0.747619
-1.750000	 0.850000	 -0.455155	 0.794345
-1.750000	 0.900000	 -0.476217	 0.841071
-1.750000	 0.950000	 -0.498481	 0.887798
-1.750000	 1.000000	 -0.521949	 0.934524
-1.750000	 1.050000	 -0.874167	 1.531250
-1.750000	 1.100000	 -0.927917	 1.604167
-1.750000	 1.150000	 -0.984167	 1.677083
-1.750000	 1.200000	 -1.042917	 1.750000
-1.750000	 1.250000	 -1.104167	 1.822917
-1.750000	 1.300000	 -1.167917	 1.895833
-1.750000	 1.350000	 -1.234167	 1.968750
-1.750000	 1.400000	 -1.302917	 2.041667
-1.750000	 1.450000	 -1.374167	 2.114583
-1.750000	 1.500000	 -1.447917	 2.187500
-1.750000	 1.550000	 -1.524167	 2.260417
-1.750000	 1.600000	 -1.602917	 2.333333
-1.750000	 1.650000	 -1.684167	 2.406250
-1.750000	 1.700000	 -1.767917	 2.479167
-1.750000	 1.750000	 -1.854167	 2.552083
-1.750000	 1.800000	 -1.725833	 0.975000
-1.750000	 1.850000	 -1.786667	 1.002083
-1.750000	 1.900000	 -1.849167	 1.029167
-1.750000	 1.950000	 -1.913333	 1.056250
-1.750000	 2.000000	 -1.979167	 1.083333
-1.750000	 2.050000	 -0.677500	 -1.452083
-1.750000	 2.100000	 -0.647240	 -1.487500
-1.750000	 2.150000	 -0.616250	 -1.522917
-1.750000	 2.200000	 -0.584531	 -1.558333
-1.750000	 2.250000	 -0.552083	 -1.593750
-1.750000	 2.300000	 -0.518906	 -1.629167
-1.750000	 2.350000	 -0.485000	 -1.664583
-1.750000	 2.400000	 -0.450365	 -1.700000
-1.750000	 2.450000	 -0.415000	 -1.735417
-1.750000	 2.500000	 -0.378906	 -1.770833
-1.750000	 2.550000	 -0.342083	 -1.806250
-1.750000	 2.600000	 -0.304531	 -1.841667
-1.750000	 2.650000	 -0.266250	 -1.877083
-1.750000	 2.700000	 0.129719	 -1.037832
-1.750000	 2.750000	 0.161892	 -0.956453
-1.750000	 2.800000	 0.196125	 -0.875021
-1.750000	 2.850000	 0.232248	 -0.793083
-1.750000	 2.900000	 0.270119	 -0.710254
-1.750000	 2.950000	 0.309621	 -0.626204
-1.750000	 3.000000	 0.350656	 -0.540646
-1.700000	 -3.000000	 1.118432	 1.413822
-1.700000	 -2.950000	 0.296774	 0.540627
-1.700000	 -2.900000	 0.256353	 0.621511
-1.700000	 -2.850000	 0.217411	 0.700985
-1.700000	 -2.800000	 0.180040	 0.779327
-1.700000	 -2.750000	 0.144349	 0.856859
-1.700000	 -2.700000	 0.110470	 0.933955
-1.700000	 -2.650000	 0.078561	 1.011055
-1.700000	 -2.600000	 -0.323417	 1.776667
-1.700000	 -2.550000	 -0.359896	 1.742500
-1.700000	 -2.500000	 -0.395667	 1.708333
-1.700000	 -2.450000	 -0.430729	 1.674167
-1.700000	 -2.400000	 -0.465083	 1.640000
-1.700000	 -2.350000	 -0.498729	 1.605833
-1.700000	 -2.300000	 -0.531667	 1.571667
-1.700000	 -2.250000	 -0.563896	 1.537500
-1.700000	 -2.200000	 -0.595417	 1.503333
-1.700000	 -2.150000	 -0.626229	 1.469167
-1.700000	 -2.100000	 -0.656333	 1.435000
-1.700000	 -2.050000	 -0.685729	 1.400833
-1.700000	 -2.000000	 -0.714417	 1.366667
-1.700000	 -1.950000	 -1.904167	 -1.072500
-1.700000	 -1.900000	 -1.840000	 -1.045000
-1.700000	 -1.850000	 -1.777500	 -1.017500
-1.700000	 -1.800000	 -1.716667	 -0.990000
-1.700000	 -1.750000	 -1.657500	 -0.962500
-1.700000	 -1.700000	 -1.763333	 -2.465000
-1.700000	 -1.650000	 -1.679583	 -2.392500
-1.700000	 -1.600000	 -1.598333	 -2.320000
-1.700000	 -1.550000	 -1.519583	 -2.247500
-1.700000	 -1.500000	 -1.443333	 -2.175000
-1.700000	 -1.450000	 -1.369583	 -2.102500
-1.700000	 -1.400000	 -1.298333	 -2.030000
-1.700000	 -1.350000	 -1.229583	 -1.957500
-1.700000	 -1.300000	 -1.163333	 -1.885000
-1.700000	 -1.250000	 -1.099583	 -1.812500
-1.700000	 -1.200000	 -1.038333	 -1.740000
-1.700000	 -1.150000	 -0.979583	 -1.667500
-1.700000	 -1.100000	 -0.923333	 -1.595000
-1.700000	 -1.050000	 -0.869583	 -1.522500
-1.700000	 -1.000000	 -0.818333	 -1.450000
-1.700000	 -0.950000	 -0.484071	 -0.874559
-1.700000	 -0.900000	 -0.461959	 -0.828529
-1.700000	 -0.850000	 -0.441043	 -0.782500
-1.700000	 -0.800000	 -0.421322	 -0.736471
-1.700000	 -0.750000	 -0.402796	 -0.690441
-1.700000	 -0.700000	 -0.385465	 -0.644412
-1.700000	 -0.650000	 -0.369329	 -0.598382
-1.700000	 -0.600000	 -0.354389	 -0.552353
-1.700000	 -0.550000	 -0.340644	 -0.506324
-1.700000	 -0.500000	 -0.328094	 -0.460294
-1.700000	 -0.450000	 -0.316740	 -0.414265
-1.700000	 -0.400000	 -0.306580	 -0.368235
-1.700000	 -0.350000	 -0.297616	 -0.322206
-1.700000	 -0.300000	 -0.289847	 -0.276176
-1.700000	 -0.250000	 -0.283274	 -0.230147
-1.700000	 -0.200000	 -0.277895	 -0.184118
-1.700000	 -0.150000	 -0.273712	 -0.138088
-1.700000	 -0.100000	 -0.270724	 -0.092059
-1.700000	 -0.050000	 -0.268931	 -0.046029
-1.700000	 -0.000000	 -0.268333	 -0.000000
-1.700000	 0.050000	 -0.268931	 0.046029
-1.700000	 0.100000	 -0.270724	 0.092059
-1.700000	 0.150000	 -0.273712	 0.138088
-1.700000	 0.200000	 -0.277895	 0.184118
-1.700000	 0.250000	 -0.283274	 0.230147
-1.700000	 0.300000	 -0.289847	 0.276176
-1.700000	 0.350000	 -0.297616	 0.322206
-1.700000	 0.400000	 -0.306580	 0.368235
-1.700000	 0.450000	 -0.316740	 0.414265
-1.700000	 0.500000	 -0.328094	 0.460294
-1.700000	 0.550000	 -0.340644	 0.506324
-1.700000	 0.600000	 -0.354389	 0.552353
-1.700000	 0.650000	 -0.369329	 0.598382
-1.700000	 0.700000	 -0.385465	 0.644412
-1.700000	 0.750000	 -0.402796	 0.690441
-1.700000	 0.800000	 -0.421322	 0.736471
-1.700000	 0.850000	 -0.441043	 0.782500
-1.700000	 0.900000	 -0.461959	 0.828529
-1.700000	 0.950000	 -0.484071	 0.874559
-1.700000	 1.000000	 -0.507377	 0.920588
-1.700000	 1.050000	 -0.869583	 1.522500
-1.700000	 1.100000	 -0.923333	 1.595000
-1.700000	 1.150000	 -0.979583	 1.667500
-1.700000	 1.200000	 -1.038333	 1.740000
-1.700000	 1.250000	 -1.099583	 1.812500
-1.700000	 1.300000	 -1.163333	 1.885000
-1.700000	 1.350000	 -1.229583	 1.957500
-1.700000	 1.400000	 -1.298333	 2.030000
-1.700000	 1.450000	 -1.369583	 2.102500
-1.700000	 1.500000	 -1.443333	 2.175000
-1.700000	 1.550000	 -1.519583	 2.247500
-1.700000	 1.600000	 -1.598333	 2.320000
-1.700000	 1.650000	 -1.679583	 2.392500
-1.700000	 1.700000	 -1.763333	 2.465000
-1.700000	 1.750000	 -1.657500	 0.962500
-1.700000	 1.800000	 -1.716667	 0.990000
-1.700000	 1.850000	 -1.777500	 1.017500
-1.700000	 1.900000	 -1.840000	 1.045000
-1.700000	 1.950000	 -1.904167	 1.072500
-1.700000	 2.000000	 -1.970000	 1.100000
-1.700000	 2.050000	 -0.685729	 -1.400833
-1.700000	 2.100000	 -0.656333	 -1.435000
-1.700000	 2.150000	 -0.626229	 -1.469167
-1.700000	 2.200000	 -0.595417	 -1.503333
-1.700000	 2.250000	 -0.563896	 -1.537500
-1.700000	 2.300000	 -0.531667	 -1.571667
-1.700000	 2.350000	 -0.498729	 -1.605833
-1.700000	 2.400000	 -0.465083	 -1.640000
-1.700000	 2.450000	 -0.430729	 -1.674167
-1.700000	 2.500000	 -0.395667	 -1.708333
-1.700000	 2.550000	 -0.359896	 -1.742500
-1.700000	 2.600000	 -0.323417	 -1.776667
-1.700000	 2.650000	 0.078561	 -1.011055
-1.700000	 2.700000	 0.110470	 -0.933955
-1.700000	 2.750000	 0.144349	 -0.856859
-1.700000	 2.800000	 0.180040	 -0.779327
-1.700000	 2.850000	 0.217411	 -0.700985
-1.700000	 2.900000	 0.256353	 -0.621511
-1.700000	 2.950000	 0.296774	 -0.540627
-1.700000	 3.000000	 1.118432	 -1.413822
-1.650000	 -3.000000	 1.163797	 1.388171
-1.650000	 -2.950000	 1.026231	 1.390811
-1.650000	 -2.900000	 0.243768	 0.538600
-1.650000	 -2.850000	 0.204012	 0.614993
-1.650000	 -2.800000	 0.165679	 0.690071
-1.650000	 -2.750000	 0.128856	 0.764104
-1.650000	 -2.700000	 0.093644	 0.837404
-1.650000	 -2.650000	 0.060164	 0.910334
-1.650000	 -2.600000	 0.028565	 0.983323
-1.650000	 -2.550000	 -0.377333	 1.678750
-1.650000	 -2.500000	 -0.412052	 1.645833
-1.650000	 -2.450000	 -0.446083	 1.612917
-1.650000	 -2.400000	 -0.479427	 1.580000
-1.650000	 -2.350000	 -0.512083	 1.547083
-1.650000	 -2.300000	 -0.544052	 1.514167
-1.650000	 -2.250000	 -0.575333	 1.481250
-1.650000	 -2.200000	 -0.605927	 1.448333
-1.650000	 -2.150000	 -0.635833	 1.415417
-1.650000	 -2.100000	 -0.665052	 1.382500
-1.650000	 -2.050000	 -0.693583	 1.349583
-1.650000	 -2.000000	 -0.721427	 1.316667
-1.650000	 -1.950000	 -1.893333	 -1.088750
-1.650000	 -1.900000	 -1.829167	 -1.060833
-1.650000	 -1.850000	 -1.766667	 -1.032917
-1.650000	 -1.800000	 -1.705833	 -1.005000
-1.650000	 -1.750000	 -1.646667	 -0.977083
-1.650000	 -1.700000	 -1.589167	 -0.949167
-1.650000	 -1.650000	 -1.674167	 -2.378750
-1.650000	 -1.600000	 -1.592917	 -2.306667
-1.650000	 -1.550000	 -1.514167	 -2.234583
-1.650000	 -1.500000	 -1.437917	 -2.162500
-1.650000	 -1.450000	 -1.364167	 -2.090417
-1.650000	 -1.400000	 -1.292917	 -2.018333
-1.650000	 -1.350000	 -1.224167	 -1.946250
-1.650000	 -1.300000	 -1.157917	 -1.874167
-1.650000	 -1.250000	 -1.094167	 -1.802083
-1.650000	 -1.200000	 -1.032917	 -1.730000
-1.650000	 -1.150000	 -0.974167	 -1.657917
-1.650000	 -1.100000	 -0.917917	 -1.585833
-1.650000	 -1.050000	 -0.864167	 -1.513750
-1.650000	 -1.000000	 -0.812917	 -1.441667
-1.650000	 -0.950000	 -0.468862	 -0.860997
-1.650000	 -0.900000	 -0.446900	 -0.815682
-1.650000	 -0.850000	 -0.426125	 -0.770366
-1.650000	 -0.800000	 -0.406537	 -0.725051
-1.650000	 -0.750000	 -0.388136	 -0.679735
-1.650000	 -0.700000	 -0.370923	 -0.634419
-1.650000	 -0.650000	 -0.354896	 -0.589104
-1.650000	 -0.600000	 -0.340057	 -0.543788
-1.650000	 -0.550000	 -0.326405	 -0.498472
-1.650000	 -0.500000	 -0.313940	 -0.453157
-1.650000	 -0.450000	 -0.302662	 -0.407841
-1.650000	 -0.400000	 -0.292572	 -0.362525
-1.650000	 -0.350000	 -0.283668	 -0.317210
-1.650000	 -0.300000	 -0.275952	 -0.271894
-1.650000	 -0.250000	 -0.269423	 -0.226578
-1.650000	 -0.200000	 -0.264080	 -0.181263
-1.650000	 -0.150000	 -0.259925	 -0.135947
-1.650000	 -0.100000	 -0.256958	 -0.090631
-1.650000	 -0.050000	 -0.255177	 -0.045316
-1.650000	 -0.000000	 -0.254583	 -0.000000
-1.650000	 0.050000	 -0.255177	 0.045316
-1.650000	 0.100000	 -0.256958	 0.090631
-1.650000	 0.150000	 -0.259925	 0.135947
-1.650000	 0.200000	 -0.264080	 0.181263
-1.650000	 0.250000	 -0.269423	 0.226578
-1.650000	 0.300000	 -0.275952	 0.271894
-1.650000	 0.350000	 -0.283668	 0.317210
-1.650000	 0.400000	 -0.292572	 0.362525
-1.650000	 0.450000	 -0.302662	 0.407841
-1.650000	 0.500000	 -0.313940	 0.453157
-1.650000	 0.550000	 -0.326405	 0.498472
-1.650000	 0.600000	 -0.340057	 0.543788
-1.650000	 0.650000	 -0.354896	 0.589104
-1.650000	 0.700000	 -0.370923	 0.634419
-1.650000	 0.750000	 -0.388136	 0.679735
-1.650000	 0.800000	 -0.406537	 0.725051
-1.650000	 0.850000	 -0.426125	 0.770366
-1.650000	 0.900000	 -0.446900	 0.815682
-1.650000	 0.950000	 -0.468862	 0.860997
-1.650000	 1.000000	 -0.492011	 0.906313
-1.650000	 1.050000	 -0.864167	 1.513750
-1.650000	 1.100000	 -0.917917	 1.585833
-1.650000	 1.150000	 -0.974167	 1.657917
-1.650000	 1.200000	 -1.032917	 1.730000
-1.650000	 1.250000	 -1.094167	 1.802083
-1.650000	 1.300000	 -1.157917	 1.874167
-1.650000	 1.350000	 -1.224167	 1.946250
-1.650000	 1.400000	 -1.292917	 2.018333
-1.650000	 1.450000	 -1.364167	 2.090417
-1.650000	 1.500000	 -1.437917	 2.162500
-1.650000	 1.550000	 -1.514167	 2.234583
-1.650000	 1.600000	 -1.592917	 2.306667
-1.650000	 1.650000	 -1.674167	 2.378750
-1.650000	 1.700000	 -1.589167	 0.949167
-1.650000	 1.750000	 -1.646667	 0.977083
-1.650000	 1.800000	 -1.705833	 1.005000
-1.650000	 1.850000	 -1.766667	 1.032917
-1.650000	 1.900000	 -1.829167	 1.060833
-1.650000	 1.950000	 -1.893333	 1.088750
-1.650000	 2.000000	 -1.959167	 1.116667
-1.650000	 2.050000	 -0.693583	 -1.349583
-1.650000	 2.100000	 -0.665052	 -1.382500
-1.650000	 2.150000	 -0.635833	 -1.415417
-1.650000	 2.200000	 -0.605927	 -1.448333
-1.650000	 2.250000	 -0.575333	 -1.481250
-1.650000	 2.300000	 -0.544052	 -1.514167
-1.650000	 2.350000	 -0.512083	 -1.547083
-1.650000	 2.400000	 -0.479427	 -1.580000
-1.650000	 2.450000	 -0.446083	 -1.612917
-1.650000	 2.500000	 -0.412052	 -1.645833
-1.650000	 2.550000	 -0.377333	 -1.678750
-1.650000	 2.600000	 0.028565	 -0.983323
-1.650000	 2.650000	 0.060164	 -0.910334
-1.650000	 2.700000	 0.093644	 -0.837404
-1.650000	 2.750000	 0.128856	 -0.764104
-1.650000	 2.800000	 0.165679	 -0.690071
-1.650000	 2.850000	 0.204012	 -0.614993
-1.650000	 2.900000	 0.243768	 -0.538600
-1.650000	 2.950000	 1.026231	 -1.390811
-1.650000	 3.000000	 1.163797	 -1.388171
-1.600000	 -3.000000	 1.210351	 1.367342
-1.600000	 -2.950000	 1.067594	 1.365423
-1.600000	 -2.900000	 0.935541	 1.365912
-1.600000	 -2.850000	 0.191723	 0.534642
-1.600000	 -2.800000	 0.152679	 0.606723
-1.600000	 -2.750000	 0.115003	 0.677582
-1.600000	 -2.700000	 0.078773	 0.747479
-1.600000	 -2.650000	 0.044084	 0.816718
-1.600000	 -2.600000	 0.011048	 0.885651
-1.600000	 -2.550000	 -0.394333	 1.615000
-1.600000	 -2.500000	 -0.428000	 1.583333
-1.600000	 -2.450000	 -0.461000	 1.551667
-1.600000	 -2.400000	 -0.493333	 1.520000
-1.600000	 -2.350000	 -0.525000	 1.488333
-1.600000	 -2.300000	 -0.556000	 1.456667
-1.600000	 -2.250000	 -0.586333	 1.425000
-1.600000	 -2.200000	 -0.616000	 1.393333
-1.600000	 -2.150000	 -0.645000	 1.361667
-1.600000	 -2.100000	 -0.673333	 1.330000
-1.600000	 -2.050000	 -0.701000	 1.298333
-1.600000	 -2.000000	 -0.728000	 1.266667
-1.600000	 -1.950000	 -1.880833	 -1.105000
-1.600000	 -1.900000	 -1.816667	 -1.076667
-1.600000	 -1.850000	 -1.754167	 -1.048333
-1.600000	 -1.800000	 -1.693333	 -1.020000
-1.600000	 -1.750000	 -1.634167	 -0.991667
-1.600000	 -1.700000	 -1.576667	 -0.963333
-1.600000	 -1.650000	 -1.520833	 -0.935000
-1.600000	 -1.600000	 -1.586667	 -2.293333
-1.600000	 -1.550000	 -1.507917	 -2.221667
-1.600000	 -1.500000	 -1.431667	 -2.150000
-1.600000	 -1.450000	 -1.357917	 -2.078333
-1.600000	 -1.400000	 -1.286667	 -2.006667
-1.600000	 -1.350000	 -1.217917	 -1.935000
-1.600000	 -1.300000	 -1.151667	 -1.863333
-1.600000	 -1.250000	 -1.087917	 -1.791667
-1.600000	 -1.200000	 -1.026667	 -1.720000
-1.600000	 -1.150000	 -0.967917	 -1.648333
-1.600000	 -1.100000	 -0.911667	 -1.576667
-1.600000	 -1.050000	 -0.857917	 -1.505000
-1.600000	 -1.000000	 -0.806667	 -1.433333
-1.600000	 -0.950000	 -0.452840	 -0.847083
-1.600000	 -0.900000	 -0.431025	 -0.802500
-1.600000	 -0.850000	 -0.410390	 -0.757917
-1.600000	 -0.800000	 -0.390933	 -0.713333
-1.600000	 -0.750000	 -0.372656	 -0.668750
-1.600000	 -0.700000	 -0.355558	 -0.624167
-1.600000	 -0.650000	 -0.339640	 -0.579583
-1.600000	 -0.600000	 -0.324900	 -0.535000
-1.600000	 -0.550000	 -0.311340	 -0.490417
-1.600000	 -0.500000	 -0.298958	 -0.445833
-1.600000	 -0.450000	 -0.287756	 -0.401250
-1.600000	 -0.400000	 -0.277733	 -0.356667
-1.600000	 -0.350000	 -0.268890	 -0.312083
-1.600000	 -0.300000	 -0.261225	 -0.267500
-1.600000	 -0.250000	 -0.254740	 -0.222917
-1.600000	 -0.200000	 -0.249433	 -0.178333
-1.600000	 -0.150000	 -0.245306	 -0.133750
-1.600000	 -0.100000	 -0.242358	 -0.089167
-1.600000	 -0.050000	 -0.240590	 -0.044583
-1.600000	 -0.000000	 -0.240000	 -0.000000
-1.600000	 0.050000	 -0.240590	 0.044583
-1.600000	 0.100000	 -0.242358	 0.089167
-1.600000	 0.150000	 -0.245306	 0.133750
-1.600000	 0.200000	 -0.249433	 0.178333
-1.600000	 0.250000	 -0.254740	 0.222917
-1.600000	 0.300000	 -0.261225	 0.267500
-1.600000	 0.350000	 -0.268890	 0.312083
-1.600000	 0.400000	 -0.277733	 0.356667
-1.600000	 0.450000	 -0.287756	 0.401250
-1.600000	 0.500000	 -0.298958	 0.445833
-1.600000	 0.550000	 -0.311340	 0.490417
-1.600000	 0.600000	 -0.324900	 0.535000
-1.600000	 0.650000	 -0.339640	 0.579583
-1.600000	 0.700000	 -0.355558	 0.624167
-1.600000	 0.750000	 -0.372656	 0.668750
-1.600000	 0.800000	 -0.390933	 0.713333
-1.600000	 0.850000	 -0.410390	 0.757917
-1.600000	 0.900000	 -0.431025	 0.802500
-1.600000	 0.950000	 -0.452840	 0.847083
-1.600000	 1.000000	 -0.475833	 0.891667
-1.600000	 1.050000	 -0.857917	 1.505000
-1.600000	 1.100000	 -0.911667	 1.576667
-1.600000	 1.150000	 -0.967917	 1.648333
-1.600000	 1.200000	 -1.026667	 1.720000
-1.600000	 1.250000	 -1.087917	 1.791667
-1.600000	 1.300000	 -1.151667	 1.863333
-1.600000	 1.350000	 -1.217917	 1.935000
-1.600000	 1.400000	 -1.286667	 2.006667
-1.600000	 1.450000	 -1.357917	 2.078333
-1.600000	 1.500000	 -1.431667	 2.150000
-1.600000	 1.550000	 -1.507917	 2.221667
-1.600000	 1.600000	 -1.586667	 2.293333
-1.600000	 1.650000	 -1.520833	 0.935000
-1.600000	 1.700000	 -1.576667	 0.963333
-1.600000	 1.750000	 -1.634167	 0.991667
-1.600000	 1.800000	 -1.693333	 1.020000
-1.600000	 1.850000	 -1.754167	 1.048333
-1.600000	 1.900000	 -1.816667	 1.076667
-1.600000	 1.950000	 -1.880833	 1.105000
-1.600000	 2.000000	 -1.946667	 1.133333
-1.600000	 2.050000	 -0.701000	 -1.298333
-1.600000	 2.100000	 -0.673333	 -1.330000
-1.600000	 2.150000	 -0.645000	 -1.361667
-1.600000	 2.200000	 -0.616000	 -1.393333
-1.600000	 2.250000	 -0.586333	 -1.425000
-1.600000	 2.300000	 -0.556000	 -1.456667
-1.600000	 2.350000	 -0.525000	 -1.488333
-1.600000	 2.400000	 -0.493333	 -1.520000
-1.600000	 2.450000	 -0.461000	 -1.551667
-1.600000	 2.500000	 -0.428000	 -1.583333
-1.600000	 2.550000	 -0.394333	 -1.615000
-1.600000	 2.600000	 0.011048	 -0.885651
-1.600000	 2.650000	 0.044084	 -0.816718
-1.600000	 2.700000	 0.078773	 -0.747479
-1.600000	 2.750000	 0.115003	 -0.677582
-1.600000	 2.800000	 0.152679	 -0.606723
-1.600000	 2.850000	 0.191723	 -0.534642
-1.600000	 2.900000	 0.935541	 -1.365912
-1.600000	 2.950000	 1.067594	 -1.365423
-1.600000	 3.000000	 1.210351	 -1.367342
-1.550000	 -3.000000	 1.257570	 1.350922
-1.550000	 -2.950000	 1.110005	 1.344679
-1.550000	 -2.900000	 0.973057	 1.340723
-1.550000	 -2.850000	 0.846452	 1.339203
-1.550000	 -2.800000	 0.140725	 0.528826
-1.550000	 -2.750000	 0.102438	 0.596773
-1.550000	 -2.700000	 0.065461	 0.663586
-1.550000	 -2.650000	 0.029868	 0.729519
-1.550000	 -2.600000	 -0.004257	 0.794865
-1.550000	 -2.550000	 -0.036809	 0.859964
-1.550000	 -2.500000	 -0.443448	 1.520833
-1.550000	 -2.450000	 -0.475417	 1.490417
-1.550000	 -2.400000	 -0.506740	 1.460000
-1.550000	 -2.350000	 -0.537417	 1.429583
-1.550000	 -2.300000	 -0.567448	 1.399167
-1.550000	 -2.250000	 -0.596833	 1.368750
-1.550000	 -2.200000	 -0.625573	 1.338333
-1.550000	 -2.150000	 -0.653667	 1.307917
-1.550000	 -2.100000	 -0.681115	 1.277500
-1.550000	 -2.050000	 -0.707917	 1.247083
-1.550000	 -2.000000	 -0.734073	 1.216667
-1.550000	 -1.950000	 -1.866667	 -1.121250
-1.550000	 -1.900000	 -1.802500	 -1.092500
-1.550000	 -1.850000	 -1.740000	 -1.063750
-1.550000	 -1.800000	 -1.679167	 -1.035000
-1.550000	 -1.750000	 -1.620000	 -1.006250
-1.550000	 -1.700000	 -1.562500	 -0.977500
-1.550000	 -1.650000	 -1.506667	 -0.948750
-1.550000	 -1.600000	 -1.452500	 -0.920000
-1.550000	 -1.550000	 -1.500833	 -2.208750
-1.550000	 -1.500000	 -1.424583	 -2.137500
-1.550000	 -1.450000	 -1.350833	 -2.066250
-1.550000	 -1.400000	 -1.279583	 -1.995000
-1.550000	 -1.350000	 -1.210833	 -1.923750
-1.550000	 -1.300000	 -1.144583	 -1.852500
-1.550000	 -1.250000	 -1.080833	 -1.781250
-1.550000	 -1.200000	 -1.019583	 -1.710000
-1.550000	 -1.150000	 -0.960833	 -1.638750
-1.550000	 -1.100000	 -0.904583	 -1.567500
-1.550000	 -1.050000	 -0.850833	 -1.496250
-1.550000	 -1.000000	 -0.799583	 -1.425000
-1.550000	 -0.950000	 -0.435988	 -0.832782
-1.550000	 -0.900000	 -0.414321	 -0.788952
-1.550000	 -0.850000	 -0.393825	 -0.745121
-1.550000	 -0.800000	 -0.374499	 -0.701290
-1.550000	 -0.750000	 -0.356346	 -0.657460
-1.550000	 -0.700000	 -0.339363	 -0.613629
-1.550000	 -0.650000	 -0.323551	 -0.569798
-1.550000	 -0.600000	 -0.308911	 -0.525968
-1.550000	 -0.550000	 -0.295442	 -0.482137
-1.550000	 -0.500000	 -0.283144	 -0.438306
-1.550000	 -0.450000	 -0.272018	 -0.394476
-1.550000	 -0.400000	 -0.262062	 -0.350645
-1.550000	 -0.350000	 -0.253278	 -0.306815
-1.550000	 -0.300000	 -0.245665	 -0.262984
-1.550000	 -0.250000	 -0.239224	 -0.219153
-1.550000	 -0.200000	 -0.233953	 -0.175323
-1.550000	 -0.150000	 -0.229854	 -0.131492
-1.550000	 -0.100000	 -0.226926	 -0.087661
-1.550000	 -0.050000	 -0.225169	 -0.043831
-1.550000	 -0.000000	 -0.224583	 -0.000000
-1.550000	 0.050000	 -0.225169	 0.043831
-1.550000	 0.100000	 -0.226926	 0.087661
-1.550000	 0.150000	 -0.229854	 0.131492
-1.550000	 0.200000	 -0.233953	 0.175323
-1.550000	 0.250000	 -0.239224	 0.219153
-1.550000	 0.300000	 -0.245665	 0.262984
-1.550000	 0.350000	 -0.253278	 0.306815
-1.550000	 0.400000	 -0.262062	 0.350645
-1.550000	 0.450000	 -0.272018	 0.394476
-1.550000	 0.500000	 -0.283144	 0.438306
-1.550000	 0.550000	 -0.295442	 0.482137
-1.550000	 0.600000	 -0.308911	 0.525968
-1.550000	 0.650000	 -0.323551	 0.569798
-1.550000	 0.700000	 -0.339363	 0.613629
-1.550000	 0.750000	 -0.356346	 0.657460
-1.550000	 0.800000	 -0.374499	 0.701290
-1.550000	 0.850000	 -0.393825	 0.745121
-1.550000	 0.900000	 -0.414321	 0.788952
-1.550000	 0.950000	 -0.435988	 0.832782
-1.550000	 1.000000	 -0.458827	 0.876613
-1.550000	 1.050000	 -0.850833	 1.496250
-1.550000	 1.100000	 -0.904583	 1.567500
-1.550000	 1.150000	 -0.960833	 1.638750
-1.550000	 1.200000	 -1.019583	 1.710000
-1.550000	 1.250000	 -1.080833	 1.781250
-1.550000	 1.300000	 -1.144583	 1.852500
-1.550000	 1.350000	 -1.210833	 1.923750
-1.550000	 1.400000	 -1.279583	 1.995000
-1.550000	 1.450000	 -1.350833	 2.066250
-1.550000	 1.500000	 -1.424583	 2.137500
-1.550000	 1.550000	 -1.500833	 2.208750
-1.550000	 1.600000	 -1.452500	 0.920000
-1.550000	 1.650000	 -1.506667	 0.948750
-1.550000	 1.700000	 -1.562500	 0.977500
-1.550000	 1.750000	 -1.620000	 1.006250
-1.550000	 1.800000	 -1.679167	 1.035000
-1.550000	 1.850000	 -1.740000	 1.063750
-1.550000	 1.900000	 -1.802500	 1.092500
-1.550000	 1.950000	 -1.866667	 1.121250
-1.550000	 2.000000	 -1.932500	 1.150000
-1.550000	 2.050000	 -0.707917	 -1.247083
-1.550000	 2.100000	 -0.681115	 -1.277500
-1.550000	 2.150000	 -0.653667	 -1.307917
-1.550000	 2.200000	 -0.625573	 -1.338333
-1.550000	 2.250000	 -0.596833	 -1.368750
-1.550000	 2.300000	 -0.567448	 -1.399167
-1.550000	 2.350000	 -0.537417	 -1.429583
-1.550000	 2.400000	 -0.506740	 -1.460000
-1.550000	 2.450000	 -0.475417	 -1.490417
-1.550000	 2.500000	 -0.443448	 -1.520833
-1.550000	 2.550000	 -0.036809	 -0.859964
-1.550000	 2.600000	 -0.004257	 -0.794865
-1.550000	 2.650000	 0.029868	 -0.729519
-1.550000	 2.700000	 0.065461	 -0.663586
-1.550000	 2.750000	 0.102438	 -0.596773
-1.550000	 2.800000	 0.140725	 -0.528826
-1.550000	 2.850000	 0.846452	 -1.339203
-1.550000	 2.900000	 0.973057	 -1.340723
-1.550000	 2.950000	 1.110005	 -1.344679
-1.550000	 3.000000	 1.257570	 -1.350922
-1.500000	 -3.000000	 1.304977	 1.338542
-1.500000	 -2.950000	 1.152958	 1.328174
-1.500000	 -2.900000	 1.011489	 1.320002
-1.500000	 -2.850000	 0.880279	 1.314149
-1.500000	 -2.800000	 0.129550	 0.455978
-1.500000	 -2.750000	 0.090862	 0.521228
-1.500000	 -2.700000	 0.053373	 0.585214
-1.500000	 -2.650000	 0.017137	 0.648153
-1.500000	 -2.600000	 -0.017781	 0.710288
-1.500000	 -2.550000	 -0.051302	 0.771905
-1.500000	 -2.500000	 -0.458333	 1.458333
-1.500000	 -2.450000	 -0.489271	 1.429167
-1.500000	 -2.400000	 -0.519583	 1.400000
-1.500000	 -2.350000	 -0.549271	 1.370833
-1.500000	 -2.300000	 -0.578333	 1.341667
-1.500000	 -2.250000	 -0.606771	 1.312500
-1.500000	 -2.200000	 -0.634583	 1.283333
-1.500000	 -2.150000	 -0.661771	 1.254167
-1.500000	 -2.100000	 -0.688333	 1.225000
-1.500000	 -2.050000	 -0.714271	 1.195833
-1.500000	 -2.000000	 -0.739583	 1.166667
-1.500000	 -1.950000	 -1.850833	 -1.137500
-1.500000	 -1.900000	 -1.786667	 -1.108333
-1.500000	 -1.850000	 -1.724167	 -1.079167
-1.500000	 -1.800000	 -1.663333	 -1.050000
-1.500000	 -1.750000	 -1.604167	 -1.020833
-1.500000	 -1.700000	 -1.546667	 -0.991667
-1.500000	 -1.650000	 -1.490833	 -0.962500
-1.500000	 -1.600000	 -1.436667	 -0.933333
-1.500000	 -1.550000	 -1.384167	 -0.904167
-1.500000	 -1.500000	 -1.416667	 -2.125000
-1.500000	 -1.450000	 -1.342917	 -2.054167
-1.500000	 -1.400000	 -1.271667	 -1.983333
-1.500000	 -1.350000	 -1.202917	 -1.912500
-1.500000	 -1.300000	 -1.136667	 -1.841667
-1.500000	 -1.250000	 -1.072917	 -1.770833
-1.500000	 -1.200000	 -1.011667	 -1.700000
-1.500000	 -1.150000	 -0.952917	 -1.629167
-1.500000	 -1.100000	 -0.896667	 -1.558333
-1.500000	 -1.050000	 -0.842917	 -1.487500
-1.500000	 -1.000000	 -0.791667	 -1.416667
-1.500000	 -0.950000	 -0.418290	 -0.818056
-1.500000	 -0.900000	 -0.396771	 -0.775000
-1.500000	 -0.850000	 -0.376415	 -0.731944
-1.500000	 -0.800000	 -0.357222	 -0.688889
-1.500000	 -0.750000	 -0.339193	 -0.645833
-1.500000	 -0.700000	 -0.322326	 -0.602778
-1.500000	 -0.650000	 -0.306623	 -0.559722
-1.500000	 -0.600000	 -0.292083	 -0.516667
-1.500000	 -0.550000	 -0.278707	 -0.473611
-1.500000	 -0.500000	 -0.266493	 -0.430556
-1.500000	 -0.450000	 -0.255443	 -0.387500
-1.500000	 -0.400000	 -0.245556	 -0.344444
-1.500000	 -0.350000	 -0.236832	 -0.301389
-1.500000	 -0.300000	 -0.229271	 -0.258333
-1.500000	 -0.250000	 -0.222873	 -0.215278
-1.500000	 -0.200000	 -0.217639	 -0.172222
-1.500000	 -0.150000	 -0.213568	 -0.129167
-1.500000	 -0.100000	 -0.210660	 -0.086111
-1.500000	 -0.050000	 -0.208915	 -0.043056
-1.500000	 -0.000000	 -0.208333	 -0.000000
-1.500000	 0.050000	 -0.208915	 0.043056
-1.500000	 0.100000	 -0.210660	 0.086111
-1.500000	 0.150000	 -0.213568	 0.129167
-1.500000	 0.200000	 -0.217639	 0.172222
-1.500000	 0.250000	 -0.222873	 0.215278
-1.500000	 0.300000	 -0.229271	 0.258333
-1.500000	 0.350000	 -0.236832	 0.301389
-1.500000	 0.400000	 -0.245556	 0.344444
-1.500000	 0.450000	 -0.255443	 0.387500
-1.500000	 0.500000	 -0.266493	 0.430556
-1.500000	 0.550000	 -0.278707	 0.473611
-1.500000	 0.600000	 -0.292083	 0.516667
-1.500000	 0.650000	 -0.306623	 0.559722
-1.500000	 0.700000	 -0.322326	 0.602778
-1.500000	 0.750000	 -0.339193	 0.645833
-1.500000	 0.800000	 -0.357222	 0.688889
-1.500000	 0.850000	 -0.376415	 0.731944
-1.500000	 0.900000	 -0.396771	 0.775000
-1.500000	 0.950000	 -0.418290	 0.818056
-1.500000	 1.000000	 -0.440972	 0.861111
-1.500000	 1.050000	 -0.842917	 1.487500
-1.500000	 1.100000	 -0.896667	 1.558333
-1.500000	 1.150000	 -0.952917	 1.629167
-1.500000	 1.200000	 -1.011667	 1.700000
-1.500000	 1.250000	 -1.072917	 1.770833
-1.500000	 1.300000	 -1.136667	 1.841667
-1.500000	 1.350000	 -1.202917	 1.912500
-1.500000	 1.400000	 -1.271667	 1.983333
-1.500000	 1.450000	 -1.342917	 2.054167
-1.500000	 1.500000	 -1.416667	 2.125000
-1.500000	 1.550000	 -1.384167	 0.904167
-1.500000	 1.600000	 -1.436667	 0.933333
-1.500000	 1.650000	 -1.490833	 0.962500
-1.500000	 1.700000	 -1.546667	 0.991667
-1.500000	 1.750000	 -1.604167	 1.020833
-1.500000	 1.800000	 -1.663333	 1.050000
-1.500000	 1.850000	 -1.724167	 1.079167
-1.500000	 1.900000	 -1.786667	 1.108333
-1.500000	 1.950000	 -1.850833	 1.137500
-1.500000	 2.000000	 -1.916667	 1.166667
-1.500000	 2.050000	 -0.714271	 -1.195833
-1.500000	 2.100000	 -0.688333	 -1.225000
-1.500000	 2.150000	 -0.661771	 -1.254167
-1.500000	 2.200000	 -0.634583	 -1.283333
-1.500000	 2.250000	 -0.606771	 -1.312500
-1.500000	 2.300000	 -0.578333	 -1.341667
-1.500000	 2.350000	 -0.549271	 -1.370833
-1.500000	 2.400000	 -0.519583	 -1.400000
-1.500000	 2.450000	 -0.489271	 -1.429167
-1.500000	 2.500000	 -0.458333	 -1.458333
-1.500000	 2.550000	 -0.051302	 -0.771905
-1.500000	 2.600000	 -0.017781	 -0.710288
-1.500000	 2.650000	 0.017137	 -0.648153
-1.500000	 2.700000	 0.053373	 -0.585214
-1.500000	 2.750000	 0.090862	 -0.521228
-1.500000	 2.800000	 0.129550	 -0.455978
-1.500000	 2.850000	 0.880279	 -1.314149
-1.500000	 2.900000	 1.011489	 -1.320002
-1.500000	 2.950000	 1.152958	 -1.328174
-1.500000	 3.000000	 1.304977	 -1.338542
-1.450000	 -3.000000	 1.352132	 1.329866
-1.450000	 -2.950000	 1.195992	 1.315544
-1.450000	 -2.900000	 1.050349	 1.303353
-1.450000	 -2.850000	 0.914900	 1.293393
-1.450000	 -2.800000	 0.789355	 1.285782
-1.450000	 -2.750000	 0.080018	 0.450551
-1.450000	 -2.700000	 0.042221	 0.511922
-1.450000	 -2.650000	 0.005569	 0.572118
-1.450000	 -2.600000	 -0.029889	 0.631349
-1.450000	 -2.550000	 -0.064095	 0.689852
-1.450000	 -2.500000	 -0.096977	 0.747902
-1.450000	 -2.450000	 -0.502500	 1.367917
-1.450000	 -2.400000	 -0.531802	 1.340000
-1.450000	 -2.350000	 -0.560500	 1.312083
-1.450000	 -2.300000	 -0.588594	 1.284167
-1.450000	 -2.250000	 -0.616083	 1.256250
-1.450000	 -2.200000	 -0.642969	 1.228333
-1.450000	 -2.150000	 -0.669250	 1.200417
-1.450000	 -2.100000	 -0.694927	 1.172500
-1.450000	 -2.050000	 -0.720000	 1.144583
-1.450000	 -2.000000	 -0.744469	 1.116667
-1.450000	 -1.950000	 -1.833333	 -1.153750
-1.450000	 -1.900000	 -1.769167	 -1.124167
-1.450000	 -1.850000	 -1.706667	 -1.094583
-1.450000	 -1.800000	 -1.645833	 -1.065000
-1.450000	 -1.750000	 -1.586667	 -1.035417
-1.450000	 -1.700000	 -1.529167	 -1.005833
-1.450000	 -1.650000	 -1.473333	 -0.976250
-1.450000	 -1.600000	 -1.419167	 -0.946667
-1.450000	 -1.550000	 -1.366667	 -0.917083
-1.450000	 -1.500000	 -1.315833	 -0.887500
-1.450000	 -1.450000	 -1.334167	 -2.042083
-1.450000	 -1.400000	 -1.262917	 -1.971667
-1.450000	 -1.350000	 -1.194167	 -1.901250
-1.450000	 -1.300000	 -1.127917	 -1.830833
-1.450000	 -1.250000	 -1.064167	 -1.760417
-1.450000	 -1.200000	 -1.002917	 -1.690000
-1.450000	 -1.150000	 -0.944167	 -1.619583
-1.450000	 -1.100000	 -0.887917	 -1.549167
-1.450000	 -1.050000	 -0.834167	 -1.478750
-1.450000	 -1.000000	 -0.782917	 -1.408333
-1.450000	 -0.950000	 -0.399723	 -0.802859
-1.450000	 -0.900000	 -0.378356	 -0.760603
-1.450000	 -0.850000	 -0.358144	 -0.718348
-1.450000	 -0.800000	 -0.339087	 -0.676092
-1.450000	 -0.750000	 -0.321185	 -0.633836
-1.450000	 -0.700000	 -0.304438	 -0.591580
-1.450000	 -0.650000	 -0.288845	 -0.549325
-1.450000	 -0.600000	 -0.274408	 -0.507069
-1.450000	 -0.550000	 -0.261126	 -0.464813
-1.450000	 -0.500000	 -0.248999	 -0.422557
-1.450000	 -0.450000	 -0.238026	 -0.380302
-1.450000	 -0.400000	 -0.228209	 -0.338046
-1.450000	 -0.350000	 -0.219547	 -0.295790
-1.450000	 -0.300000	 -0.212040	 -0.253534
-1.450000	 -0.250000	 -0.205687	 -0.211279
-1.450000	 -0.200000	 -0.200490	 -0.169023
-1.450000	 -0.150000	 -0.196447	 -0.126767
-1.450000	 -0.100000	 -0.193560	 -0.084511
-1.450000	 -0.050000	 -0.191827	 -0.042256
-1.450000	 -0.000000	 -0.191250	 -0.000000
-1.450000	 0.050000	 -0.191827	 0.042256
-1.450000	 0.100000	 -0.193560	 0.084511
-1.450000	 0.150000	 -0.196447	 0.126767
-1.450000	 0.200000	 -0.200490	 0.169023
-1.450000	 0.250000	 -0.205687	 0.211279
-1.450000	 0.300000	 -0.212040	 0.253534
-1.450000	 0.350000	 -0.219547	 0.295790
-1.450000	 0.400000	 -0.228209	 0.338046
-1.450000	 0.450000	 -0.238026	 0.380302
-1.450000	 0.500000	 -0.248999	 0.422557
-1.450000	 0.550000	 -0.261126	 0.464813
-1.450000	 0.600000	 -0.274408	 0.507069
-1.450000	 0.650000	 -0.288845	 0.549325
-1.450000	 0.700000	 -0.304438	 0.591580
-1.450000	 0.750000	 -0.321185	 0.633836
-1.450000	 0.800000	 -0.339087	 0.676092
-1.450000	 0.850000	 -0.358144	 0.718348
-1.450000	 0.900000	 -0.378356	 0.760603
-1.450000	 0.950000	 -0.399723	 0.802859
-1.450000	 1.000000	 -0.422245	 0.845115
-1.450000	 1.050000	 -0.834167	 1.478750
-1.450000	 1.100000	 -0.887917	 1.549167
-1.450000	 1.150000	 -0.944167	 1.619583
-1.450000	 1.200000	 -1.002917	 1.690000
-1.450000	 1.250000	 -1.064167	 1.760417
-1.450000	 1.300000	 -1.127917	 1.830833
-1.450000	 1.350000	 -1.194167	 1.901250
-1.450000	 1.400000	 -1.262917	 1.971667
-1.450000	 1.450000	 -1.334167	 2.042083
-1.450000	 1.500000	 -1.315833	 0.887500
-1.450000	 1.550000	 -1.366667	 0.917083
-1.450000	 1.600000	 -1.419167	 0.946667
-1.450000	 1.650000	 -1.473333	 0.976250
-1.450000	 1.700000	 -1.529167	 1.005833
-1.450000	 1.750000	 -1.586667	 1.035417
-1.450000	 1.800000	 -1.645833	 1.065000
-1.450000	 1.850000	 -1.706667	 1.094583
-1.450000	 1.900000	 -1.769167	 1.124167
-1.450000	 1.950000	 -1.833333	 1.153750
-1.450000	 2.000000	 -1.899167	 1.183333
-1.450000	 2.050000	 -0.720000	 -1.144583
-1.450000	 2.100000	 -0.694927	 -1.172500
-1.450000	 2.150000	 -0.669250	 -1.200417
-1.450000	 2.200000	 -0.642969	 -1.228333
-1.450000	 2.250000	 -0.616083	 -1.256250
-1.450000	 2.300000	 -0.588594	 -1.284167
-1.450000	 2.350000	 -0.560500	 -1.312083
-1.450000	 2.400000	 -0.531802	 -1.340000
-1.450000	 2.450000	 -0.502500	 -1.367917
-1.450000	 2.500000	 -0.096977	 -0.747902
-1.450000	 2.550000	 -0.064095	 -0.689852
-1.450000	 2.600000	 -0.029889	 -0.631349
-1.450000	 2.650000	 0.005569	 -0.572118
-1.450000	 2.700000	 0.042221	 -0.511922
-1.450000	 2.750000	 0.080018	 -0.450551
-1.450000	 2.800000	 0.789355	 -1.285782
-1.450000	 2.850000	 0.914900	 -1.293393
-1.450000	 2.900000	 1.050349	 -1.303353
-1.450000	 2.950000	 1.195992	 -1.315544
-1.450000	 3.000000	 1.352132	 -1.329866
-1.400000	 -3.000000	 1.398633	 1.324591
-1.400000	 -2.950000	 1.238685	 1.306458
-1.400000	 -2.900000	 1.089194	 1.290416
-1.400000	 -2.850000	 0.949845	 1.276543
-1.400000	 -2.800000	 0.820337	 1.264933
-1.400000	 -2.750000	 0.700381	 1.255698
-1.400000	 -2.700000	 0.031760	 0.443320
-1.400000	 -2.650000	 -0.005109	 0.500982
-1.400000	 -2.600000	 -0.040889	 0.557556
-1.400000	 -2.550000	 -0.075534	 0.613244
-1.400000	 -2.500000	 -0.108993	 0.668276
-1.400000	 -2.450000	 -0.141202	 0.722916
-1.400000	 -2.400000	 -0.543333	 1.280000
-1.400000	 -2.350000	 -0.571042	 1.253333
-1.400000	 -2.300000	 -0.598167	 1.226667
-1.400000	 -2.250000	 -0.624708	 1.200000
-1.400000	 -2.200000	 -0.650667	 1.173333
-1.400000	 -2.150000	 -0.676042	 1.146667
-1.400000	 -2.100000	 -0.700833	 1.120000
-1.400000	 -2.050000	 -0.725042	 1.093333
-1.400000	 -2.000000	 -0.748667	 1.066667
-1.400000	 -1.950000	 -1.814167	 -1.170000
-1.400000	 -1.900000	 -1.750000	 -1.140000
-1.400000	 -1.850000	 -1.687500	 -1.110000
-1.400000	 -1.800000	 -1.626667	 -1.080000
-1.400000	 -1.750000	 -1.567500	 -1.050000
-1.400000	 -1.700000	 -1.510000	 -1.020000
-1.400000	 -1.650000	 -1.454167	 -0.990000
-1.400000	 -1.600000	 -1.400000	 -0.960000
-1.400000	 -1.550000	 -1.347500	 -0.930000
-1.400000	 -1.500000	 -1.296667	 -0.900000
-1.400000	 -1.450000	 -1.247500	 -0.870000
-1.400000	 -1.400000	 -1.253333	 -1.960000
-1.400000	 -1.350000	 -1.184583	 -1.890000
-1.400000	 -1.300000	 -1.118333	 -1.820000
-1.400000	 -1.250000	 -1.054583	 -1.750000
-1.400000	 -1.200000	 -0.993333	 -1.680000
-1.400000	 -1.150000	 -0.934583	 -1.610000
-1.400000	 -1.100000	 -0.878333	 -1.540000
-1.400000	 -1.050000	 -0.824583	 -1.470000
-1.400000	 -1.000000	 -0.773333	 -1.400000
-1.400000	 -0.950000	 -0.380264	 -0.787143
-1.400000	 -0.900000	 -0.359055	 -0.745714
-1.400000	 -0.850000	 -0.338992	 -0.704286
-1.400000	 -0.800000	 -0.320076	 -0.662857
-1.400000	 -0.750000	 -0.302307	 -0.621429
-1.400000	 -0.700000	 -0.285683	 -0.580000
-1.400000	 -0.650000	 -0.270207	 -0.538571
-1.400000	 -0.600000	 -0.255876	 -0.497143
-1.400000	 -0.550000	 -0.242692	 -0.455714
-1.400000	 -0.500000	 -0.230655	 -0.414286
-1.400000	 -0.450000	 -0.219764	 -0.372857
-1.400000	 -0.400000	 -0.210019	 -0.331429
-1.400000	 -0.350000	 -0.201421	 -0.290000
-1.400000	 -0.300000	 -0.193969	 -0.248571
-1.400000	 -0.250000	 -0.187664	 -0.207143
-1.400000	 -0.200000	 -0.182505	 -0.165714
-1.400000	 -0.150000	 -0.178492	 -0.124286
-1.400000	 -0.100000	 -0.175626	 -0.082857
-1.400000	 -0.050000	 -0.173907	 -0.041429
-1.400000	 -0.000000	 -0.173333	 -0.000000
-1.400000	 0.050000	 -0.173907	 0.041429
-1.400000	 0.100000	 -0.175626	 0.082857
-1.400000	 0.150000	 -0.178492	 0.124286
-1.400000	 0.200000	 -0.182505	 0.165714
-1.400000	 0.250000	 -0.187664	 0.207143
-1.400000	 0.300000	 -0.193969	 0.248571
-1.400000	 0.350000	 -0.201421	 0.290000
-1.400000	 0.400000	 -0.210019	 0.331429
-1.400000	 0.450000	 -0.219764	 0.372857
-1.400000	 0.500000	 -0.230655	 0.414286
-1.400000	 0.550000	 -0.242692	 0.455714
-1.400000	 0.600000	 -0.255876	 0.497143
-1.400000	 0.650000	 -0.270207	 0.538571
-1.400000	 0.700000	 -0.285683	 0.580000
-1.400000	 0.750000	 -0.302307	 0.621429
-1.400000	 0.800000	 -0.320076	 0.662857
-1.400000	 0.850000	 -0.338992	 0.704286
-1.400000	 0.900000	 -0.359055	 0.745714
-1.400000	 0.950000	 -0.380264	 0.787143
-1.400000	 1.000000	 -0.402619	 0.828571
-1.400000	 1.050000	 -0.824583	 1.470000
-1.400000	 1.100000	 -0.878333	 1.540000
-1.400000	 1.150000	 -0.934583	 1.610000
-1.400000	 1.200000	 -0.993333	 1.680000
-1.400000	 1.250000	 -1.054583	 1.750000
-1.400000	 1.300000	 -1.118333	 1.820000
-1.400000	 1.350000	 -1.184583	 1.890000
-1.400000	 1.400000	 -1.253333	 1.960000
-1.400000	 1.450000	 -1.247500	 0.870000
-1.400000	 1.500000	 -1.296667	 0.900000
-1.400000	 1.550000	 -1.347500	 0.930000
-1.400000	 1.600000	 -1.400000	 0.960000
-1.400000	 1.650000	 -1.454167	 0.990000
-1.400000	 1.700000	 -1.510000	 1.020000
-1.400000	 1.750000	 -1.567500	 1.050000
-1.400000	 1.800000	 -1.626667	 1.080000
-1.400000	 1.850000	 -1.687500	 1.110000
-1.400000	 1.900000	 -1.750000	 1.140000
-1.400000	 1.950000	 -1.814167	 1.170000
-1.400000	 2.000000	 -1.880000	 1.200000
-1.400000	 2.050000	 -0.725042	 -1.093333
-1.400000	 2.100000	 -0.700833	 -1.120000
-1.400000	 2.150000	 -0.676042	 -1.146667
-1.400000	 2.200000	 -0.650667	 -1.173333
-1.400000	 2.250000	 -0.624708	 -1.200000
-1.400000	 2.300000	 -0.598167	 -1.226667
-1.400000	 2.350000	 -0.571042	 -1.253333
-1.400000	 2.400000	 -0.543333	 -1.280000
-1.400000	 2.450000	 -0.141202	 -0.722916
-1.400000	 2.500000	 -0.108993	 -0.668276
-1.400000	 2.550000	 -0.075534	 -0.613244
-1.400000	 2.600000	 -0.040889	 -0.557556
-1.400000	 2.650000	 -0.005109	 -0.500982
-1.400000	 2.700000	 0.031760	 -0.443320
-1.400000	 2.750000	 0.700381	 -1.255698
-1.400000	 2.800000	 0.820337	 -1.264933
-1.400000	 2.850000	 0.949845	 -1.276543
-1.400000	 2.900000	 1.089194	 -1.290416
-1.400000	 2.950000	 1.238685	 -1.306458
-1.400000	 3.000000	 1.398633	 -1.324591
-1.350000	 -3.000000	 1.444110	 1.322435
-1.350000	 -2.950000	 1.280651	 1.300618
-1.350000	 -2.900000	 1.127619	 1.280867
-1.350000	 -2.850000	 0.984689	 1.263246
-1.350000	 -2.800000	 0.851549	 1.247828
-1.350000	 -2.750000	 0.727900	 1.234704
-1.350000	 -2.700000	 0.613455	 1.223978
-1.350000	 -2.650000	 -0.015131	 0.434362
-1.350000	 -2.600000	 -0.051040	 0.488481
-1.350000	 -2.550000	 -0.085913	 0.541597
-1.350000	 -2.500000	 -0.119713	 0.593904
-1.350000	 -2.450000	 -0.152393	 0.645622
-1.350000	 -2.400000	 -0.554115	 1.220000
-1.350000	 -2.350000	 -0.580833	 1.194583
-1.350000	 -2.300000	 -0.606990	 1.169167
-1.350000	 -2.250000	 -0.632583	 1.143750
-1.350000	 -2.200000	 -0.657615	 1.118333
-1.350000	 -2.150000	 -0.682083	 1.092917
-1.350000	 -2.100000	 -0.705990	 1.067500
-1.350000	 -2.050000	 -0.729333	 1.042083
-1.350000	 -2.000000	 -0.752115	 1.016667
-1.350000	 -1.950000	 -1.793333	 -1.186250
-1.350000	 -1.900000	 -1.729167	 -1.155833
-1.350000	 -1.850000	 -1.666667	 -1.125417
-1.350000	 -1.800000	 -1.605833	 -1.095000
-1.350000	 -1.750000	 -1.546667	 -1.064583
-1.350000	 -1.700000	 -1.489167	 -1.034167
-1.350000	 -1.650000	 -1.433333	 -1.003750
-1.350000	 -1.600000	 -1.379167	 -0.973333
-1.350000	 -1.550000	 -1.326667	 -0.942917
-1.350000	 -1.500000	 -1.275833	 -0.912500
-1.350000	 -1.450000	 -1.226667	 -0.882083
-1.350000	 -1.400000	 -1.179167	 -0.851667
-1.350000	 -1.350000	 -1.174167	 -1.878750
-1.350000	 -1.300000	 -1.107917	 -1.809167
-1.350000	 -1.250000	 -1.044167	 -1.739583
-1.350000	 -1.200000	 -0.982917	 -1.670000
-1.350000	 -1.150000	 -0.924167	 -1.600417
-1.350000	 -1.100000	 -0.867917	 -1.530833
-1.350000	 -1.050000	 -0.814167	 -1.461250
-1.350000	 -1.000000	 -0.762917	 -1.391667
-1.350000	 -0.950000	 -0.359885	 -0.770849
-1.350000	 -0.900000	 -0.338843	 -0.730278
-1.350000	 -0.850000	 -0.318938	 -0.689707
-1.350000	 -0.800000	 -0.300171	 -0.649136
-1.350000	 -0.750000	 -0.282541	 -0.608565
-1.350000	 -0.700000	 -0.266049	 -0.567994
-1.350000	 -0.650000	 -0.250694	 -0.527423
-1.350000	 -0.600000	 -0.236476	 -0.486852
-1.350000	 -0.550000	 -0.223396	 -0.446281
-1.350000	 -0.500000	 -0.211454	 -0.405710
-1.350000	 -0.450000	 -0.200648	 -0.365139
-1.350000	 -0.400000	 -0.190980	 -0.324568
-1.350000	 -0.350000	 -0.182450	 -0.283997
-1.350000	 -0.300000	 -0.175057	 -0.243426
-1.350000	 -0.250000	 -0.168801	 -0.202855
-1.350000	 -0.200000	 -0.163683	 -0.162284
-1.350000	 -0.150000	 -0.159702	 -0.121713
-1.350000	 -0.100000	 -0.156858	 -0.081142
-1.350000	 -0.050000	 -0.155152	 -0.040571
-1.350000	 -0.000000	 -0.154583	 -0.000000
-1.350000	 0.050000	 -0.155152	 0.040571
-1.350000	 0.100000	 -0.156858	 0.081142
-1.350000	 0.150000	 -0.159702	 0.121713
-1.350000	 0.200000	 -0.163683	 0.162284
-1.350000	 0.250000	 -0.168801	 0.202855
-1.350000	 0.300000	 -0.175057	 0.243426
-1.350000	 0.350000	 -0.182450	 0.283997
-1.350000	 0.400000	 -0.190980	 0.324568
-1.350000	 0.450000	 -0.200648	 0.365139
-1.350000	 0.500000	 -0.211454	 0.405710
-1.350000	 0.550000	 -0.223396	 0.446281
-1.350000	 0.600000	 -0.236476	 0.486852
-1.350000	 0.650000	 -0.250694	 0.527423
-1.350000	 0.700000	 -0.266049	 0.567994
-1.350000	 0.750000	 -0.282541	 0.608565
-1.350000	 0.800000	 -0.300171	 0.649136
-1.350000	 0.850000	 -0.318938	 0.689707
-1.350000	 0.900000	 -0.338843	 0.730278
-1.350000	 0.950000	 -0.359885	 0.770849
-1.350000	 1.000000	 -0.382064	 0.811420
-1.350000	 1.050000	 -0.814167	 1.461250
-1.350000	 1.100000	 -0.867917	 1.530833
-1.350000	 1.150000	 -0.924167	 1.600417
-1.350000	 1.200000	 -0.982917	 1.670000
-1.350000	 1.250000	 -1.044167	 1.739583
-1.350000	 1.300000	 -1.107917	 1.809167
-1.350000	 1.350000	 -1.174167	 1.878750
-1.350000	 1.400000	 -1.179167	 0.851667
-1.350000	 1.450000	 -1.226667	 0.882083
-1.350000	 1.500000	 -1.275833	 0.912500
-1.350000	 1.550000	 -1.326667	 0.942917
-1.350000	 1.600000	 -1.379167	 0.973333
-1.350000	 1.650000	 -1.433333	 1.003750
-1.350000	 1.700000	 -1.489167	 1.034167
-1.350000	 1.750000	 -1.546667	 1.064583
-1.350000	 1.800000	 -1.605833	 1.095000
-1.350000	 1.850000	 -1.666667	 1.125417
-1.350000	 1.900000	 -1.729167	 1.155833
-1.350000	 1.950000	 -1.793333	 1.186250
-1.350000	 2.000000	 -1.859167	 1.216667
-1.350000	 2.050000	 -0.729333	 -1.042083
-1.350000	 2.100000	 -0.705990	 -1.067500
-1.350000	 2.150000	 -0.682083	 -1.092917
-1.350000	 2.200000	 -0.657615	 -1.118333
-1.350000	 2.250000	 -0.632583	 -1.143750
-1.350000	 2.300000	 -0.606990	 -1.169167
-1.350000	 2.350000	 -0.580833	 -1.194583
-1.350000	 2.400000	 -0.554115	 -1.220000
-1.350000	 2.450000	 -0.152393	 -0.645622
-1.350000	 2.500000	 -0.119713	 -0.593904
-1.350000	 2.550000	 -0.085913	 -0.541597
-1.350000	 2.600000	 -0.051040	 -0.488481
-1.350000	 2.650000	 -0.015131	 -0.434362
-1.350000	 2.700000	 0.613455	 -1.223978
-1.350000	 2.750000	 0.727900	 -1.234704
-1.350000	 2.800000	 0.851549	 -1.247828
-1.350000	 2.850000	 0.984689	 -1.263246
-1.350000	 2.900000	 1.127619	 -1.280867
-1.350000	 2.950000	 1.280651	 -1.300618
-1.350000	 3.000000	 1.444110	 -1.322435
-1.300000	 -3.000000	 1.488223	 1.323141
-1.300000	 -2.950000	 1.321536	 1.297748
-1.300000	 -2.900000	 1.165253	 1.274412
-1.300000	 -2.850000	 1.019043	 1.253183
-1.300000	 -2.800000	 0.882584	 1.234120
-1.300000	 -2.750000	 0.755565	 1.217293
-1.300000	 -2.700000	 0.637690	 1.202786
-1.300000	 -2.650000	 0.528675	 1.190696
-1.300000	 -2.600000	 -0.060564	 0.423753
-1.300000	 -2.550000	 -0.095479	 0.474494
-1.300000	 -2.500000	 -0.129416	 0.524313
-1.300000	 -2.450000	 -0.162340	 0.573396
-1.300000	 -2.400000	 -0.194214	 0.621957
-1.300000	 -2.350000	 -0.589812	 1.135833
-1.300000	 -2.300000	 -0.615000	 1.111667
-1.300000	 -2.250000	 -0.639646	 1.087500
-1.300000	 -2.200000	 -0.663750	 1.063333
-1.300000	 -2.150000	 -0.687312	 1.039167
-1.300000	 -2.100000	 -0.710333	 1.015000
-1.300000	 -2.050000	 -0.732812	 0.990833
-1.300000	 -2.000000	 -0.754750	 0.966667
-1.300000	 -1.950000	 -1.770833	 -1.202500
-1.300000	 -1.900000	 -1.706667	 -1.171667
-1.300000	 -1.850000	 -1.644167	 -1.140833
-1.300000	 -1.800000	 -1.583333	 -1.110000
-1.300000	 -1.750000	 -1.524167	 -1.079167
-1.300000	 -1.700000	 -1.466667	 -1.048333
-1.300000	 -1.650000	 -1.410833	 -1.017500
-1.300000	 -1.600000	 -1.356667	 -0.986667
-1.300000	 -1.550000	 -1.304167	 -0.955833
-1.300000	 -1.500000	 -1.253333	 -0.925000
-1.300000	 -1.450000	 -1.204167	 -0.894167
-1.300000	 -1.400000	 -1.156667	 -0.863333
-1.300000	 -1.350000	 -1.110833	 -0.832500
-1.300000	 -1.300000	 -1.096667	 -1.798333
-1.300000	 -1.250000	 -1.032917	 -1.729167
-1.300000	 -1.200000	 -0.971667	 -1.660000
-1.300000	 -1.150000	 -0.912917	 -1.590833
-1.300000	 -1.100000	 -0.856667	 -1.521667
-1.300000	 -1.050000	 -0.802917	 -1.452500
-1.300000	 -1.000000	 -0.751667	 -1.383333
-1.300000	 -0.950000	 -0.338554	 -0.753910
-1.300000	 -0.900000	 -0.317691	 -0.714231
-1.300000	 -0.850000	 -0.297956	 -0.674551
-1.300000	 -0.800000	 -0.279349	 -0.634872
-1.300000	 -0.750000	 -0.261869	 -0.595192
-1.300000	 -0.700000	 -0.245517	 -0.555513
-1.300000	 -0.650000	 -0.230293	 -0.515833
-1.300000	 -0.600000	 -0.216196	 -0.476154
-1.300000	 -0.550000	 -0.203227	 -0.436474
-1.300000	 -0.500000	 -0.191386	 -0.396795
-1.300000	 -0.450000	 -0.180673	 -0.357115
-1.300000	 -0.400000	 -0.171087	 -0.317436
-1.300000	 -0.350000	 -0.162629	 -0.277756
-1.300000	 -0.300000	 -0.155299	 -0.238077
-1.300000	 -0.250000	 -0.149097	 -0.198397
-1.300000	 -0.200000	 -0.144022	 -0.158718
-1.300000	 -0.150000	 -0.140075	 -0.119038
-1.300000	 -0.100000	 -0.137255	 -0.079359
-1.300000	 -0.050000	 -0.135564	 -0.039679
-1.300000	 -0.000000	 -0.135000	 -0.000000
-1.300000	 0.050000	 -0.135564	 0.039679
-1.300000	 0.100000	 -0.137255	 0.079359
-1.300000	 0.150000	 -0.140075	 0.119038
-1.300000	 0.200000	 -0.144022	 0.158718
-1.300000	 0.250000	 -0.149097	 0.198397
-1.300000	 0.300000	 -0.155299	 0.238077
-1.300000	 0.350000	 -0.162629	 0.277756
-1.300000	 0.400000	 -0.171087	 0.317436
-1.300000	 0.450000	 -0.180673	 0.357115
-1.300000	 0.500000	 -0.191386	 0.396795
-1.300000	 0.550000	 -0.203227	 0.436474
-1.300000	 0.600000	 -0.216196	 0.476154
-1.300000	 0.650000	 -0.230293	 0.515833
-1.300000	 0.700000	 -0.245517	 0.555513
-1.300000	 0.750000	 -0.261869	 0.595192
-1.300000	 0.800000	 -0.279349	 0.634872
-1.300000	 0.850000	 -0.297956	 0.674551
-1.300000	 0.900000	 -0.317691	 0.714231
-1.300000	 0.950000	 -0.338554	 0.753910
-1.300000	 1.000000	 -0.360545	 0.793590
-1.300000	 1.050000	 -0.802917	 1.452500
-1.300000	 1.100000	 -0.856667	 1.521667
-1.300000	 1.150000	 -0.912917	 1.590833
-1.300000	 1.200000	 -0.971667	 1.660000
-1.300000	 1.250000	 -1.032917	 1.729167
-1.300000	 1.300000	 -1.096667	 1.798333
-1.300000	 1.350000	 -1.110833	 0.832500
-1.300000	 1.400000	 -1.156667	 0.863333
-1.300000	 1.450000	 -1.204167	 0.894167
-1.300000	 1.500000	 -1.253333	 0.925000
-1.300000	 1.550000	 -1.304167	 0.955833
-1.300000	 1.600000	 -1.356667	 0.986667
-1.300000	 1.650000	 -1.410833	 1.017500
-1.300000	 1.700000	 -1.466667	 1.048333
-1.300000	 1.750000	 -1.524167	 1.079167
-1.300000	 1.800000	 -1.583333	 1.110000
-1.300000	 1.850000	 -1.644167	 1.140833
-1.300000	 1.900000	 -1.706667	 1.171667
-1.300000	 1.950000	 -1.770833	 1.202500
-1.300000	 2.000000	 -1.836667	 1.233333
-1.300000	 2.050000	 -0.732812	 -0.990833
-1.300000	 2.100000	 -0.710333	 -1.015000
-1.300000	 2.150000	 -0.687312	 -1.039167
-1.300000	 2.200000	 -0.663750	 -1.063333
-1.300000	 2.250000	 -0.639646	 -1.087500
-1.300000	 2.300000	 -0.615000	 -1.111667
-1.300000	 2.350000	 -0.589812	 -1.135833
-1.300000	 2.400000	 -0.194214	 -0.621957
-1.300000	 2.450000	 -0.162340	 -0.573396
-1.300000	 2.500000	 -0.129416	 -0.524313
-1.300000	 2.550000	 -0.095479	 -0.474494
-1.300000	 2.600000	 -0.060564	 -0.423753
-1.300000	 2.650000	 0.528675	 -1.190696
-1.300000	 2.700000	 0.637690	 -1.202786
-1.300000	 2.750000	 0.755565	 -1.217293
-1.300000	 2.800000	 0.882584	 -1.234120
-1.300000	 2.850000	 1.019043	 -1.253183
-1.300000	 2.900000	 1.165253	 -1.274412
-1.300000	 2.950000	 1.321536	 -1.297748
-1.300000	 3.000000	 1.488223	 -1.323141
-1.250000	 -3.000000	 1.530656	 1.326467
-1.250000	 -2.950000	 1.361014	 1.297592
-1.250000	 -2.900000	 1.201759	 1.270778
-1.250000	 -2.850000	 1.052553	 1.246064
-1.250000	 -2.800000	 0.913069	 1.223495
-1.250000	 -2.750000	 0.782986	 1.203125
-1.250000	 -2.700000	 0.661999	 1.185020
-1.250000	 -2.650000	 0.549812	 1.169258
-1.250000	 -2.600000	 -0.069650	 0.363039
-1.250000	 -2.550000	 -0.104442	 0.411568
-1.250000	 -2.500000	 -0.138336	 0.459093
-1.250000	 -2.450000	 -0.171307	 0.505772
-1.250000	 -2.400000	 -0.203330	 0.551787
-1.250000	 -2.350000	 -0.597917	 1.077083
-1.250000	 -2.300000	 -0.622135	 1.054167
-1.250000	 -2.250000	 -0.645833	 1.031250
-1.250000	 -2.200000	 -0.669010	 1.008333
-1.250000	 -2.150000	 -0.691667	 0.985417
-1.250000	 -2.100000	 -0.713802	 0.962500
-1.250000	 -2.050000	 -0.735417	 0.939583
-1.250000	 -2.000000	 -0.756510	 0.916667
-1.250000	 -1.950000	 -1.746667	 -1.218750
-1.250000	 -1.900000	 -1.682500	 -1.187500
-1.250000	 -1.850000	 -1.620000	 -1.156250
-1.250000	 -1.800000	 -1.559167	 -1.125000
-1.250000	 -1.750000	 -1.500000	 -1.093750
-1.250000	 -1.700000	 -1.442500	 -1.062500
-1.250000	 -1.650000	 -1.386667	 -1.031250
-1.250000	 -1.600000	 -1.332500	 -1.000000
-1.250000	 -1.550000	 -1.280000	 -0.968750
-1.250000	 -1.500000	 -1.229167	 -0.937500
-1.250000	 -1.450000	 -1.180000	 -0.906250
-1.250000	 -1.400000	 -1.132500	 -0.875000
-1.250000	 -1.350000	 -1.086667	 -0.843750
-1.250000	 -1.300000	 -1.042500	 -0.812500
-1.250000	 -1.250000	 -1.020833	 -1.718750
-1.250000	 -1.200000	 -0.959583	 -1.650000
-1.250000	 -1.150000	 -0.900833	 -1.581250
-1.250000	 -1.100000	 -0.844583	 -1.512500
-1.250000	 -1.050000	 -0.790833	 -1.443750
-1.250000	 -1.000000	 -0.739583	 -1.375000
-1.250000	 -0.950000	 -0.316236	 -0.736250
-1.250000	 -0.900000	 -0.295568	 -0.697500
-1.250000	 -0.850000	 -0.276017	 -0.658750
-1.250000	 -0.800000	 -0.257583	 -0.620000
-1.250000	 -0.750000	 -0.240267	 -0.581250
-1.250000	 -0.700000	 -0.224068	 -0.542500
-1.250000	 -0.650000	 -0.208986	 -0.503750
-1.250000	 -0.600000	 -0.195021	 -0.465000
-1.250000	 -0.550000	 -0.182173	 -0.426250
-1.250000	 -0.500000	 -0.170443	 -0.387500
-1.250000	 -0.450000	 -0.159829	 -0.348750
-1.250000	 -0.400000	 -0.150333	 -0.310000
-1.250000	 -0.350000	 -0.141954	 -0.271250
-1.250000	 -0.300000	 -0.134693	 -0.232500
-1.250000	 -0.250000	 -0.128548	 -0.193750
-1.250000	 -0.200000	 -0.123521	 -0.155000
-1.250000	 -0.150000	 -0.119611	 -0.116250
-1.250000	 -0.100000	 -0.116818	 -0.077500
-1.250000	 -0.050000	 -0.115142	 -0.038750
-1.250000	 -0.000000	 -0.114583	 -0.000000
-1.250000	 0.050000	 -0.115142	 0.038750
-1.250000	 0.100000	 -0.116818	 0.077500
-1.250000	 0.150000	 -0.119611	 0.116250
-1.250000	 0.200000	 -0.123521	 0.155000
-1.250000	 0.250000	 -0.128548	 0.193750
-1.250000	 0.300000	 -0.134693	 0.232500
-1.250000	 0.350000	 -0.141954	 0.271250
-1.250000	 0.400000	 -0.150333	 0.310000
-1.250000	 0.450000	 -0.159829	 0.348750
-1.250000	 0.500000	 -0.170443	 0.387500
-1.250000	 0.550000	 -0.182173	 0.426250
-1.250000	 0.600000	 -0.195021	 0.465000
-1.250000	 0.650000	 -0.208986	 0.503750
-1.250000	 0.700000	 -0.224068	 0.542500
-1.250000	 0.750000	 -0.240267	 0.581250
-1.250000	 0.800000	 -0.257583	 0.620000
-1.250000	 0.850000	 -0.276017	 0.658750
-1.250000	 0.900000	 -0.295568	 0.697500
-1.250000	 0.950000	 -0.316236	 0.736250
-1.250000	 1.000000	 -0.338021	 0.775000
-1.250000	 1.050000	 -0.790833	 1.443750
-1.250000	 1.100000	 -0.844583	 1.512500
-1.250000	 1.150000	 -0.900833	 1.581250
-1.250000	 1.200000	 -0.959583	 1.650000
-1.250000	 1.250000	 -1.020833	 1.718750
-1.250000	 1.300000	 -1.042500	 0.812500
-1.250000	 1.350000	 -1.086667	 0.843750
-1.250000	 1.400000	 -1.132500	 0.875000
-1.250000	 1.450000	 -1.180000	 0.906250
-1.250000	 1.500000	 -1.229167	 0.937500
-1.250000	 1.550000	 -1.280000	 0.968750
-1.250000	 1.600000	 -1.332500	 1.000000
-1.250000	 1.650000	 -1.386667	 1.031250
-1.250000	 1.700000	 -1.442500	 1.062500
-1.250000	 1.750000	 -1.500000	 1.093750
-1.250000	 1.800000	 -1.559167	 1.125000
-1.250000	 1.850000	 -1.620000	 1.156250
-1.250000	 1.900000	 -1.682500	 1.187500
-1.250000	 1.950000	 -1.746667	 1.218750
-1.250000	 2.000000	 -1.812500	 1.250000
-1.250000	 2.050000	 -0.735417	 -0.939583
-1.250000	 2.100000	 -0.713802	 -0.962500
-1.250000	 2.150000	 -0.691667	 -0.985417
-1.250000	 2.200000	 -0.669010	 -1.008333
-1.250000	 2.250000	 -0.645833	 -1.031250
-1.250000	 2.300000	 -0.622135	 -1.054167
-1.250000	 2.350000	 -0.597917	 -1.077083
-1.250000	 2.400000	 -0.203330	 -0.551787
-1.250000	 2.450000	 -0.171307	 -0.505772
-1.250000	 2.500000	 -0.138336	 -0.459093
-1.250000	 2.550000	 -0.104442	 -0.411568
-1.250000	 2.600000	 -0.069650	 -0.363039
-1.250000	 2.650000	 0.549812	 -1.169258
-1.250000	 2.700000	 0.661999	 -1.185020
-1.250000	 2.750000	 0.782986	 -1.203125
-1.250000	 2.800000	 0.913069	 -1.223495
-1.250000	 2.850000	 1.052553	 -1.246064
-1.250000	 2.900000	 1.201759	 -1.270778
-1.250000	 2.950000	 1.361014	 -1.297592
-1.250000	 3.000000	 1.530656	 -1.326467
-1.200000	 -3.000000	 1.571123	 1.332190
-1.200000	 -2.950000	 1.398787	 1.299915
-1.200000	 -2.900000	 1.236826	 1.269716
-1.200000	 -2.850000	 1.084898	 1.241622
-1.200000	 -2.800000	 0.942667	 1.215667
-1.200000	 -2.750000	 0.809808	 1.191891
-1.200000	 -2.700000	 0.686006	 1.170346
-1.200000	 -2.650000	 0.570957	 1.151091
-1.200000	 -2.600000	 0.464367	 1.134199
-1.200000	 -2.550000	 -0.112978	 0.352494
-1.200000	 -2.500000	 -0.146669	 0.397884
-1.200000	 -2.450000	 -0.179515	 0.442349
-1.200000	 -2.400000	 -0.211496	 0.486044
-1.200000	 -2.350000	 -0.242592	 0.529142
-1.200000	 -2.300000	 -0.628333	 0.996667
-1.200000	 -2.250000	 -0.651083	 0.975000
-1.200000	 -2.200000	 -0.673333	 0.953333
-1.200000	 -2.150000	 -0.695083	 0.931667
-1.200000	 -2.100000	 -0.716333	 0.910000
-1.200000	 -2.050000	 -0.737083	 0.888333
-1.200000	 -2.000000	 -0.757333	 0.866667
-1.200000	 -1.950000	 -1.720833	 -1.235000
-1.200000	 -1.900000	 -1.656667	 -1.203333
-1.200000	 -1.850000	 -1.594167	 -1.171667
-1.200000	 -1.800000	 -1.533333	 -1.140000
-1.200000	 -1.750000	 -1.474167	 -1.108333
-1.200000	 -1.700000	 -1.416667	 -1.076667
-1.200000	 -1.650000	 -1.360833	 -1.045000
-1.200000	 -1.600000	 -1.306667	 -1.013333
-1.200000	 -1.550000	 -1.254167	 -0.981667
-1.200000	 -1.500000	 -1.203333	 -0.950000
-1.200000	 -1.450000	 -1.154167	 -0.918333
-1.200000	 -1.400000	 -1.106667	 -0.886667
-1.200000	 -1.350000	 -1.060833	 -0.855000
-1.200000	 -1.300000	 -1.016667	 -0.823333
-1.200000	 -1.250000	 -0.974167	 -0.791667
-1.200000	 -1.200000	 -0.946667	 -1.640000
-1.200000	 -1.150000	 -0.887917	 -1.571667
-1.200000	 -1.100000	 -0.831667	 -1.503333
-1.200000	 -1.050000	 -0.777917	 -1.435000
-1.200000	 -1.000000	 -0.726667	 -1.366667
-1.200000	 -0.950000	 -0.292886	 -0.717778
-1.200000	 -0.900000	 -0.272433	 -0.680000
-1.200000	 -0.850000	 -0.253086	 -0.642222
-1.200000	 -0.800000	 -0.234844	 -0.604444
-1.200000	 -0.750000	 -0.217708	 -0.566667
-1.200000	 -0.700000	 -0.201678	 -0.528889
-1.200000	 -0.650000	 -0.186753	 -0.491111
-1.200000	 -0.600000	 -0.172933	 -0.453333
-1.200000	 -0.550000	 -0.160219	 -0.415556
-1.200000	 -0.500000	 -0.148611	 -0.377778
-1.200000	 -0.450000	 -0.138108	 -0.340000
-1.200000	 -0.400000	 -0.128711	 -0.302222
-1.200000	 -0.350000	 -0.120419	 -0.264444
-1.200000	 -0.300000	 -0.113233	 -0.226667
-1.200000	 -0.250000	 -0.107153	 -0.188889
-1.200000	 -0.200000	 -0.102178	 -0.151111
-1.200000	 -0.150000	 -0.098308	 -0.113333
-1.200000	 -0.100000	 -0.095544	 -0.075556
-1.200000	 -0.050000	 -0.093886	 -0.037778
-1.200000	 -0.000000	 -0.093333	 -0.000000
-1.200000	 0.050000	 -0.093886	 0.037778
-1.200000	 0.100000	 -0.095544	 0.075556
-1.200000	 0.150000	 -0.098308	 0.113333
-1.200000	 0.200000	 -0.102178	 0.151111
-1.200000	 0.250000	 -0.107153	 0.188889
-1.200000	 0.300000	 -0.113233	 0.226667
-1.200000	 0.350000	 -0.120419	 0.264444
-1.200000	 0.400000	 -0.128711	 0.302222
-1.200000	 0.450000	 -0.138108	 0.340000
-1.200000	 0.500000	 -0.148611	 0.377778
-1.200000	 0.550000	 -0.160219	 0.415556
-1.200000	 0.600000	 -0.172933	 0.453333
-1.200000	 0.650000	 -0.186753	 0.491111
-1.200000	 0.700000	 -0.201678	 0.528889
-1.200000	 0.750000	 -0.217708	 0.566667
-1.200000	 0.800000	 -0.234844	 0.604444
-1.200000	 0.850000	 -0.253086	 0.642222
-1.200000	 0.900000	 -0.272433	 0.680000
-1.200000	 0.950000	 -0.292886	 0.717778
-1.200000	 1.000000	 -0.314444	 0.755556
-1.200000	 1.050000	 -0.777917	 1.435000
-1.200000	 1.100000	 -0.831667	 1.503333
-1.200000	 1.150000	 -0.887917	 1.571667
-1.200000	 1.200000	 -0.946667	 1.640000
-1.200000	 1.250000	 -0.974167	 0.791667
-1.200000	 1.300000	 -1.016667	 0.823333
-1.200000	 1.350000	 -1.060833	 0.855000
-1.200000	 1.400000	 -1.106667	 0.886667
-1.200000	 1.450000	 -1.154167	 0.918333
-1.200000	 1.500000	 -1.203333	 0.950000
-1.200000	 1.550000	 -1.254167	 0.981667
-1.200000	 1.600000	 -1.306667	 1.013333
-1.200000	 1.650000	 -1.360833	 1.045000
-1.200000	 1.700000	 -1.416667	 1.076667
-1.200000	 1.750000	 -1.474167	 1.108333
-1.200000	 1.800000	 -1.533333	 1.140000
-1.200000	 1.850000	 -1.594167	 1.171667
-1.200000	 1.900000	 -1.656667	 1.203333
-1.200000	 1.950000	 -1.720833	 1.235000
-1.200000	 2.000000	 -1.786667	 1.266667
-1.200000	 2.050000	 -0.737083	 -0.888333
-1.200000	 2.100000	 -0.716333	 -0.910000
-1.200000	 2.150000	 -0.695083	 -0.931667
-1.200000	 2.200000	 -0.673333	 -0.953333
-1.200000	 2.250000	 -0.651083	 -0.975000
-1.200000	 2.300000	 -0.628333	 -0.996667
-1.200000	 2.350000	 -0.242592	 -0.529142
-1.200000	 2.400000	 -0.211496	 -0.486044
-1.200000	 2.450000	 -0.179515	 -0.442349
-1.200000	 2.500000	 -0.146669	 -0.397884
-1.200000	 2.550000	 -0.112978	 -0.352494
-1.200000	 2.600000	 0.464367	 -1.134199
-1.200000	 2.650000	 0.570957	 -1.151091
-1.200000	 2.700000	 0.686006	 -1.170346
-1.200000	 2.750000	 0.809808	 -1.191891
-1.200000	 2.800000	 0.942667	 -1.215667
-1.200000	 2.850000	 1.084898	 -1.241622
-1.200000	 2.900000	 1.236826	 -1.269716
-1.200000	 2.950000	 1.398787	 -1.299915
-1.200000	 3.000000	 1.571123	 -1.332190
-1.150000	 -3.000000	 1.609357	 1.340099
-1.150000	 -2.950000	 1.434581	 1.304495
-1.150000	 -2.900000	 1.270172	 1.270992
-1.150000	 -2.850000	 1.115782	 1.239610
-1.150000	 -2.800000	 0.971071	 1.210373
-1.150000	 -2.750000	 0.835709	 1.183311
-1.150000	 -2.700000	 0.709374	 1.158461
-1.150000	 -2.650000	 0.591754	 1.135868
-1.150000	 -2.600000	 0.482548	 1.115588
-1.150000	 -2.550000	 0.381464	 1.097688
-1.150000	 -2.500000	 -0.154583	 0.340367
-1.150000	 -2.450000	 -0.187148	 0.382774
-1.150000	 -2.400000	 -0.218922	 0.424335
-1.150000	 -2.350000	 -0.249890	 0.465197
-1.150000	 -2.300000	 -0.633531	 0.939167
-1.150000	 -2.250000	 -0.655333	 0.918750
-1.150000	 -2.200000	 -0.676656	 0.898333
-1.150000	 -2.150000	 -0.697500	 0.877917
-1.150000	 -2.100000	 -0.717865	 0.857500
-1.150000	 -2.050000	 -0.737750	 0.837083
-1.150000	 -2.000000	 -0.757156	 0.816667
-1.150000	 -1.950000	 -1.693333	 -1.251250
-1.150000	 -1.900000	 -1.629167	 -1.219167
-1.150000	 -1.850000	 -1.566667	 -1.187083
-1.150000	 -1.800000	 -1.505833	 -1.155000
-1.150000	 -1.750000	 -1.446667	 -1.122917
-1.150000	 -1.700000	 -1.389167	 -1.090833
-1.150000	 -1.650000	 -1.333333	 -1.058750
-1.150000	 -1.600000	 -1.279167	 -1.026667
-1.150000	 -1.550000	 -1.226667	 -0.994583
-1.150000	 -1.500000	 -1.175833	 -0.962500
-1.150000	 -1.450000	 -1.126667	 -0.930417
-1.150000	 -1.400000	 -1.079167	 -0.898333
-1.150000	 -1.350000	 -1.033333	 -0.866250
-1.150000	 -1.300000	 -0.989167	 -0.834167
-1.150000	 -1.250000	 -0.946667	 -0.802083
-1.150000	 -1.200000	 -0.905833	 -0.770000
-1.150000	 -1.150000	 -0.874167	 -1.562083
-1.150000	 -1.100000	 -0.817917	 -1.494167
-1.150000	 -1.050000	 -0.764167	 -1.426250
-1.150000	 -1.000000	 -0.712917	 -1.358333
-1.150000	 -0.950000	 -0.268455	 -0.698388
-1.150000	 -0.900000	 -0.248243	 -0.661630
-1.150000	 -0.850000	 -0.229123	 -0.624873
-1.150000	 -0.800000	 -0.211096	 -0.588116
-1.150000	 -0.750000	 -0.194162	 -0.551359
-1.150000	 -0.700000	 -0.178320	 -0.514601
-1.150000	 -0.650000	 -0.163570	 -0.477844
-1.150000	 -0.600000	 -0.149914	 -0.441087
-1.150000	 -0.550000	 -0.137349	 -0.404330
-1.150000	 -0.500000	 -0.125877	 -0.367572
-1.150000	 -0.450000	 -0.115498	 -0.330815
-1.150000	 -0.400000	 -0.106212	 -0.294058
-1.150000	 -0.350000	 -0.098017	 -0.257301
-1.150000	 -0.300000	 -0.090916	 -0.220543
-1.150000	 -0.250000	 -0.084907	 -0.183786
-1.150000	 -0.200000	 -0.079990	 -0.147029
-1.150000	 -0.150000	 -0.076166	 -0.110272
-1.150000	 -0.100000	 -0.073435	 -0.073514
-1.150000	 -0.050000	 -0.071796	 -0.036757
-1.150000	 -0.000000	 -0.071250	 -0.000000
-1.150000	 0.050000	 -0.071796	 0.036757
-1.150000	 0.100000	 -0.073435	 0.073514
-1.150000	 0.150000	 -0.076166	 0.110272
-1.150000	 0.200000	 -0.079990	 0.147029
-1.150000	 0.250000	 -0.084907	 0.183786
-1.150000	 0.300000	 -0.090916	 0.220543
-1.150000	 0.350000	 -0.098017	 0.257301
-1.150000	 0.400000	 -0.106212	 0.294058
-1.150000	 0.450000	 -0.115498	 0.330815
-1.150000	 0.500000	 -0.125877	 0.367572
-1.150000	 0.550000	 -0.137349	 0.404330
-1.150000	 0.600000	 -0.149914	 0.441087
-1.150000	 0.650000	 -0.163570	 0.477844
-1.150000	 0.700000	 -0.178320	 0.514601
-1.150000	 0.750000	 -0.194162	 0.551359
-1.150000	 0.800000	 -0.211096	 0.588116
-1.150000	 0.850000	 -0.229123	 0.624873
-1.150000	 0.900000	 -0.248243	 0.661630
-1.150000	 0.950000	 -0.268455	 0.698388
-1.150000	 1.000000	 -0.289760	 0.735145
-1.150000	 1.050000	 -0.764167	 1.426250
-1.150000	 1.100000	 -0.817917	 1.494167
-1.150000	 1.150000	 -0.874167	 1.562083
-1.150000	 1.200000	 -0.905833	 0.770000
-1.150000	 1.250000	 -0.946667	 0.802083
-1.150000	 1.300000	 -0.989167	 0.834167
-1.150000	 1.350000	 -1.033333	 0.866250
-1.150000	 1.400000	 -1.079167	 0.898333
-1.150000	 1.450000	 -1.126667	 0.930417
-1.150000	 1.500000	 -1.175833	 0.962500
-1.150000	 1.550000	 -1.226667	 0.994583
-1.150000	 1.600000	 -1.279167	 1.026667
-1.150000	 1.650000	 -1.333333	 1.058750
-1.150000	 1.700000	 -1.389167	 1.090833
-1.150000	 1.750000	 -1.446667	 1.122917
-1.150000	 1.800000	 -1.505833	 1.155000
-1.150000	 1.850000	 -1.566667	 1.187083
-1.150000	 1.900000	 -1.629167	 1.219167
-1.150000	 1.950000	 -1.693333	 1.251250
-1.150000	 2.000000	 -1.759167	 1.283333
-1.150000	 2.050000	 -0.737750	 -0.837083
-1.150000	 2.100000	 -0.717865	 -0.857500
-1.150000	 2.150000	 -0.697500	 -0.877917
-1.150000	 2.200000	 -0.676656	 -0.898333
-1.150000	 2.250000	 -0.655333	 -0.918750
-1.150000	 2.300000	 -0.633531	 -0.939167
-1.150000	 2.350000	 -0.249890	 -0.465197
-1.150000	 2.400000	 -0.218922	 -0.424335
-1.150000	 2.450000	 -0.187148	 -0.382774
-1.150000	 2.500000	 -0.154583	 -0.340367
-1.150000	 2.550000	 0.381464	 -1.097688
-1.150000	 2.600000	 0.482548	 -1.115588
-1.150000	 2.650000	 0.591754	 -1.135868
-1.150000	 2.700000	 0.709374	 -1.158461
-1.150000	 2.750000	 0.835709	 -1.183311
-1.150000	 2.800000	 0.971071	 -1.210373
-1.150000	 2.850000	 1.115782	 -1.239610
-1.150000	 2.900000	 1.270172	 -1.270992
-1.150000	 2.950000	 1.434581	 -1.304495
-1.150000	 3.000000	 1.609357	 -1.340099
-1.100000	 -3.000000	 1.645115	 1.349995
-1.100000	 -2.950000	 1.468145	 1.311124
-1.100000	 -2.900000	 1.301537	 1.274389
-1.100000	 -2.850000	 1.144938	 1.239800
-1.100000	 -2.800000	 0.998004	 1.207372
-1.100000	 -2.750000	 0.860400	 1.177125
-1.100000	 -2.700000	 0.731799	 1.149087
-1.100000	 -2.650000	 0.611883	 1.123289
-1.100000	 -2.600000	 0.500344	 1.099774
-1.100000	 -2.550000	 0.396883	 1.078591
-1.100000	 -2.500000	 0.301210	 1.059802
-1.100000	 -2.450000	 -0.194362	 0.326734
-1.100000	 -2.400000	 -0.225779	 0.366313
-1.100000	 -2.350000	 -0.256459	 0.405121
-1.100000	 -2.300000	 -0.286393	 0.443299
-1.100000	 -2.250000	 -0.658521	 0.862500
-1.100000	 -2.200000	 -0.678917	 0.843333
-1.100000	 -2.150000	 -0.698854	 0.824167
-1.100000	 -2.100000	 -0.718333	 0.805000
-1.100000	 -2.050000	 -0.737354	 0.785833
-1.100000	 -2.000000	 -0.755917	 0.766667
-1.100000	 -1.950000	 -1.664167	 -1.267500
-1.100000	 -1.900000	 -1.600000	 -1.235000
-1.100000	 -1.850000	 -1.537500	 -1.202500
-1.100000	 -1.800000	 -1.476667	 -1.170000
-1.100000	 -1.750000	 -1.417500	 -1.137500
-1.100000	 -1.700000	 -1.360000	 -1.105000
-1.100000	 -1.650000	 -1.304167	 -1.072500
-1.100000	 -1.600000	 -1.250000	 -1.040000
-1.100000	 -1.550000	 -1.197500	 -1.007500
-1.100000	 -1.500000	 -1.146667	 -0.975000
-1.100000	 -1.450000	 -1.097500	 -0.942500
-1.100000	 -1.400000	 -1.050000	 -0.910000
-1.100000	 -1.350000	 -1.004167	 -0.877500
-1.100000	 -1.300000	 -0.960000	 -0.845000
-1.100000	 -1.250000	 -0.917500	 -0.812500
-1.100000	 -1.200000	 -0.876667	 -0.780000
-1.100000	 -1.150000	 -0.837500	 -0.747500
-1.100000	 -1.100000	 -0.803333	 -1.485000
-1.100000	 -1.050000	 -0.749583	 -1.417500
-1.100000	 -1.000000	 -0.698333	 -1.350000
-1.100000	 -0.950000	 -0.242884	 -0.677955
-1.100000	 -0.900000	 -0.222944	 -0.642273
-1.100000	 -0.850000	 -0.204081	 -0.606591
-1.100000	 -0.800000	 -0.186297	 -0.570909
-1.100000	 -0.750000	 -0.169590	 -0.535227
-1.100000	 -0.700000	 -0.153962	 -0.499545
-1.100000	 -0.650000	 -0.139411	 -0.463864
-1.100000	 -0.600000	 -0.125938	 -0.428182
-1.100000	 -0.550000	 -0.113543	 -0.392500
-1.100000	 -0.500000	 -0.102225	 -0.356818
-1.100000	 -0.450000	 -0.091986	 -0.321136
-1.100000	 -0.400000	 -0.082824	 -0.285455
-1.100000	 -0.350000	 -0.074740	 -0.249773
-1.100000	 -0.300000	 -0.067734	 -0.214091
-1.100000	 -0.250000	 -0.061806	 -0.178409
-1.100000	 -0.200000	 -0.056956	 -0.142727
-1.100000	 -0.150000	 -0.053184	 -0.107045
-1.100000	 -0.100000	 -0.050489	 -0.071364
-1.100000	 -0.050000	 -0.048872	 -0.035682
-1.100000	 -0.000000	 -0.048333	 -0.000000
-1.100000	 0.050000	 -0.048872	 0.035682
-1.100000	 0.100000	 -0.050489	 0.071364
-1.100000	 0.150000	 -0.053184	 0.107045
-1.100000	 0.200000	 -0.056956	 0.142727
-1.100000	 0.250000	 -0.061806	 0.178409
-1.100000	 0.300000	 -0.067734	 0.214091
-1.100000	 0.350000	 -0.074740	 0.249773
-1.100000	 0.400000	 -0.082824	 0.285455
-1.100000	 0.450000	 -0.091986	 0.321136
-1.100000	 0.500000	 -0.102225	 0.356818
-1.100000	 0.550000	 -0.113543	 0.392500
-1.100000	 0.600000	 -0.125938	 0.428182
-1.100000	 0.650000	 -0.139411	 0.463864
-1.100000	 0.700000	 -0.153962	 0.499545
-1.100000	 0.750000	 -0.169590	 0.535227
-1.100000	 0.800000	 -0.186297	 0.570909
-1.100000	 0.850000	 -0.204081	 0.606591
-1.100000	 0.900000	 -0.222944	 0.642273
-1.100000	 0.950000	 -0.242884	 0.677955
-1.100000	 1.000000	 -0.263902	 0.713636
-1.100000	 1.050000	 -0.749583	 1.417500
-1.100000	 1.100000	 -0.803333	 1.485000
-1.100000	 1.150000	 -0.837500	 0.747500
-1.100000	 1.200000	 -0.876667	 0.780000
-1.100000	 1.250000	 -0.917500	 0.812500
-1.100000	 1.300000	 -0.960000	 0.845000
-1.100000	 1.350000	 -1.004167	 0.877500
-1.100000	 1.400000	 -1.050000	 0.910000
-1.100000	 1.450000	 -1.097500	 0.942500
-1.100000	 1.500000	 -1.146667	 0.975000
-1.100000	 1.550000	 -1.197500	 1.007500
-1.100000	 1.600000	 -1.250000	 1.040000
-1.100000	 1.650000	 -1.304167	 1.072500
-1.100000	 1.700000	 -1.360000	 1.105000
-1.100000	 1.750000	 -1.417500	 1.137500
-1.100000	 1.800000	 -1.476667	 1.170000
-1.100000	 1.850000	 -1.537500	 1.202500
-1.100000	 1.900000	 -1.600000	 1.235000
-1.100000	 1.950000	 -1.664167	 1.267500
-1.100000	 2.000000	 -1.730000	 1.300000
-1.100000	 2.050000	 -0.737354	 -0.785833
-1.100000	 2.100000	 -0.718333	 -0.805000
-1.100000	 2.150000	 -0.698854	 -0.824167
-1.100000	 2.200000	 -0.678917	 -0.843333
-1.100000	 2.250000	 -0.658521	 -0.862500
-1.100000	 2.300000	 -0.286393	 -0.443299
-1.100000	 2.350000	 -0.256459	 -0.405121
-1.100000	 2.400000	 -0.225779	 -0.366313
-1.100000	 2.450000	 -0.194362	 -0.326734
-1.100000	 2.500000	 0.301210	 -1.059802
-1.100000	 2.550000	 0.396883	 -1.078591
-1.100000	 2.600000	 0.500344	 -1.099774
-1.100000	 2.650000	 0.611883	 -1.123289
-1.100000	 2.700000	 0.731799	 -1.149087
-1.100000	 2.750000	 0.860400	 -1.177125
-1.100000	 2.800000	 0.998004	 -1.207372
-1.100000	 2.850000	 1.144938	 -1.239800
-1.100000	 2.900000	 1.301537	 -1.274389
-1.100000	 2.950000	 1.468145	 -1.311124
-1.100000	 3.000000	 1.645115	 -1.349995
-1.050000	 -3.000000	 1.678174	 1.361689
-1.050000	 -2.950000	 1.499252	 1.319607
-1.050000	 -2.900000	 1.330686	 1.279702
-1.050000	 -2.850000	 1.172122	 1.241976
-1.050000	 -2.800000	 1.023212	 1.206437
-1.050000	 -2.750000	 0.883617	 1.173096
-1.050000	 -2.700000	 0.753006	 1.141971
-1.050000	 -2.650000	 0.631057	 1.113084
-1.050000	 -2.600000	 0.517453	 1.086463
-1.050000	 -2.550000	 0.411891	 1.062146
-1.050000	 -2.500000	 0.314074	 1.040178
-1.050000	 -2.450000	 -0.201284	 0.273948
-1.050000	 -2.400000	 -0.232210	 0.311671
-1.050000	 -2.350000	 -0.262459	 0.348574
-1.050000	 -2.300000	 -0.292026	 0.384777
-1.050000	 -2.250000	 -0.660583	 0.806250
-1.050000	 -2.200000	 -0.680052	 0.788333
-1.050000	 -2.150000	 -0.699083	 0.770417
-1.050000	 -2.100000	 -0.717677	 0.752500
-1.050000	 -2.050000	 -0.735833	 0.734583
-1.050000	 -2.000000	 -0.753552	 0.716667
-1.050000	 -1.950000	 -1.633333	 -1.283750
-1.050000	 -1.900000	 -1.569167	 -1.250833
-1.050000	 -1.850000	 -1.506667	 -1.217917
-1.050000	 -1.800000	 -1.445833	 -1.185000
-1.050000	 -1.750000	 -1.386667	 -1.152083
-1.050000	 -1.700000	 -1.329167	 -1.119167
-1.050000	 -1.650000	 -1.273333	 -1.086250
-1.050000	 -1.600000	 -1.219167	 -1.053333
-1.050000	 -1.550000	 -1.166667	 -1.020417
-1.050000	 -1.500000	 -1.115833	 -0.987500
-1.050000	 -1.450000	 -1.066667	 -0.954583
-1.050000	 -1.400000	 -1.019167	 -0.921667
-1.050000	 -1.350000	 -0.973333	 -0.888750
-1.050000	 -1.300000	 -0.929167	 -0.855833
-1.050000	 -1.250000	 -0.886667	 -0.822917
-1.050000	 -1.200000	 -0.845833	 -0.790000
-1.050000	 -1.150000	 -0.806667	 -0.757083
-1.050000	 -1.100000	 -0.769167	 -0.724167
-1.050000	 -1.050000	 -0.734167	 -1.408750
-1.050000	 -1.000000	 -0.682917	 -1.341667
-1.050000	 -0.950000	 -0.216100	 -0.656329
-1.050000	 -0.900000	 -0.196471	 -0.621786
-1.050000	 -0.850000	 -0.177903	 -0.587242
-1.050000	 -0.800000	 -0.160396	 -0.552698
-1.050000	 -0.750000	 -0.143950	 -0.518155
-1.050000	 -0.700000	 -0.128565	 -0.483611
-1.050000	 -0.650000	 -0.114241	 -0.449067
-1.050000	 -0.600000	 -0.100978	 -0.414524
-1.050000	 -0.550000	 -0.088776	 -0.379980
-1.050000	 -0.500000	 -0.077635	 -0.345437
-1.050000	 -0.450000	 -0.067555	 -0.310893
-1.050000	 -0.400000	 -0.058537	 -0.276349
-1.050000	 -0.350000	 -0.050579	 -0.241806
-1.050000	 -0.300000	 -0.043682	 -0.207262
-1.050000	 -0.250000	 -0.037846	 -0.172718
-1.050000	 -0.200000	 -0.033072	 -0.138175
-1.050000	 -0.150000	 -0.029358	 -0.103631
-1.050000	 -0.100000	 -0.026705	 -0.069087
-1.050000	 -0.050000	 -0.025114	 -0.034544
-1.050000	 -0.000000	 -0.024583	 -0.000000
-1.050000	 0.050000	 -0.025114	 0.034544
-1.050000	 0.100000	 -0.026705	 0.069087
-1.050000	 0.150000	 -0.029358	 0.103631
-1.050000	 0.200000	 -0.033072	 0.138175
-1.050000	 0.250000	 -0.037846	 0.172718
-1.050000	 0.300000	 -0.043682	 0.207262
-1.050000	 0.350000	 -0.050579	 0.241806
-1.050000	 0.400000	 -0.058537	 0.276349
-1.050000	 0.450000	 -0.067555	 0.310893
-1.050000	 0.500000	 -0.077635	 0.345437
-1.050000	 0.550000	 -0.088776	 0.379980
-1.050000	 0.600000	 -0.100978	 0.414524
-1.050000	 0.650000	 -0.114241	 0.449067
-1.050000	 0.700000	 -0.128565	 0.483611
-1.050000	 0.750000	 -0.143950	 0.518155
-1.050000	 0.800000	 -0.160396	 0.552698
-1.050000	 0.850000	 -0.177903	 0.587242
-1.050000	 0.900000	 -0.196471	 0.621786
-1.050000	 0.950000	 -0.216100	 0.656329
-1.050000	 1.000000	 -0.236791	 0.690873
-1.050000	 1.050000	 -0.734167	 1.408750
-1.050000	 1.100000	 -0.769167	 0.724167
-1.050000	 1.150000	 -0.806667	 0.757083
-1.050000	 1.200000	 -0.845833	 0.790000
-1.050000	 1.250000	 -0.886667	 0.822917
-1.050000	 1.300000	 -0.929167	 0.855833
-1.050000	 1.350000	 -0.973333	 0.888750
-1.050000	 1.400000	 -1.019167	 0.921667
-1.050000	 1.450000	 -1.066667	 0.954583
-1.050000	 1.500000	 -1.115833	 0.987500
-1.050000	 1.550000	 -1.166667	 1.020417
-1.050000	 1.600000	 -1.219167	 1.053333
-1.050000	 1.650000	 -1.273333	 1.086250
-1.050000	 1.700000	 -1.329167	 1.119167
-1.050000	 1.750000	 -1.386667	 1.152083
-1.050000	 1.800000	 -1.445833	 1.185000
-1.050000	 1.850000	 -1.506667	 1.217917
-1.050000	 1.900000	 -1.569167	 1.250833
-1.050000	 1.950000	 -1.633333	 1.283750
-1.050000	 2.000000	 -1.699167	 1.316667
-1.050000	 2.050000	 -0.735833	 -0.734583
-1.050000	 2.100000	 -0.717677	 -0.752500
-1.050000	 2.150000	 -0.699083	 -0.770417
-1.050000	 2.200000	 -0.680052	 -0.788333
-1.050000	 2.250000	 -0.660583	 -0.806250
-1.050000	 2.300000	 -0.292026	 -0.384777
-1.050000	 2.350000	 -0.262459	 -0.348574
-1.050000	 2.400000	 -0.232210	 -0.311671
-1.050000	 2.450000	 -0.201284	 -0.273948
-1.050000	 2.500000	 0.314074	 -1.040178
-1.050000	 2.550000	 0.411891	 -1.062146
-1.050000	 2.600000	 0.517453	 -1.086463
-1.050000	 2.650000	 0.631057	 -1.113084
-1.050000	 2.700000	 0.753006	 -1.141971
-1.050000	 2.750000	 0.883617	 -1.173096
-1.050000	 2.800000	 1.023212	 -1.206437
-1.050000	 2.850000	 1.172122	 -1.241976
-1.050000	 2.900000	 1.330686	 -1.279702
-1.050000	 2.950000	 1.499252	 -1.319607
-1.050000	 3.000000	 1.678174	 -1.361689
-1.000000	 -3.000000	 1.708333	 1.375000
-1.000000	 -2.950000	 1.527693	 1.329758
-1.000000	 -2.900000	 1.357405	 1.286738
-1.000000	 -2.850000	 1.197113	 1.245937
-1.000000	 -2.800000	 1.046466	 1.207357
-1.000000	 -2.750000	 0.905123	 1.171001
-1.000000	 -2.700000	 0.772748	 1.136878
-1.000000	 -2.650000	 0.649015	 1.105001
-1.000000	 -2.600000	 0.533604	 1.075389
-1.000000	 -2.550000	 0.426204	 1.048066
-1.000000	 -2.500000	 0.326513	 1.023065
-1.000000	 -2.450000	 0.234238	 1.000427
-1.000000	 -2.400000	 -0.238333	 0.260134
-1.000000	 -2.350000	 -0.268021	 0.295255
-1.000000	 -2.300000	 -0.297083	 0.329629
-1.000000	 -2.250000	 -0.325521	 0.363371
-1.000000	 -2.200000	 -0.680000	 0.733333
-1.000000	 -2.150000	 -0.698125	 0.716667
-1.000000	 -2.100000	 -0.715833	 0.700000
-1.000000	 -2.050000	 -0.733125	 0.683333
-1.000000	 -2.000000	 -0.750000	 0.666667
-1.000000	 -1.950000	 -1.600833	 -1.300000
-1.000000	 -1.900000	 -1.536667	 -1.266667
-1.000000	 -1.850000	 -1.474167	 -1.233333
-1.000000	 -1.800000	 -1.413333	 -1.200000
-1.000000	 -1.750000	 -1.354167	 -1.166667
-1.000000	 -1.700000	 -1.296667	 -1.133333
-1.000000	 -1.650000	 -1.240833	 -1.100000
-1.000000	 -1.600000	 -1.186667	 -1.066667
-1.000000	 -1.550000	 -1.134167	 -1.033333
-1.000000	 -1.500000	 -1.083333	 -1.000000
-1.000000	 -1.450000	 -1.034167	 -0.966667
-1.000000	 -1.400000	 -0.986667	 -0.933333
-1.000000	 -1.350000	 -0.940833	 -0.900000
-1.000000	 -1.300000	 -0.896667	 -0.866667
-1.000000	 -1.250000	 -0.854167	 -0.833333
-1.000000	 -1.200000	 -0.813333	 -0.800000
-1.000000	 -1.150000	 -0.774167	 -0.766667
-1.000000	 -1.100000	 -0.736667	 -0.733333
-1.000000	 -1.050000	 -0.700833	 -0.700000
-1.000000	 -1.000000	 -0.666667	 -1.333333
-1.000000	 -0.950000	 -0.188021	 -0.633333
-1.000000	 -0.900000	 -0.168750	 -0.600000
-1.000000	 -0.850000	 -0.150521	 -0.566667
-1.000000	 -0.800000	 -0.133333	 -0.533333
-1.000000	 -0.750000	 -0.117188	 -0.500000
-1.000000	 -0.700000	 -0.102083	 -0.466667
-1.000000	 -0.650000	 -0.088021	 -0.433333
-1.000000	 -0.600000	 -0.075000	 -0.400000
-1.000000	 -0.550000	 -0.063021	 -0.366667
-1.000000	 -0.500000	 -0.052083	 -0.333333
-1.000000	 -0.450000	 -0.042188	 -0.300000
-1.000000	 -0.400000	 -0.033333	 -0.266667
-1.000000	 -0.350000	 -0.025521	 -0.233333
-1.000000	 -0.300000	 -0.018750	 -0.200000
-1.000000	 -0.250000	 -0.013021	 -0.166667
-1.000000	 -0.200000	 -0.008333	 -0.133333
-1.000000	 -0.150000	 -0.004688	 -0.100000
-1.000000	 -0.100000	 -0.002083	 -0.066667
-1.000000	 -0.050000	 -0.000521	 -0.033333
-1.000000	 -0.000000	 -0.000000	 -0.000000
-1.000000	 0.050000	 -0.000521	 0.033333
-1.000000	 0.100000	 -0.002083	 0.066667
-1.000000	 0.150000	 -0.004688	 0.100000
-1.000000	 0.200000	 -0.008333	 0.133333
-1.000000	 0.250000	 -0.013021	 0.166667
-1.000000	 0.300000	 -0.018750	 0.200000
-1.000000	 0.350000	 -0.025521	 0.233333
-1.000000	 0.400000	 -0.033333	 0.266667
-1.000000	 0.450000	 -0.042188	 0.300000
-1.000000	 0.500000	 -0.052083	 0.333333
-1.000000	 0.550000	 -0.063021	 0.366667
-1.000000	 0.600000	 -0.075000	 0.400000
-1.000000	 0.650000	 -0.088021	 0.433333
-1.000000	 0.700000	 -0.102083	 0.466667
-1.000000	 0.750000	 -0.117188	 0.500000
-1.000000	 0.800000	 -0.133333	 0.533333
-1.000000	 0.850000	 -0.150521	 0.566667
-1.000000	 0.900000	 -0.168750	 0.600000
-1.000000	 0.950000	 -0.188021	 0.633333
-1.000000	 1.000000	 -0.208333	 0.666667
-1.000000	 1.050000	 -0.700833	 0.700000
-1.000000	 1.100000	 -0.736667	 0.733333
-1.000000	 1.150000	 -0.774167	 0.766667
-1.000000	 1.200000	 -0.813333	 0.800000
-1.000000	 1.250000	 -0.854167	 0.833333
-1.000000	 1.300000	 -0.896667	 0.866667
-1.000000	 1.350000	 -0.940833	 0.900000
-1.000000	 1.400000	 -0.986667	 0.933333
-1.000000	 1.450000	 -1.034167	 0.966667
-1.000000	 1.500000	 -1.083333	 1.000000
-1.000000	 1.550000	 -1.134167	 1.033333
-1.000000	 1.600000	 -1.186667	 1.066667
-1.000000	 1.650000	 -1.240833	 1.100000
-1.000000	 1.700000	 -1.296667	 1.133333
-1.000000	 1.750000	 -1.354167	 1.166667
-1.000000	 1.800000	 -1.413333	 1.200000
-1.000000	 1.850000	 -1.474167	 1.233333
-1.000000	 1.900000	 -1.536667	 1.266667
-1.000000	 1.950000	 -1.600833	 1.300000
-1.000000	 2.000000	 -1.666667	 1.333333
-1.000000	 2.050000	 -0.733125	 -0.683333
-1.000000	 2.100000	 -0.715833	 -0.700000
-1.000000	 2.150000	 -0.698125	 -0.716667
-1.000000	 2.200000	 -0.680000	 -0.733333
-1.000000	 2.250000	 -0.325521	 -0.363371
-1.000000	 2.300000	 -0.297083	 -0.329629
-1.000000	 2.350000	 -0.268021	 -0.295255
-1.000000	 2.400000	 -0.238333	 -0.260134
-1.000000	 2.450000	 0.234238	 -1.000427
-1.000000	 2.500000	 0.326513	 -1.023065
-1.000000	 2.550000	 0.426204	 -1.048066
-1.000000	 2.600000	 0.533604	 -1.075389
-1.000000	 2.650000	 0.649015	 -1.105001
-1.000000	 2.700000	 0.772748	 -1.136878
-1.000000	 2.750000	 0.905123	 -1.171001
-1.000000	 2.800000	 1.046466	 -1.207357
-1.000000	 2.850000	 1.197113	 -1.245937
-1.000000	 2.900000	 1.357405	 -1.286738
-1.000000	 2.950000	 1.527693	 -1.329758
-1.000000	 3.000000	 1.708333	 -1.375000
-0.950000	 -3.000000	 1.735408	 1.389757
-0.950000	 -2.950000	 1.553279	 1.341399
-0.950000	 -2.900000	 1.381500	 1.295314
-0.950000	 -2.850000	 1.219712	 1.251494
-0.950000	 -2.800000	 1.067562	 1.209934
-0.950000	 -2.750000	 0.924705	 1.170632
-0.950000	 -2.700000	 0.790804	 1.133589
-0.950000	 -2.650000	 0.665527	 1.098810
-0.950000	 -2.600000	 0.548553	 1.066306
-0.950000	 -2.550000	 0.439565	 1.036089
-0.950000	 -2.500000	 0.338257	 1.008182
-0.950000	 -2.450000	 0.244330	 0.982612
-0.950000	 -2.400000	 0.157492	 0.959415
-0.950000	 -2.350000	 -0.273252	 0.244894
-0.950000	 -2.300000	 -0.301685	 0.277558
-0.950000	 -2.250000	 -0.329546	 0.309548
-0.950000	 -2.200000	 -0.678698	 0.678333
-0.950000	 -2.150000	 -0.695917	 0.662917
-0.950000	 -2.100000	 -0.712740	 0.647500
-0.950000	 -2.050000	 -0.729167	 0.632083
-0.950000	 -2.000000	 -0.745198	 0.616667
-0.950000	 -1.950000	 -1.566667	 -1.316250
-0.950000	 -1.900000	 -1.502500	 -1.282500
-0.950000	 -1.850000	 -1.440000	 -1.248750
-0.950000	 -1.800000	 -1.379167	 -1.215000
-0.950000	 -1.750000	 -1.320000	 -1.181250
-0.950000	 -1.700000	 -1.262500	 -1.147500
-0.950000	 -1.650000	 -1.206667	 -1.113750
-0.950000	 -1.600000	 -1.152500	 -1.080000
-0.950000	 -1.550000	 -1.100000	 -1.046250
-0.950000	 -1.500000	 -1.049167	 -1.012500
-0.950000	 -1.450000	 -1.000000	 -0.978750
-0.950000	 -1.400000	 -0.952500	 -0.945000
-0.950000	 -1.350000	 -0.906667	 -0.911250
-0.950000	 -1.300000	 -0.862500	 -0.877500
-0.950000	 -1.250000	 -0.820000	 -0.843750
-0.950000	 -1.200000	 -0.779167	 -0.810000
-0.950000	 -1.150000	 -0.740000	 -0.776250
-0.950000	 -1.100000	 -0.702500	 -0.742500
-0.950000	 -1.050000	 -0.666667	 -0.708750
-0.950000	 -1.000000	 -0.632500	 -0.675000
-0.950000	 -0.950000	 -0.292292	 -0.950000
-0.950000	 -0.900000	 -0.257209	 -0.900000
-0.950000	 -0.850000	 -0.224023	 -0.850000
-0.950000	 -0.800000	 -0.192733	 -0.800000
-0.950000	 -0.750000	 -0.163340	 -0.750000
-0.950000	 -0.700000	 -0.135843	 -0.700000
-0.950000	 -0.650000	 -0.110242	 -0.650000
-0.950000	 -0.600000	 -0.086538	 -0.600000
-0.950000	 -0.550000	 -0.064729	 -0.550000
-0.950000	 -0.500000	 -0.044818	 -0.500000
-0.950000	 -0.450000	 -0.026802	 -0.450000
-0.950000	 -0.400000	 -0.010683	 -0.400000
-0.950000	 -0.350000	 0.003539	 -0.350000
-0.950000	 -0.300000	 0.015866	 -0.300000
-0.950000	 -0.250000	 0.026296	 -0.250000
-0.950000	 -0.200000	 0.034829	 -0.200000
-0.950000	 -0.150000	 0.041466	 -0.150000
-0.950000	 -0.100000	 0.046207	 -0.100000
-0.950000	 -0.050000	 0.049052	 -0.050000
-0.950000	 -0.000000	 0.050000	 -0.000000
-0.950000	 0.050000	 0.049052	 0.050000
-0.950000	 0.100000	 0.046207	 0.100000
-0.950000	 0.150000	 0.041466	 0.150000
-0.950000	 0.200000	 0.034829	 0.200000
-0.950000	 0.250000	 0.026296	 0.250000
-0.950000	 0.300000	 0.015866	 0.300000
-0.950000	 0.350000	 0.003539	 0.350000
-0.950000	 0.400000	 -0.010683	 0.400000
-0.950000	 0.450000	 -0.026802	 0.450000
-0.950000	 0.500000	 -0.044818	 0.500000
-0.950000	 0.550000	 -0.064729	 0.550000
-0.950000	 0.600000	 -0.086538	 0.600000
-0.950000	 0.650000	 -0.110242	 0.650000
-0.950000	 0.700000	 -0.135843	 0.700000
-0.950000	 0.750000	 -0.163340	 0.750000
-0.950000	 0.800000	 -0.192733	 0.800000
-0.950000	 0.850000	 -0.224023	 0.850000
-0.950000	 0.900000	 -0.257209	 0.900000
-0.950000	 0.950000	 -0.292292	 0.950000
-0.950000	 1.000000	 -0.329271	 1.000000
-0.950000	 1.050000	 -0.666667	 0.708750
-0.950000	 1.100000	 -0.702500	 0.742500
-0.950000	 1.150000	 -0.740000	 0.776250
-0.950000	 1.200000	 -0.779167	 0.810000
-0.950000	 1.250000	 -0.820000	 0.843750
-0.950000	 1.300000	 -0.862500	 0.877500
-0.950000	 1.350000	 -0.906667	 0.911250
-0.950000	 1.400000	 -0.952500	 0.945000
-0.950000	 1.450000	 -1.000000	 0.978750
-0.950000	 1.500000	 -1.049167	 1.012500
-0.950000	 1.550000	 -1.100000	 1.046250
-0.950000	 1.600000	 -1.152500	 1.080000
-0.950000	 1.650000	 -1.206667	 1.113750
-0.950000	 1.700000	 -1.262500	 1.147500
-0.950000	 1.750000	 -1.320000	 1.181250
-0.950000	 1.800000	 -1.379167	 1.215000
-0.950000	 1.850000	 -1.440000	 1.248750
-0.950000	 1.900000	 -1.502500	 1.282500
-0.950000	 1.950000	 -1.566667	 1.316250
-0.950000	 2.000000	 -1.632500	 1.350000
-0.950000	 2.050000	 -0.729167	 -0.632083
-0.950000	 2.100000	 -0.712740	 -0.647500
-0.950000	 2.150000	 -0.695917	 -0.662917
-0.950000	 2.200000	 -0.678698	 -0.678333
-0.950000	 2.250000	 -0.329546	 -0.309548
-0.950000	 2.300000	 -0.301685	 -0.277558
-0.950000	 2.350000	 -0.273252	 -0.244894
-0.950000	 2.400000	 0.157492	 -0.959415
-0.950000	 2.450000	 0.244330	 -0.982612
-0.950000	 2.500000	 0.338257	 -1.008182
-0.950000	 2.550000	 0.439565	 -1.036089
-0.950000	 2.600000	 0.548553	 -1.066306
-0.950000	 2.650000	 0.665527	 -1.098810
-0.950000	 2.700000	 0.790804	 -1.133589
-0.950000	 2.750000	 0.924705	 -1.170632
-0.950000	 2.800000	 1.067562	 -1.209934
-0.950000	 2.850000	 1.219712	 -1.251494
-0.950000	 2.900000	 1.381500	 -1.295314
-0.950000	 2.950000	 1.553279	 -1.341399
-0.950000	 3.000000	 1.735408	 -1.389757
-0.900000	 -3.000000	 1.759233	 1.405795
-0.900000	 -2.950000	 1.575842	 1.354360
-0.900000	 -2.900000	 1.402798	 1.305254
-0.900000	 -2.850000	 1.239740	 1.258465
-0.900000	 -2.800000	 1.086314	 1.213980
-0.900000	 -2.750000	 0.942172	 1.171794
-0.900000	 -2.700000	 0.806974	 1.131900
-0.900000	 -2.650000	 0.680387	 1.094297
-0.900000	 -2.600000	 0.562086	 1.058986
-0.900000	 -2.550000	 0.451750	 1.025973
-0.900000	 -2.500000	 0.349070	 0.995270
-0.900000	 -2.450000	 0.253740	 0.966892
-0.900000	 -2.400000	 0.165466	 0.940864
-0.900000	 -2.350000	 0.083959	 0.917215
-0.900000	 -2.300000	 -0.305926	 0.228302
-0.900000	 -2.250000	 -0.333090	 0.258656
-0.900000	 -2.200000	 -0.359734	 0.288402
-0.900000	 -2.150000	 -0.692396	 0.609167
-0.900000	 -2.100000	 -0.708333	 0.595000
-0.900000	 -2.050000	 -0.723896	 0.580833
-0.900000	 -2.000000	 -0.739083	 0.566667
-0.900000	 -1.950000	 -1.530833	 -1.332500
-0.900000	 -1.900000	 -1.466667	 -1.298333
-0.900000	 -1.850000	 -1.404167	 -1.264167
-0.900000	 -1.800000	 -1.343333	 -1.230000
-0.900000	 -1.750000	 -1.284167	 -1.195833
-0.900000	 -1.700000	 -1.226667	 -1.161667
-0.900000	 -1.650000	 -1.170833	 -1.127500
-0.900000	 -1.600000	 -1.116667	 -1.093333
-0.900000	 -1.550000	 -1.064167	 -1.059167
-0.900000	 -1.500000	 -1.013333	 -1.025000
-0.900000	 -1.450000	 -0.964167	 -0.990833
-0.900000	 -1.400000	 -0.916667	 -0.956667
-0.900000	 -1.350000	 -0.870833	 -0.922500
-0.900000	 -1.300000	 -0.826667	 -0.888333
-0.900000	 -1.250000	 -0.784167	 -0.854167
-0.900000	 -1.200000	 -0.743333	 -0.820000
-0.900000	 -1.150000	 -0.704167	 -0.785833
-0.900000	 -1.100000	 -0.666667	 -0.751667
-0.900000	 -1.050000	 -0.630833	 -0.717500
-0.900000	 -1.000000	 -0.596667	 -0.683333
-0.900000	 -0.950000	 -0.246334	 -0.950000
-0.900000	 -0.900000	 -0.210838	 -0.900000
-0.900000	 -0.850000	 -0.177259	 -0.850000
-0.900000	 -0.800000	 -0.145600	 -0.800000
-0.900000	 -0.750000	 -0.115859	 -0.750000
-0.900000	 -0.700000	 -0.088038	 -0.700000
-0.900000	 -0.650000	 -0.062134	 -0.650000
-0.900000	 -0.600000	 -0.038150	 -0.600000
-0.900000	 -0.550000	 -0.016084	 -0.550000
-0.900000	 -0.500000	 0.004062	 -0.500000
-0.900000	 -0.450000	 0.022291	 -0.450000
-0.900000	 -0.400000	 0.038600	 -0.400000
-0.900000	 -0.350000	 0.052991	 -0.350000
-0.900000	 -0.300000	 0.065462	 -0.300000
-0.900000	 -0.250000	 0.076016	 -0.250000
-0.900000	 -0.200000	 0.084650	 -0.200000
-0.900000	 -0.150000	 0.091366	 -0.150000
-0.900000	 -0.100000	 0.096162	 -0.100000
-0.900000	 -0.050000	 0.099041	 -0.050000
-0.900000	 -0.000000	 0.100000	 -0.000000
-0.900000	 0.050000	 0.099041	 0.050000
-0.900000	 0.100000	 0.096162	 0.100000
-0.900000	 0.150000	 0.091366	 0.150000
-0.900000	 0.200000	 0.084650	 0.200000
-0.900000	 0.250000	 0.076016	 0.250000
-0.900000	 0.300000	 0.065462	 0.300000
-0.900000	 0.350000	 0.052991	 0.350000
-0.900000	 0.400000	 0.038600	 0.400000
-0.900000	 0.450000	 0.022291	 0.450000
-0.900000	 0.500000	 0.004062	 0.500000
-0.900000	 0.550000	 -0.016084	 0.550000
-0.900000	 0.600000	 -0.038150	 0.600000
-0.900000	 0.650000	 -0.062134	 0.650000
-0.900000	 0.700000	 -0.088038	 0.700000
-0.900000	 0.750000	 -0.115859	 0.750000
-0.900000	 0.800000	 -0.145600	 0.800000
-0.900000	 0.850000	 -0.177259	 0.850000
-0.900000	 0.900000	 -0.210838	 0.900000
-0.900000	 0.950000	 -0.246334	 0.950000
-0.900000	 1.000000	 -0.283750	 1.000000
-0.900000	 1.050000	 -0.630833	 0.717500
-0.900000	 1.100000	 -0.666667	 0.751667
-0.900000	 1.150000	 -0.704167	 0.785833
-0.900000	 1.200000	 -0.743333	 0.820000
-0.900000	 1.250000	 -0.784167	 0.854167
-0.900000	 1.300000	 -0.826667	 0.888333
-0.900000	 1.350000	 -0.870833	 0.922500
-0.900000	 1.400000	 -0.916667	 0.956667
-0.900000	 1.450000	 -0.964167	 0.990833
-0.900000	 1.500000	 -1.013333	 1.025000
-0.900000	 1.550000	 -1.064167	 1.059167
-0.900000	 1.600000	 -1.116667	 1.093333
-0.900000	 1.650000	 -1.170833	 1.127500
-0.900000	 1.700000	 -1.226667	 1.161667
-0.900000	 1.750000	 -1.284167	 1.195833
-0.900000	 1.800000	 -1.343333	 1.230000
-0.900000	 1.850000	 -1.404167	 1.264167
-0.900000	 1.900000	 -1.466667	 1.298333
-0.900000	 1.950000	 -1.530833	 1.332500
-0.900000	 2.000000	 -1.596667	 1.366667
-0.900000	 2.050000	 -0.723896	 -0.580833
-0.900000	 2.100000	 -0.708333	 -0.595000
-0.900000	 2.150000	 -0.692396	 -0.609167
-0.900000	 2.200000	 -0.359734	 -0.288402
-0.900000	 2.250000	 -0.333090	 -0.258656
-0.900000	 2.300000	 -0.305926	 -0.228302
-0.900000	 2.350000	 0.083959	 -0.917215
-0.900000	 2.400000	 0.165466	 -0.940864
-0.900000	 2.450000	 0.253740	 -0.966892
-0.900000	 2.500000	 0.349070	 -0.995270
-0.900000	 2.550000	 0.451750	 -1.025973
-0.900000	 2.600000	 0.562086	 -1.058986
-0.900000	 2.650000	 0.680387	 -1.094297
-0.900000	 2.700000	 0.806974	 -1.131900
-0.900000	 2.750000	 0.942172	 -1.171794
-0.900000	 2.800000	 1.086314	 -1.213980
-0.900000	 2.850000	 1.239740	 -1.258465
-0.900000	 2.900000	 1.402798	 -1.305254
-0.900000	 2.950000	 1.575842	 -1.354360
-0.900000	 3.000000	 1.759233	 -1.405795
-0.850000	 -3.000000	 1.779660	 1.422955
-0.850000	 -2.950000	 1.595230	 1.368479
-0.850000	 -2.900000	 1.421143	 1.316393
-0.850000	 -2.850000	 1.257038	 1.266677
-0.850000	 -2.800000	 1.102557	 1.219318
-0.850000	 -2.750000	 0.957353	 1.174302
-0.850000	 -2.700000	 0.821084	 1.131618
-0.850000	 -2.650000	 0.693413	 1.091258
-0.850000	 -2.600000	 0.574011	 1.053217
-0.850000	 -2.550000	 0.462559	 1.017494
-0.850000	 -2.500000	 0.358740	 0.984090
-0.850000	 -2.450000	 0.262247	 0.953013
-0.850000	 -2.400000	 0.172781	 0.924275
-0.850000	 -2.350000	 0.090049	 0.897896
-0.850000	 -2.300000	 -0.309881	 0.181622
-0.850000	 -2.250000	 -0.336237	 0.210435
-0.850000	 -2.200000	 -0.362118	 0.238618
-0.850000	 -2.150000	 -0.687500	 0.555417
-0.850000	 -2.100000	 -0.702552	 0.542500
-0.850000	 -2.050000	 -0.717250	 0.529583
-0.850000	 -2.000000	 -0.731594	 0.516667
-0.850000	 -1.950000	 -1.493333	 -1.348750
-0.850000	 -1.900000	 -1.429167	 -1.314167
-0.850000	 -1.850000	 -1.366667	 -1.279583
-0.850000	 -1.800000	 -1.305833	 -1.245000
-0.850000	 -1.750000	 -1.246667	 -1.210417
-0.850000	 -1.700000	 -1.189167	 -1.175833
-0.850000	 -1.650000	 -1.133333	 -1.141250
-0.850000	 -1.600000	 -1.079167	 -1.106667
-0.850000	 -1.550000	 -1.026667	 -1.072083
-0.850000	 -1.500000	 -0.975833	 -1.037500
-0.850000	 -1.450000	 -0.926667	 -1.002917
-0.850000	 -1.400000	 -0.879167	 -0.968333
-0.850000	 -1.350000	 -0.833333	 -0.933750
-0.850000	 -1.300000	 -0.789167	 -0.899167
-0.850000	 -1.250000	 -0.746667	 -0.864583
-0.850000	 -1.200000	 -0.705833	 -0.830000
-0.850000	 -1.150000	 -0.666667	 -0.795417
-0.850000	 -1.100000	 -0.629167	 -0.760833
-0.850000	 -1.050000	 -0.593333	 -0.726250
-0.850000	 -1.000000	 -0.559167	 -0.691667
-0.850000	 -0.950000	 -0.200565	 -0.950000
-0.850000	 -0.900000	 -0.164634	 -0.900000
-0.850000	 -0.850000	 -0.130646	 -0.850000
-0.850000	 -0.800000	 -0.098600	 -0.800000
-0.850000	 -0.750000	 -0.068496	 -0.750000
-0.850000	 -0.700000	 -0.040334	 -0.700000
-0.850000	 -0.650000	 -0.014115	 -0.650000
-0.850000	 -0.600000	 0.010162	 -0.600000
-0.850000	 -0.550000	 0.032498	 -0.550000
-0.850000	 -0.500000	 0.052891	 -0.500000
-0.850000	 -0.450000	 0.071341	 -0.450000
-0.850000	 -0.400000	 0.087850	 -0.400000
-0.850000	 -0.350000	 0.102416	 -0.350000
-0.850000	 -0.300000	 0.115041	 -0.300000
-0.850000	 -0.250000	 0.125723	 -0.250000
-0.850000	 -0.200000	 0.134462	 -0.200000
-0.850000	 -0.150000	 0.141260	 -0.150000
-0.850000	 -0.100000	 0.146116	 -0.100000
-0.850000	 -0.050000	 0.149029	 -0.050000
-0.850000	 -0.000000	 0.150000	 -0.000000
-0.850000	 0.050000	 0.149029	 0.050000
-0.850000	 0.100000	 0.146116	 0.100000
-0.850000	 0.150000	 0.141260	 0.150000
-0.850000	 0.200000	 0.134462	 0.200000
-0.850000	 0.250000	 0.125723	 0.250000
-0.850000	 0.300000	 0.115041	 0.300000
-0.850000	 0.350000	 0.102416	 0.350000
-0.850000	 0.400000	 0.087850	 0.400000
-0.850000	 0.450000	 0.071341	 0.450000
-0.850000	 0.500000	 0.052891	 0.500000
-0.850000	 0.550000	 0.032498	 0.550000
-0.850000	 0.600000	 0.010162	 0.600000
-0.850000	 0.650000	 -0.014115	 0.650000
-0.850000	 0.700000	 -0.040334	 0.700000
-0.850000	 0.750000	 -0.068496	 0.750000
-0.850000	 0.800000	 -0.098600	 0.800000
-0.850000	 0.850000	 -0.130646	 0.850000
-0.850000	 0.900000	 -0.164634	 0.900000
-0.850000	 0.950000	 -0.200565	 0.950000
-0.850000	 1.000000	 -0.238438	 1.000000
-0.850000	 1.050000	 -0.593333	 0.726250
-0.850000	 1.100000	 -0.629167	 0.760833
-0.850000	 1.150000	 -0.666667	 0.795417
-0.850000	 1.200000	 -0.705833	 0.830000
-0.850000	 1.250000	 -0.746667	 0.864583
-0.850000	 1.300000	 -0.789167	 0.899167
-0.850000	 1.350000	 -0.833333	 0.933750
-0.850000	 1.400000	 -0.879167	 0.968333
-0.850000	 1.450000	 -0.926667	 1.002917
-0.850000	 1.500000	 -0.975833	 1.037500
-0.850000	 1.550000	 -1.026667	 1.072083
-0.850000	 1.600000	 -1.079167	 1.106667
-0.850000	 1.650000	 -1.133333	 1.141250
-0.850000	 1.700000	 -1.189167	 1.175833
-0.850000	 1.750000	 -1.246667	 1.210417
-0.850000	 1.800000	 -1.305833	 1.245000
-0.850000	 1.850000	 -1.366667	 1.279583
-0.850000	 1.900000	 -1.429167	 1.314167
-0.850000	 1.950000	 -1.493333	 1.348750
-0.850000	 2.000000	 -1.559167	 1.383333
-0.850000	 2.050000	 -0.717250	 -0.529583
-0.850000	 2.100000	 -0.702552	 -0.542500
-0.850000	 2.150000	 -0.687500	 -0.555417
-0.850000	 2.200000	 -0.362118	 -0.238618
-0.850000	 2.250000	 -0.336237	 -0.210435
-0.850000	 2.300000	 -0.309881	 -0.181622
-0.850000	 2.350000	 0.090049	 -0.897896
-0.850000	 2.400000	 0.172781	 -0.924275
-0.850000	 2.450000	 0.262247	 -0.953013
-0.850000	 2.500000	 0.358740	 -0.984090
-0.850000	 2.550000	 0.462559	 -1.017494
-0.850000	 2.600000	 0.574011	 -1.053217
-0.850000	 2.650000	 0.693413	 -1.091258
-0.850000	 2.700000	 0.821084	 -1.131618
-0.850000	 2.750000	 0.957353	 -1.174302
-0.850000	 2.800000	 1.102557	 -1.219318
-0.850000	 2.850000	 1.257038	 -1.266677
-0.850000	 2.900000	 1.421143	 -1.316393
-0.850000	 2.950000	 1.595230	 -1.368479
-0.850000	 3.000000	 1.779660	 -1.422955
-0.800000	 -3.000000	 1.796559	 1.441081
-0.800000	 -2.950000	 1.611309	 1.383599
-0.800000	 -2.900000	 1.436399	 1.328568
-0.800000	 -2.850000	 1.271464	 1.275967
-0.800000	 -2.800000	 1.116148	 1.225778
-0.800000	 -2.750000	 0.970101	 1.177981
-0.800000	 -2.700000	 0.832978	 1.132562
-0.800000	 -2.650000	 0.704442	 1.089506
-0.800000	 -2.600000	 0.584163	 1.048803
-0.800000	 -2.550000	 0.471816	 1.010443
-0.800000	 -2.500000	 0.367084	 0.974423
-0.800000	 -2.450000	 0.269658	 0.940741
-0.800000	 -2.400000	 0.179233	 0.909400
-0.800000	 -2.350000	 0.095514	 0.880409
-0.800000	 -2.300000	 0.018210	 0.853782
-0.800000	 -2.250000	 -0.339052	 0.164652
-0.800000	 -2.200000	 -0.364063	 0.191365
-0.800000	 -2.150000	 -0.681167	 0.501667
-0.800000	 -2.100000	 -0.695333	 0.490000
-0.800000	 -2.050000	 -0.709167	 0.478333
-0.800000	 -2.000000	 -0.722667	 0.466667
-0.800000	 -1.950000	 -1.454167	 -1.365000
-0.800000	 -1.900000	 -1.390000	 -1.330000
-0.800000	 -1.850000	 -1.327500	 -1.295000
-0.800000	 -1.800000	 -1.266667	 -1.260000
-0.800000	 -1.750000	 -1.207500	 -1.225000
-0.800000	 -1.700000	 -1.150000	 -1.190000
-0.800000	 -1.650000	 -1.094167	 -1.155000
-0.800000	 -1.600000	 -1.040000	 -1.120000
-0.800000	 -1.550000	 -0.987500	 -1.085000
-0.800000	 -1.500000	 -0.936667	 -1.050000
-0.800000	 -1.450000	 -0.887500	 -1.015000
-0.800000	 -1.400000	 -0.840000	 -0.980000
-0.800000	 -1.350000	 -0.794167	 -0.945000
-0.800000	 -1.300000	 -0.750000	 -0.910000
-0.800000	 -1.250000	 -0.707500	 -0.875000
-0.800000	 -1.200000	 -0.666667	 -0.840000
-0.800000	 -1.150000	 -0.627500	 -0.805000
-0.800000	 -1.100000	 -0.590000	 -0.770000
-0.800000	 -1.050000	 -0.554167	 -0.735000
-0.800000	 -1.000000	 -0.520000	 -0.700000
-0.800000	 -0.950000	 -0.154983	 -0.950000
-0.800000	 -0.900000	 -0.118600	 -0.900000
-0.800000	 -0.850000	 -0.084183	 -0.850000
-0.800000	 -0.800000	 -0.051733	 -0.800000
-0.800000	 -0.750000	 -0.021250	 -0.750000
-0.800000	 -0.700000	 0.007267	 -0.700000
-0.800000	 -0.650000	 0.033817	 -0.650000
-0.800000	 -0.600000	 0.058400	 -0.600000
-0.800000	 -0.550000	 0.081017	 -0.550000
-0.800000	 -0.500000	 0.101667	 -0.500000
-0.800000	 -0.450000	 0.120350	 -0.450000
-0.800000	 -0.400000	 0.137067	 -0.400000
-0.800000	 -0.350000	 0.151817	 -0.350000
-0.800000	 -0.300000	 0.164600	 -0.300000
-0.800000	 -0.250000	 0.175417	 -0.250000
-0.800000	 -0.200000	 0.184267	 -0.200000
-0.800000	 -0.150000	 0.191150	 -0.150000
-0.800000	 -0.100000	 0.196067	 -0.100000
-0.800000	 -0.050000	 0.199017	 -0.050000
-0.800000	 -0.000000	 0.200000	 -0.000000
-0.800000	 0.050000	 0.199017	 0.050000
-0.800000	 0.100000	 0.196067	 0.100000
-0.800000	 0.150000	 0.191150	 0.150000
-0.800000	 0.200000	 0.184267	 0.200000
-0.800000	 0.250000	 0.175417	 0.250000
-0.800000	 0.300000	 0.164600	 0.300000
-0.800000	 0.350000	 0.151817	 0.350000
-0.800000	 0.400000	 0.137067	 0.400000
-0.800000	 0.450000	 0.120350	 0.450000
-0.800000	 0.500000	 0.101667	 0.500000
-0.800000	 0.550000	 0.081017	 0.550000
-0.800000	 0.600000	 0.058400	 0.600000
-0.800000	 0.650000	 0.033817	 0.650000
-0.800000	 0.700000	 0.007267	 0.700000
-0.800000	 0.750000	 -0.021250	 0.750000
-0.800000	 0.800000	 -0.051733	 0.800000
-0.800000	 0.850000	 -0.084183	 0.850000
-0.800000	 0.900000	 -0.118600	 0.900000
-0.800000	 0.950000	 -0.154983	 0.950000
-0.800000	 1.000000	 -0.193333	 1.000000
-0.800000	 1.050000	 -0.554167	 0.735000
-0.800000	 1.100000	 -0.590000	 0.770000
-0.800000	 1.150000	 -0.627500	 0.805000
-0.800000	 1.200000	 -0.666667	 0.840000
-0.800000	 1.250000	 -0.707500	 0.875000
-0.800000	 1.300000	 -0.750000	 0.910000
-0.800000	 1.350000	 -0.794167	 0.945000
-0.800000	 1.400000	 -0.840000	 0.980000
-0.800000	 1.450000	 -0.887500	 1.015000
-0.800000	 1.500000	 -0.936667	 1.050000
-0.800000	 1.550000	 -0.987500	 1.085000
-0.800000	 1.600000	 -1.040000	 1.120000
-0.800000	 1.650000	 -1.094167	 1.155000
-0.800000	 1.700000	 -1.150000	 1.190000
-0.800000	 1.750000	 -1.207500	 1.225000
-0.800000	 1.800000	 -1.266667	 1.260000
-0.800000	 1.850000	 -1.327500	 1.295000
-0.800000	 1.900000	 -1.390000	 1.330000
-0.800000	 1.950000	 -1.454167	 1.365000
-0.800000	 2.000000	 -1.520000	 1.400000
-0.800000	 2.050000	 -0.709167	 -0.478333
-0.800000	 2.100000	 -0.695333	 -0.490000
-0.800000	 2.150000	 -0.681167	 -0.501667
-0.800000	 2.200000	 -0.364063	 -0.191365
-0.800000	 2.250000	 -0.339052	 -0.164652
-0.800000	 2.300000	 0.018210	 -0.853782
-0.800000	 2.350000	 0.095514	 -0.880409
-0.800000	 2.400000	 0.179233	 -0.909400
-0.800000	 2.450000	 0.269658	 -0.940741
-0.800000	 2.500000	 0.367084	 -0.974423
-0.800000	 2.550000	 0.471816	 -1.010443
-0.800000	 2.600000	 0.584163	 -1.048803
-0.800000	 2.650000	 0.704442	 -1.089506
-0.800000	 2.700000	 0.832978	 -1.132562
-0.800000	 2.750000	 0.970101	 -1.177981
-0.800000	 2.800000	 1.116148	 -1.225778
-0.800000	 2.850000	 1.271464	 -1.275967
-0.800000	 2.900000	 1.436399	 -1.328568
-0.800000	 2.950000	 1.611309	 -1.383599
-0.800000	 3.000000	 1.796559	 -1.441081
-0.750000	 -3.000000	 1.809816	 1.460026
-0.750000	 -2.950000	 1.623964	 1.399566
-0.750000	 -2.900000	 1.448445	 1.341624
-0.750000	 -2.850000	 1.282896	 1.286176
-0.750000	 -2.800000	 1.126959	 1.233196
-0.750000	 -2.750000	 0.980283	 1.182664
-0.750000	 -2.700000	 0.842521	 1.134558
-0.750000	 -2.650000	 0.713335	 1.088860
-0.750000	 -2.600000	 0.592394	 1.045554
-0.750000	 -2.550000	 0.479370	 1.004626
-0.750000	 -2.500000	 0.373945	 0.966064
-0.750000	 -2.450000	 0.275806	 0.929859
-0.750000	 -2.400000	 0.184646	 0.896008
-0.750000	 -2.350000	 0.100167	 0.864509
-0.750000	 -2.300000	 0.022076	 0.835368
-0.750000	 -2.250000	 -0.341580	 0.121094
-0.750000	 -2.200000	 -0.365622	 0.146415
-0.750000	 -2.150000	 -0.389278	 0.171164
-0.750000	 -2.100000	 -0.686615	 0.437500
-0.750000	 -2.050000	 -0.699583	 0.427083
-0.750000	 -2.000000	 -0.712240	 0.416667
-0.750000	 -1.950000	 -1.413333	 -1.381250
-0.750000	 -1.900000	 -1.349167	 -1.345833
-0.750000	 -1.850000	 -1.286667	 -1.310417
-0.750000	 -1.800000	 -1.225833	 -1.275000
-0.750000	 -1.750000	 -1.166667	 -1.239583
-0.750000	 -1.700000	 -1.109167	 -1.204167
-0.750000	 -1.650000	 -1.053333	 -1.168750
-0.750000	 -1.600000	 -0.999167	 -1.133333
-0.750000	 -1.550000	 -0.946667	 -1.097917
-0.750000	 -1.500000	 -0.895833	 -1.062500
-0.750000	 -1.450000	 -0.846667	 -1.027083
-0.750000	 -1.400000	 -0.799167	 -0.991667
-0.750000	 -1.350000	 -0.753333	 -0.956250
-0.750000	 -1.300000	 -0.709167	 -0.920833
-0.750000	 -1.250000	 -0.666667	 -0.885417
-0.750000	 -1.200000	 -0.625833	 -0.850000
-0.750000	 -1.150000	 -0.586667	 -0.814583
-0.750000	 -1.100000	 -0.549167	 -0.779167
-0.750000	 -1.050000	 -0.513333	 -0.743750
-0.750000	 -1.000000	 -0.479167	 -0.708333
-0.750000	 -0.950000	 -0.109590	 -0.950000
-0.750000	 -0.900000	 -0.072734	 -0.900000
-0.750000	 -0.850000	 -0.037871	 -0.850000
-0.750000	 -0.800000	 -0.005000	 -0.800000
-0.750000	 -0.750000	 0.025879	 -0.750000
-0.750000	 -0.700000	 0.054766	 -0.700000
-0.750000	 -0.650000	 0.081660	 -0.650000
-0.750000	 -0.600000	 0.106562	 -0.600000
-0.750000	 -0.550000	 0.129473	 -0.550000
-0.750000	 -0.500000	 0.150391	 -0.500000
-0.750000	 -0.450000	 0.169316	 -0.450000
-0.750000	 -0.400000	 0.186250	 -0.400000
-0.750000	 -0.350000	 0.201191	 -0.350000
-0.750000	 -0.300000	 0.214141	 -0.300000
-0.750000	 -0.250000	 0.225098	 -0.250000
-0.750000	 -0.200000	 0.234062	 -0.200000
-0.750000	 -0.150000	 0.241035	 -0.150000
-0.750000	 -0.100000	 0.246016	 -0.100000
-0.750000	 -0.050000	 0.249004	 -0.050000
-0.750000	 -0.000000	 0.250000	 -0.000000
-0.750000	 0.050000	 0.249004	 0.050000
-0.750000	 0.100000	 0.246016	 0.100000
-0.750000	 0.150000	 0.241035	 0.150000
-0.750000	 0.200000	 0.234062	 0.200000
-0.750000	 0.250000	 0.225098	 0.250000
-0.750000	 0.300000	 0.214141	 0.300000
-0.750000	 0.350000	 0.201191	 0.350000
-0.750000	 0.400000	 0.186250	 0.400000
-0.750000	 0.450000	 0.169316	 0.450000
-0.750000	 0.500000	 0.150391	 0.500000
-0.750000	 0.550000	 0.129473	 0.550000
-0.750000	 0.600000	 0.106562	 0.600000
-0.750000	 0.650000	 0.081660	 0.650000
-0.750000	 0.700000	 0.054766	 0.700000
-0.750000	 0.750000	 0.025879	 0.750000
-0.750000	 0.800000	 -0.005000	 0.800000
-0.750000	 0.850000	 -0.037871	 0.850000
-0.750000	 0.900000	 -0.072734	 0.900000
-0.750000	 0.950000	 -0.109590	 0.950000
-0.750000	 1.000000	 -0.148438	 1.000000
-0.750000	 1.050000	 -0.513333	 0.743750
-0.750000	 1.100000	 -0.549167	 0.779167
-0.750000	 1.150000	 -0.586667	 0.814583
-0.750000	 1.200000	 -0.625833	 0.850000
-0.750000	 1.250000	 -0.666667	 0.885417
-0.750000	 1.300000	 -0.709167	 0.920833
-0.750000	 1.350000	 -0.753333	 0.956250
-0.750000	 1.400000	 -0.799167	 0.991667
-0.750000	 1.450000	 -0.846667	 1.027083
-0.750000	 1.500000	 -0.895833	 1.062500
-0.750000	 1.550000	 -0.946667	 1.097917
-0.750000	 1.600000	 -0.999167	 1.133333
-0.750000	 1.650000	 -1.053333	 1.168750
-0.750000	 1.700000	 -1.109167	 1.204167
-0.750000	 1.750000	 -1.166667	 1.239583
-0.750000	 1.800000	 -1.225833	 1.275000
-0.750000	 1.850000	 -1.286667	 1.310417
-0.750000	 1.900000	 -1.349167	 1.345833
-0.750000	 1.950000	 -1.413333	 1.381250
-0.750000	 2.000000	 -1.479167	 1.416667
-0.750000	 2.050000	 -0.699583	 -0.427083
-0.750000	 2.100000	 -0.686615	 -0.437500
-0.750000	 2.150000	 -0.389278	 -0.171164
-0.750000	 2.200000	 -0.365622	 -0.146415
-0.750000	 2.250000	 -0.341580	 -0.121094
-0.750000	 2.300000	 0.022076	 -0.835368
-0.750000	 2.350000	 0.100167	 -0.864509
-0.750000	 2.400000	 0.184646	 -0.896008
-0.750000	 2.450000	 0.275806	 -0.929859
-0.750000	 2.500000	 0.373945	 -0.966064
-0.750000	 2.550000	 0.479370	 -1.004626
-0.750000	 2.600000	 0.592394	 -1.045554
-0.750000	 2.650000	 0.713335	 -1.088860
-0.750000	 2.700000	 0.842521	 -1.134558
-0.750000	 2.750000	 0.980283	 -1.182664
-0.750000	 2.800000	 1.126959	 -1.233196
-0.750000	 2.850000	 1.282896	 -1.286176
-0.750000	 2.900000	 1.448445	 -1.341624
-0.750000	 2.950000	 1.623964	 -1.399566
-0.750000	 3.000000	 1.809816	 -1.460026
-0.700000	 -3.000000	 1.819334	 1.479644
-0.700000	 -2.950000	 1.633092	 1.416235
-0.700000	 -2.900000	 1.457179	 1.355413
-0.700000	 -2.850000	 1.291229	 1.297149
-0.700000	 -2.800000	 1.134883	 1.241417
-0.700000	 -2.750000	 0.987788	 1.188189
-0.700000	 -2.700000	 0.849598	 1.137441
-0.700000	 -2.650000	 0.719973	 1.089151
-0.700000	 -2.600000	 0.598580	 1.043296
-0.700000	 -2.550000	 0.485090	 0.999858
-0.700000	 -2.500000	 0.379184	 0.958819
-0.700000	 -2.450000	 0.280547	 0.920166
-0.700000	 -2.400000	 0.188869	 0.883886
-0.700000	 -2.350000	 0.103850	 0.849971
-0.700000	 -2.300000	 0.025194	 0.818417
-0.700000	 -2.250000	 -0.047387	 0.789224
-0.700000	 -2.200000	 -0.366830	 0.103557
-0.700000	 -2.150000	 -0.389458	 0.126982
-0.700000	 -2.100000	 -0.676333	 0.385000
-0.700000	 -2.050000	 -0.688438	 0.375833
-0.700000	 -2.000000	 -0.700250	 0.366667
-0.700000	 -1.950000	 -1.370833	 -1.397500
-0.700000	 -1.900000	 -1.306667	 -1.361667
-0.700000	 -1.850000	 -1.244167	 -1.325833
-0.700000	 -1.800000	 -1.183333	 -1.290000
-0.700000	 -1.750000	 -1.124167	 -1.254167
-0.700000	 -1.700000	 -1.066667	 -1.218333
-0.700000	 -1.650000	 -1.010833	 -1.182500
-0.700000	 -1.600000	 -0.956667	 -1.146667
-0.700000	 -1.550000	 -0.904167	 -1.110833
-0.700000	 -1.500000	 -0.853333	 -1.075000
-0.700000	 -1.450000	 -0.804167	 -1.039167
-0.700000	 -1.400000	 -0.756667	 -1.003333
-0.700000	 -1.350000	 -0.710833	 -0.967500
-0.700000	 -1.300000	 -0.666667	 -0.931667
-0.700000	 -1.250000	 -0.624167	 -0.895833
-0.700000	 -1.200000	 -0.583333	 -0.860000
-0.700000	 -1.150000	 -0.544167	 -0.824167
-0.700000	 -1.100000	 -0.506667	 -0.788333
-0.700000	 -1.050000	 -0.470833	 -0.752500
-0.700000	 -1.000000	 -0.436667	 -0.716667
-0.700000	 -0.950000	 -0.064384	 -0.950000
-0.700000	 -0.900000	 -0.027038	 -0.900000
-0.700000	 -0.850000	 0.008291	 -0.850000
-0.700000	 -0.800000	 0.041600	 -0.800000
-0.700000	 -0.750000	 0.072891	 -0.750000
-0.700000	 -0.700000	 0.102162	 -0.700000
-0.700000	 -0.650000	 0.129416	 -0.650000
-0.700000	 -0.600000	 0.154650	 -0.600000
-0.700000	 -0.550000	 0.177866	 -0.550000
-0.700000	 -0.500000	 0.199062	 -0.500000
-0.700000	 -0.450000	 0.218241	 -0.450000
-0.700000	 -0.400000	 0.235400	 -0.400000
-0.700000	 -0.350000	 0.250541	 -0.350000
-0.700000	 -0.300000	 0.263662	 -0.300000
-0.700000	 -0.250000	 0.274766	 -0.250000
-0.700000	 -0.200000	 0.283850	 -0.200000
-0.700000	 -0.150000	 0.290916	 -0.150000
-0.700000	 -0.100000	 0.295962	 -0.100000
-0.700000	 -0.050000	 0.298991	 -0.050000
-0.700000	 -0.000000	 0.300000	 -0.000000
-0.700000	 0.050000	 0.298991	 0.050000
-0.700000	 0.100000	 0.295962	 0.100000
-0.700000	 0.150000	 0.290916	 0.150000
-0.700000	 0.200000	 0.283850	 0.200000
-0.700000	 0.250000	 0.274766	 0.250000
-0.700000	 0.300000	 0.263662	 0.300000
-0.700000	 0.350000	 0.250541	 0.350000
-0.700000	 0.400000	 0.235400	 0.400000
-0.700000	 0.450000	 0.218241	 0.450000
-0.700000	 0.500000	 0.199062	 0.500000
-0.700000	 0.550000	 0.177866	 0.550000
-0.700000	 0.600000	 0.154650	 0.600000
-0.700000	 0.650000	 0.129416	 0.650000
-0.700000	 0.700000	 0.102162	 0.700000
-0.700000	 0.750000	 0.072891	 0.750000
-0.700000	 0.800000	 0.041600	 0.800000
-0.700000	 0.850000	 0.008291	 0.850000
-0.700000	 0.900000	 -0.027038	 0.900000
-0.700000	 0.950000	 -0.064384	 0.950000
-0.700000	 1.000000	 -0.103750	 1.000000
-0.700000	 1.050000	 -0.470833	 0.752500
-0.700000	 1.100000	 -0.506667	 0.788333
-0.700000	 1.150000	 -0.544167	 0.824167
-0.700000	 1.200000	 -0.583333	 0.860000
-0.700000	 1.250000	 -0.624167	 0.895833
-0.700000	 1.300000	 -0.666667	 0.931667
-0.700000	 1.350000	 -0.710833	 0.967500
-0.700000	 1.400000	 -0.756667	 1.003333
-0.700000	 1.450000	 -0.804167	 1.039167
-0.700000	 1.500000	 -0.853333	 1.075000
-0.700000	 1.550000	 -0.904167	 1.110833
-0.700000	 1.600000	 -0.956667	 1.146667
-0.700000	 1.650000	 -1.010833	 1.182500
-0.700000	 1.700000	 -1.066667	 1.218333
-0.700000	 1.750000	 -1.124167	 1.254167
-0.700000	 1.800000	 -1.183333	 1.290000
-0.700000	 1.850000	 -1.244167	 1.325833
-0.700000	 1.900000	 -1.306667	 1.361667
-0.700000	 1.950000	 -1.370833	 1.397500
-0.700000	 2.000000	 -1.436667	 1.433333
-0.700000	 2.050000	 -0.688438	 -0.375833
-0.700000	 2.100000	 -0.676333	 -0.385000
-0.700000	 2.150000	 -0.389458	 -0.126982
-0.700000	 2.200000	 -0.366830	 -0.103557
-0.700000	 2.250000	 -0.047387	 -0.789224
-0.700000	 2.300000	 0.025194	 -0.818417
-0.700000	 2.350000	 0.103850	 -0.849971
-0.700000	 2.400000	 0.188869	 -0.883886
-0.700000	 2.450000	 0.280547	 -0.920166
-0.700000	 2.500000	 0.379184	 -0.958819
-0.700000	 2.550000	 0.485090	 -0.999858
-0.700000	 2.600000	 0.598580	 -1.043296
-0.700000	 2.650000	 0.719973	 -1.089151
-0.700000	 2.700000	 0.849598	 -1.137441
-0.700000	 2.750000	 0.987788	 -1.188189
-0.700000	 2.800000	 1.134883	 -1.241417
-0.700000	 2.850000	 1.291229	 -1.297149
-0.700000	 2.900000	 1.457179	 -1.355413
-0.700000	 2.950000	 1.633092	 -1.416235
-0.700000	 3.000000	 1.819334	 -1.479644
-0.650000	 -3.000000	 1.825029	 1.499792
-0.650000	 -2.950000	 1.638612	 1.433461
-0.650000	 -2.900000	 1.462516	 1.369788
-0.650000	 -2.850000	 1.296374	 1.308741
-0.650000	 -2.800000	 1.139828	 1.250289
-0.650000	 -2.750000	 0.992522	 1.194402
-0.650000	 -2.700000	 0.854112	 1.141053
-0.650000	 -2.650000	 0.724254	 1.090214
-0.650000	 -2.600000	 0.602616	 1.041859
-0.650000	 -2.550000	 0.488868	 0.995965
-0.650000	 -2.500000	 0.382688	 0.952509
-0.650000	 -2.450000	 0.283761	 0.911471
-0.650000	 -2.400000	 0.191775	 0.872834
-0.650000	 -2.350000	 0.106428	 0.836583
-0.650000	 -2.300000	 0.027422	 0.802705
-0.650000	 -2.250000	 -0.045535	 0.771194
-0.650000	 -2.200000	 -0.112727	 0.742045
-0.650000	 -2.150000	 -0.389215	 0.084763
-0.650000	 -2.100000	 -0.664427	 0.332500
-0.650000	 -2.050000	 -0.675667	 0.324583
-0.650000	 -2.000000	 -0.686635	 0.316667
-0.650000	 -1.950000	 -1.326667	 -1.413750
-0.650000	 -1.900000	 -1.262500	 -1.377500
-0.650000	 -1.850000	 -1.200000	 -1.341250
-0.650000	 -1.800000	 -1.139167	 -1.305000
-0.650000	 -1.750000	 -1.080000	 -1.268750
-0.650000	 -1.700000	 -1.022500	 -1.232500
-0.650000	 -1.650000	 -0.966667	 -1.196250
-0.650000	 -1.600000	 -0.912500	 -1.160000
-0.650000	 -1.550000	 -0.860000	 -1.123750
-0.650000	 -1.500000	 -0.809167	 -1.087500
-0.650000	 -1.450000	 -0.760000	 -1.051250
-0.650000	 -1.400000	 -0.712500	 -1.015000
-0.650000	 -1.350000	 -0.666667	 -0.978750
-0.650000	 -1.300000	 -0.622500	 -0.942500
-0.650000	 -1.250000	 -0.580000	 -0.906250
-0.650000	 -1.200000	 -0.539167	 -0.870000
-0.650000	 -1.150000	 -0.500000	 -0.833750
-0.650000	 -1.100000	 -0.462500	 -0.797500
-0.650000	 -1.050000	 -0.426667	 -0.761250
-0.650000	 -1.000000	 -0.392500	 -0.725000
-0.650000	 -0.950000	 -0.019367	 -0.950000
-0.650000	 -0.900000	 0.018491	 -0.900000
-0.650000	 -0.850000	 0.054302	 -0.850000
-0.650000	 -0.800000	 0.088067	 -0.800000
-0.650000	 -0.750000	 0.119785	 -0.750000
-0.650000	 -0.700000	 0.149457	 -0.700000
-0.650000	 -0.650000	 0.177083	 -0.650000
-0.650000	 -0.600000	 0.202662	 -0.600000
-0.650000	 -0.550000	 0.226196	 -0.550000
-0.650000	 -0.500000	 0.247682	 -0.500000
-0.650000	 -0.450000	 0.267123	 -0.450000
-0.650000	 -0.400000	 0.284517	 -0.400000
-0.650000	 -0.350000	 0.299864	 -0.350000
-0.650000	 -0.300000	 0.313166	 -0.300000
-0.650000	 -0.250000	 0.324421	 -0.250000
-0.650000	 -0.200000	 0.333629	 -0.200000
-0.650000	 -0.150000	 0.340791	 -0.150000
-0.650000	 -0.100000	 0.345907	 -0.100000
-0.650000	 -0.050000	 0.348977	 -0.050000
-0.650000	 -0.000000	 0.350000	 -0.000000
-0.650000	 0.050000	 0.348977	 0.050000
-0.650000	 0.100000	 0.345907	 0.100000
-0.650000	 0.150000	 0.340791	 0.150000
-0.650000	 0.200000	 0.333629	 0.200000
-0.650000	 0.250000	 0.324421	 0.250000
-0.650000	 0.300000	 0.313166	 0.300000
-0.650000	 0.350000	 0.299864	 0.350000
-0.650000	 0.400000	 0.284517	 0.400000
-0.650000	 0.450000	 0.267123	 0.450000
-0.650000	 0.500000	 0.247682	 0.500000
-0.650000	 0.550000	 0.226196	 0.550000
-0.650000	 0.600000	 0.202662	 0.600000
-0.650000	 0.650000	 0.177083	 0.650000
-0.650000	 0.700000	 0.149457	 0.700000
-0.650000	 0.750000	 0.119785	 0.750000
-0.650000	 0.800000	 0.088067	 0.800000
-0.650000	 0.850000	 0.054302	 0.850000
-0.650000	 0.900000	 0.018491	 0.900000
-0.650000	 0.950000	 -0.019367	 0.950000
-0.650000	 1.000000	 -0.059271	 1.000000
-0.650000	 1.050000	 -0.426667	 0.761250
-0.650000	 1.100000	 -0.462500	 0.797500
-0.650000	 1.150000	 -0.500000	 0.833750
-0.650000	 1.200000	 -0.539167	 0.870000
-0.650000	 1.250000	 -0.580000	 0.906250
-0.650000	 1.300000	 -0.622500	 0.942500
-0.650000	 1.350000	 -0.666667	 0.978750
-0.650000	 1.400000	 -0.712500	 1.015000
-0.650000	 1.450000	 -0.760000	 1.051250
-0.650000	 1.500000	 -0.809167	 1.087500
-0.650000	 1.550000	 -0.860000	 1.123750
-0.650000	 1.600000	 -0.912500	 1.160000
-0.650000	 1.650000	 -0.966667	 1.196250
-0.650000	 1.700000	 -1.022500	 1.232500
-0.650000	 1.750000	 -1.080000	 1.268750
-0.650000	 1.800000	 -1.139167	 1.305000
-0.650000	 1.850000	 -1.200000	 1.341250
-0.650000	 1.900000	 -1.262500	 1.377500
-0.650000	 1.950000	 -1.326667	 1.413750
-0.650000	 2.000000	 -1.392500	 1.450000
-0.650000	 2.050000	 -0.675667	 -0.324583
-0.650000	 2.100000	 -0.664427	 -0.332500
-0.650000	 2.150000	 -0.389215	 -0.084763
-0.650000	 2.200000	 -0.112727	 -0.742045
-0.650000	 2.250000	 -0.045535	 -0.771194
-0.650000	 2.300000	 0.027422	 -0.802705
-0.650000	 2.350000	 0.106428	 -0.836583
-0.650000	 2.400000	 0.191775	 -0.872834
-0.650000	 2.450000	 0.283761	 -0.911471
-0.650000	 2.500000	 0.382688	 -0.952509
-0.650000	 2.550000	 0.488868	 -0.995965
-0.650000	 2.600000	 0.602616	 -1.041859
-0.650000	 2.650000	 0.724254	 -1.090214
-0.650000	 2.700000	 0.854112	 -1.141053
-0.650000	 2.750000	 0.992522	 -1.194402
-0.650000	 2.800000	 1.139828	 -1.250289
-0.650000	 2.850000	 1.296374	 -1.308741
-0.650000	 2.900000	 1.462516	 -1.369788
-0.650000	 2.950000	 1.638612	 -1.433461
-0.650000	 3.000000	 1.825029	 -1.499792
-0.600000	 -3.000000	 1.826837	 1.520333
-0.600000	 -2.950000	 1.640456	 1.451105
-0.600000	 -2.900000	 1.464385	 1.384607
-0.600000	 -2.850000	 1.298260	 1.320805
-0.600000	 -2.800000	 1.141719	 1.259666
-0.600000	 -2.750000	 0.994409	 1.201155
-0.600000	 -2.700000	 0.855982	 1.145241
-0.600000	 -2.650000	 0.726097	 1.091894
-0.600000	 -2.600000	 0.604417	 1.041083
-0.600000	 -2.550000	 0.490613	 0.992781
-0.600000	 -2.500000	 0.384363	 0.946961
-0.600000	 -2.450000	 0.285349	 0.903597
-0.600000	 -2.400000	 0.193259	 0.862667
-0.600000	 -2.350000	 0.107790	 0.824150
-0.600000	 -2.300000	 0.028641	 0.788027
-0.600000	 -2.250000	 -0.044481	 0.754284
-0.600000	 -2.200000	 -0.111862	 0.722910
-0.600000	 -2.150000	 -0.388557	 0.044317
-0.600000	 -2.100000	 -0.408590	 0.064782
-0.600000	 -2.050000	 -0.661208	 0.273333
-0.600000	 -2.000000	 -0.671333	 0.266667
-0.600000	 -1.950000	 -1.280833	 -1.430000
-0.600000	 -1.900000	 -1.216667	 -1.393333
-0.600000	 -1.850000	 -1.154167	 -1.356667
-0.600000	 -1.800000	 -1.093333	 -1.320000
-0.600000	 -1.750000	 -1.034167	 -1.283333
-0.600000	 -1.700000	 -0.976667	 -1.246667
-0.600000	 -1.650000	 -0.920833	 -1.210000
-0.600000	 -1.600000	 -0.866667	 -1.173333
-0.600000	 -1.550000	 -0.814167	 -1.136667
-0.600000	 -1.500000	 -0.763333	 -1.100000
-0.600000	 -1.450000	 -0.714167	 -1.063333
-0.600000	 -1.400000	 -0.666667	 -1.026667
-0.600000	 -1.350000	 -0.620833	 -0.990000
-0.600000	 -1.300000	 -0.576667	 -0.953333
-0.600000	 -1.250000	 -0.534167	 -0.916667
-0.600000	 -1.200000	 -0.493333	 -0.880000
-0.600000	 -1.150000	 -0.454167	 -0.843333
-0.600000	 -1.100000	 -0.416667	 -0.806667
-0.600000	 -1.050000	 -0.380833	 -0.770000
-0.600000	 -1.000000	 -0.346667	 -0.733333
-0.600000	 -0.950000	 0.025462	 -0.950000
-0.600000	 -0.900000	 0.063850	 -0.900000
-0.600000	 -0.850000	 0.100162	 -0.850000
-0.600000	 -0.800000	 0.134400	 -0.800000
-0.600000	 -0.750000	 0.166562	 -0.750000
-0.600000	 -0.700000	 0.196650	 -0.700000
-0.600000	 -0.650000	 0.224662	 -0.650000
-0.600000	 -0.600000	 0.250600	 -0.600000
-0.600000	 -0.550000	 0.274462	 -0.550000
-0.600000	 -0.500000	 0.296250	 -0.500000
-0.600000	 -0.450000	 0.315962	 -0.450000
-0.600000	 -0.400000	 0.333600	 -0.400000
-0.600000	 -0.350000	 0.349162	 -0.350000
-0.600000	 -0.300000	 0.362650	 -0.300000
-0.600000	 -0.250000	 0.374062	 -0.250000
-0.600000	 -0.200000	 0.383400	 -0.200000
-0.600000	 -0.150000	 0.390662	 -0.150000
-0.600000	 -0.100000	 0.395850	 -0.100000
-0.600000	 -0.050000	 0.398962	 -0.050000
-0.600000	 -0.000000	 0.400000	 -0.000000
-0.600000	 0.050000	 0.398962	 0.050000
-0.600000	 0.100000	 0.395850	 0.100000
-0.600000	 0.150000	 0.390662	 0.150000
-0.600000	 0.200000	 0.383400	 0.200000
-0.600000	 0.250000	 0.374062	 0.250000
-0.600000	 0.300000	 0.362650	 0.300000
-0.600000	 0.350000	 0.349162	 0.350000
-0.600000	 0.400000	 0.333600	 0.400000
-0.600000	 0.450000	 0.315962	 0.450000
-0.600000	 0.500000	 0.296250	 0.500000
-0.600000	 0.550000	 0.274462	 0.550000
-0.600000	 0.600000	 0.250600	 0.600000
-0.600000	 0.650000	 0.224662	 0.650000
-0.600000	 0.700000	 0.196650	 0.700000
-0.600000	 0.750000	 0.166562	 0.750000
-0.600000	 0.800000	 0.134400	 0.800000
-0.600000	 0.850000	 0.100162	 0.850000
-0.600000	 0.900000	 0.063850	 0.900000
-0.600000	 0.950000	 0.025462	 0.950000
-0.600000	 1.000000	 -0.015000	 1.000000
-0.600000	 1.050000	 -0.380833	 0.770000
-0.600000	 1.100000	 -0.416667	 0.806667
-0.600000	 1.150000	 -0.454167	 0.843333
-0.600000	 1.200000	 -0.493333	 0.880000
-0.600000	 1.250000	 -0.534167	 0.916667
-0.600000	 1.300000	 -0.576667	 0.953333
-0.600000	 1.350000	 -0.620833	 0.990000
-0.600000	 1.400000	 -0.666667	 1.026667
-0.600000	 1.450000	 -0.714167	 1.063333
-0.600000	 1.500000	 -0.763333	 1.100000
-0.600000	 1.550000	 -0.814167	 1.136667
-0.600000	 1.600000	 -0.866667	 1.173333
-0.600000	 1.650000	 -0.920833	 1.210000
-0.600000	 1.700000	 -0.976667	 1.246667
-0.600000	 1.750000	 -1.034167	 1.283333
-0.600000	 1.800000	 -1.093333	 1.320000
-0.600000	 1.850000	 -1.154167	 1.356667
-0.600000	 1.900000	 -1.216667	 1.393333
-0.600000	 1.950000	 -1.280833	 1.430000
-0.600000	 2.000000	 -1.346667	 1.466667
-0.600000	 2.050000	 -0.661208	 -0.273333
-0.600000	 2.100000	 -0.408590	 -0.064782
-0.600000	 2.150000	 -0.388557	 -0.044317
-0.600000	 2.200000	 -0.111862	 -0.722910
-0.600000	 2.250000	 -0.044481	 -0.754284
-0.600000	 2.300000	 0.028641	 -0.788027
-0.600000	 2.350000	 0.107790	 -0.824150
-0.600000	 2.400000	 0.193259	 -0.862667
-0.600000	 2.450000	 0.285349	 -0.903597
-0.600000	 2.500000	 0.384363	 -0.946961
-0.600000	 2.550000	 0.490613	 -0.992781
-0.600000	 2.600000	 0.604417	 -1.041083
-0.600000	 2.650000	 0.726097	 -1.091894
-0.600000	 2.700000	 0.855982	 -1.145241
-0.600000	 2.750000	 0.994409	 -1.201155
-0.600000	 2.800000	 1.141719	 -1.259666
-0.600000	 2.850000	 1.298260	 -1.320805
-0.600000	 2.900000	 1.464385	 -1.384607
-0.600000	 2.950000	 1.640456	 -1.451105
-0.600000	 3.000000	 1.826837	 -1.520333
-0.550000	 -3.000000	 1.824706	 1.541132
-0.550000	 -2.950000	 1.638569	 1.469030
-0.550000	 -2.900000	 1.462733	 1.399733
-0.550000	 -2.850000	 1.296830	 1.333204
-0.550000	 -2.800000	 1.140500	 1.269406
-0.550000	 -2.750000	 0.993389	 1.208302
-0.550000	 -2.700000	 0.855148	 1.149858
-0.550000	 -2.650000	 0.725435	 1.094040
-0.550000	 -2.600000	 0.603914	 1.040814
-0.550000	 -2.550000	 0.490255	 0.990147
-0.550000	 -2.500000	 0.384134	 0.942010
-0.550000	 -2.450000	 0.285232	 0.896372
-0.550000	 -2.400000	 0.193239	 0.853206
-0.550000	 -2.350000	 0.107847	 0.812487
-0.550000	 -2.300000	 0.028757	 0.774189
-0.550000	 -2.250000	 -0.044326	 0.738291
-0.550000	 -2.200000	 -0.111691	 0.704776
-0.550000	 -2.150000	 -0.173620	 0.673627
-0.550000	 -2.100000	 -0.406255	 0.024789
-0.550000	 -2.050000	 -0.645000	 0.222083
-0.550000	 -2.000000	 -0.654281	 0.216667
-0.550000	 -1.950000	 -1.233333	 -1.446250
-0.550000	 -1.900000	 -1.169167	 -1.409167
-0.550000	 -1.850000	 -1.106667	 -1.372083
-0.550000	 -1.800000	 -1.045833	 -1.335000
-0.550000	 -1.750000	 -0.986667	 -1.297917
-0.550000	 -1.700000	 -0.929167	 -1.260833
-0.550000	 -1.650000	 -0.873333	 -1.223750
-0.550000	 -1.600000	 -0.819167	 -1.186667
-0.550000	 -1.550000	 -0.766667	 -1.149583
-0.550000	 -1.500000	 -0.715833	 -1.112500
-0.550000	 -1.450000	 -0.666667	 -1.075417
-0.550000	 -1.400000	 -0.619167	 -1.038333
-0.550000	 -1.350000	 -0.573333	 -1.001250
-0.550000	 -1.300000	 -0.529167	 -0.964167
-0.550000	 -1.250000	 -0.486667	 -0.927083
-0.550000	 -1.200000	 -0.445833	 -0.890000
-0.550000	 -1.150000	 -0.406667	 -0.852917
-0.550000	 -1.100000	 -0.369167	 -0.815833
-0.550000	 -1.050000	 -0.333333	 -0.778750
-0.550000	 -1.000000	 -0.299167	 -0.741667
-0.550000	 -0.950000	 0.070104	 -0.950000
-0.550000	 -0.900000	 0.109041	 -0.900000
-0.550000	 -0.850000	 0.145873	 -0.850000
-0.550000	 -0.800000	 0.180600	 -0.800000
-0.550000	 -0.750000	 0.213223	 -0.750000
-0.550000	 -0.700000	 0.243741	 -0.700000
-0.550000	 -0.650000	 0.272154	 -0.650000
-0.550000	 -0.600000	 0.298462	 -0.600000
-0.550000	 -0.550000	 0.322666	 -0.550000
-0.550000	 -0.500000	 0.344766	 -0.500000
-0.550000	 -0.450000	 0.364760	 -0.450000
-0.550000	 -0.400000	 0.382650	 -0.400000
-0.550000	 -0.350000	 0.398435	 -0.350000
-0.550000	 -0.300000	 0.412116	 -0.300000
-0.550000	 -0.250000	 0.423691	 -0.250000
-0.550000	 -0.200000	 0.433162	 -0.200000
-0.550000	 -0.150000	 0.440529	 -0.150000
-0.550000	 -0.100000	 0.445791	 -0.100000
-0.550000	 -0.050000	 0.448948	 -0.050000
-0.550000	 -0.000000	 0.450000	 -0.000000
-0.550000	 0.050000	 0.448948	 0.050000
-0.550000	 0.100000	 0.445791	 0.100000
-0.550000	 0.150000	 0.440529	 0.150000
-0.550000	 0.200000	 0.433162	 0.200000
-0.550000	 0.250000	 0.423691	 0.250000
-0.550000	 0.300000	 0.412116	 0.300000
-0.550000	 0.350000	 0.398435	 0.350000
-0.550000	 0.400000	 0.382650	 0.400000
-0.550000	 0.450000	 0.364760	 0.450000
-0.550000	 0.500000	 0.344766	 0.500000
-0.550000	 0.550000	 0.322666	 0.550000
-0.550000	 0.600000	 0.298462	 0.600000
-0.550000	 0.650000	 0.272154	 0.650000
-0.550000	 0.700000	 0.243741	 0.700000
-0.550000	 0.750000	 0.213223	 0.750000
-0.550000	 0.800000	 0.180600	 0.800000
-0.550000	 0.850000	 0.145873	 0.850000
-0.550000	 0.900000	 0.109041	 0.900000
-0.550000	 0.950000	 0.070104	 0.950000
-0.550000	 1.000000	 0.029062	 1.000000
-0.550000	 1.050000	 -0.333333	 0.778750
-0.550000	 1.100000	 -0.369167	 0.815833
-0.550000	 1.150000	 -0.406667	 0.852917
-0.550000	 1.200000	 -0.445833	 0.890000
-0.550000	 1.250000	 -0.486667	 0.927083
-0.550000	 1.300000	 -0.529167	 0.964167
-0.550000	 1.350000	 -0.573333	 1.001250
-0.550000	 1.400000	 -0.619167	 1.038333
-0.550000	 1.450000	 -0.666667	 1.075417
-0.550000	 1.500000	 -0.715833	 1.112500
-0.550000	 1.550000	 -0.766667	 1.149583
-0.550000	 1.600000	 -0.819167	 1.186667
-0.550000	 1.650000	 -0.873333	 1.223750
-0.550000	 1.700000	 -0.929167	 1.260833
-0.550000	 1.750000	 -0.986667	 1.297917
-0.550000	 1.800000	 -1.045833	 1.335000
-0.550000	 1.850000	 -1.106667	 1.372083
-0.550000	 1.900000	 -1.169167	 1.409167
-0.550000	 1.950000	 -1.233333	 1.446250
-0.550000	 2.000000	 -1.299167	 1.483333
-0.550000	 2.050000	 -0.645000	 -0.222083
-0.550000	 2.100000	 -0.406255	 -0.024789
-0.550000	 2.150000	 -0.173620	 -0.673627
-0.550000	 2.200000	 -0.111691	 -0.704776
-0.550000	 2.250000	 -0.044326	 -0.738291
-0.550000	 2.300000	 0.028757	 -0.774189
-0.550000	 2.350000	 0.107847	 -0.812487
-0.550000	 2.400000	 0.193239	 -0.853206
-0.550000	 2.450000	 0.285232	 -0.896372
-0.550000	 2.500000	 0.384134	 -0.942010
-0.550000	 2.550000	 0.490255	 -0.990147
-0.550000	 2.600000	 0.603914	 -1.040814
-0.550000	 2.650000	 0.725435	 -1.094040
-0.550000	 2.700000	 0.855148	 -1.149858
-0.550000	 2.750000	 0.993389	 -1.208302
-0.550000	 2.800000	 1.140500	 -1.269406
-0.550000	 2.850000	 1.296830	 -1.333204
-0.550000	 2.900000	 1.462733	 -1.399733
-0.550000	 2.950000	 1.638569	 -1.469030
-0.550000	 3.000000	 1.824706	 -1.541132
-0.500000	 -3.000000	 1.818601	 1.562054
-0.500000	 -2.950000	 1.632917	 1.487101
-0.500000	 -2.900000	 1.457521	 1.415029
-0.500000	 -2.850000	 1.292045	 1.345799
-0.500000	 -2.800000	 1.136129	 1.279370
-0.500000	 -2.750000	 0.989418	 1.215703
-0.500000	 -2.700000	 0.851563	 1.154761
-0.500000	 -2.650000	 0.722222	 1.096506
-0.500000	 -2.600000	 0.601058	 1.040901
-0.500000	 -2.550000	 0.487740	 0.987911
-0.500000	 -2.500000	 0.381944	 0.937500
-0.500000	 -2.450000	 0.283352	 0.889636
-0.500000	 -2.400000	 0.191651	 0.844286
-0.500000	 -2.350000	 0.106534	 0.801420
-0.500000	 -2.300000	 0.027699	 0.761008
-0.500000	 -2.250000	 -0.045148	 0.723024
-0.500000	 -2.200000	 -0.112297	 0.687443
-0.500000	 -2.150000	 -0.174032	 0.654243
-0.500000	 -2.100000	 -0.403397	 -0.013731
-0.500000	 -2.050000	 -0.626979	 0.170833
-0.500000	 -2.000000	 -0.635417	 0.166667
-0.500000	 -1.950000	 -1.184167	 -1.462500
-0.500000	 -1.900000	 -1.120000	 -1.425000
-0.500000	 -1.850000	 -1.057500	 -1.387500
-0.500000	 -1.800000	 -0.996667	 -1.350000
-0.500000	 -1.750000	 -0.937500	 -1.312500
-0.500000	 -1.700000	 -0.880000	 -1.275000
-0.500000	 -1.650000	 -0.824167	 -1.237500
-0.500000	 -1.600000	 -0.770000	 -1.200000
-0.500000	 -1.550000	 -0.717500	 -1.162500
-0.500000	 -1.500000	 -0.666667	 -1.125000
-0.500000	 -1.450000	 -0.617500	 -1.087500
-0.500000	 -1.400000	 -0.570000	 -1.050000
-0.500000	 -1.350000	 -0.524167	 -1.012500
-0.500000	 -1.300000	 -0.480000	 -0.975000
-0.500000	 -1.250000	 -0.437500	 -0.937500
-0.500000	 -1.200000	 -0.396667	 -0.900000
-0.500000	 -1.150000	 -0.357500	 -0.862500
-0.500000	 -1.100000	 -0.320000	 -0.825000
-0.500000	 -1.050000	 -0.284167	 -0.787500
-0.500000	 -1.000000	 -0.250000	 -0.750000
-0.500000	 -0.950000	 0.114557	 -0.950000
-0.500000	 -0.900000	 0.154062	 -0.900000
-0.500000	 -0.850000	 0.191432	 -0.850000
-0.500000	 -0.800000	 0.226667	 -0.800000
-0.500000	 -0.750000	 0.259766	 -0.750000
-0.500000	 -0.700000	 0.290729	 -0.700000
-0.500000	 -0.650000	 0.319557	 -0.650000
-0.500000	 -0.600000	 0.346250	 -0.600000
-0.500000	 -0.550000	 0.370807	 -0.550000
-0.500000	 -0.500000	 0.393229	 -0.500000
-0.500000	 -0.450000	 0.413516	 -0.450000
-0.500000	 -0.400000	 0.431667	 -0.400000
-0.500000	 -0.350000	 0.447682	 -0.350000
-0.500000	 -0.300000	 0.461562	 -0.300000
-0.500000	 -0.250000	 0.473307	 -0.250000
-0.500000	 -0.200000	 0.482917	 -0.200000
-0.500000	 -0.150000	 0.490391	 -0.150000
-0.500000	 -0.100000	 0.495729	 -0.100000
-0.500000	 -0.050000	 0.498932	 -0.050000
-0.500000	 -0.000000	 0.500000	 -0.000000
-0.500000	 0.050000	 0.498932	 0.050000
-0.500000	 0.100000	 0.495729	 0.100000
-0.500000	 0.150000	 0.490391	 0.150000
-0.500000	 0.200000	 0.482917	 0.200000
-0.500000	 0.250000	 0.473307	 0.250000
-0.500000	 0.300000	 0.461562	 0.300000
-0.500000	 0.350000	 0.447682	 0.350000
-0.500000	 0.400000	 0.431667	 0.400000
-0.500000	 0.450000	 0.413516	 0.450000
-0.500000	 0.500000	 0.393229	 0.500000
-0.500000	 0.550000	 0.370807	 0.550000
-0.500000	 0.600000	 0.346250	 0.600000
-0.500000	 0.650000	 0.319557	 0.650000
-0.500000	 0.700000	 0.290729	 0.700000
-0.500000	 0.750000	 0.259766	 0.750000
-0.500000	 0.800000	 0.226667	 0.800000
-0.500000	 0.850000	 0.191432	 0.850000
-0.500000	 0.900000	 0.154062	 0.900000
-0.500000	 0.950000	 0.114557	 0.950000
-0.500000	 1.000000	 0.072917	 1.000000
-0.500000	 1.050000	 -0.284167	 0.787500
-0.500000	 1.100000	 -0.320000	 0.825000
-0.500000	 1.150000	 -0.357500	 0.862500
-0.500000	 1.200000	 -0.396667	 0.900000
-0.500000	 1.250000	 -0.437500	 0.937500
-0.500000	 1.300000	 -0.480000	 0.975000
-0.500000	 1.350000	 -0.524167	 1.012500
-0.500000	 1.400000	 -0.570000	 1.050000
-0.500000	 1.450000	 -0.617500	 1.087500
-0.500000	 1.500000	 -0.666667	 1.125000
-0.500000	 1.550000	 -0.717500	 1.162500
-0.500000	 1.600000	 -0.770000	 1.200000
-0.500000	 1.650000	 -0.824167	 1.237500
-0.500000	 1.700000	 -0.880000	 1.275000
-0.500000	 1.750000	 -0.937500	 1.312500
-0.500000	 1.800000	 -0.996667	 1.350000
-0.500000	 1.850000	 -1.057500	 1.387500
-0.500000	 1.900000	 -1.120000	 1.425000
-0.500000	 1.950000	 -1.184167	 1.462500
-0.500000	 2.000000	 -1.250000	 1.500000
-0.500000	 2.050000	 -0.626979	 -0.170833
-0.500000	 2.100000	 -0.403397	 0.013731
-0.500000	 2.150000	 -0.174032	 -0.654243
-0.500000	 2.200000	 -0.112297	 -0.687443
-0.500000	 2.250000	 -0.045148	 -0.723024
-0.500000	 2.300000	 0.027699	 -0.761008
-0.500000	 2.350000	 0.106534	 -0.801420
-0.500000	 2.400000	 0.191651	 -0.844286
-0.500000	 2.450000	 0.283352	 -0.889636
-0.500000	 2.500000	 0.381944	 -0.937500
-0.500000	 2.550000	 0.487740	 -0.987911
-0.500000	 2.600000	 0.601058	 -1.040901
-0.500000	 2.650000	 0.722222	 -1.096506
-0.500000	 2.700000	 0.851563	 -1.154761
-0.500000	 2.750000	 0.989418	 -1.215703
-0.500000	 2.800000	 1.136129	 -1.279370
-0.500000	 2.850000	 1.292045	 -1.345799
-0.500000	 2.900000	 1.457521	 -1.415029
-0.500000	 2.950000	 1.632917	 -1.487101
-0.500000	 3.000000	 1.818601	 -1.562054
-0.450000	 -3.000000	 1.808501	 1.582968
-0.450000	 -2.950000	 1.623477	 1.505187
-0.450000	 -2.900000	 1.448726	 1.430364
-0.450000	 -2.850000	 1.283881	 1.358457
-0.450000	 -2.800000	 1.128580	 1.289423
-0.450000	 -2.750000	 0.982469	 1.223222
-0.450000	 -2.700000	 0.845199	 1.159811
-0.450000	 -2.650000	 0.716427	 1.099151
-0.450000	 -2.600000	 0.595815	 1.041202
-0.450000	 -2.550000	 0.483034	 0.985924
-0.450000	 -2.500000	 0.377758	 0.933280
-0.450000	 -2.450000	 0.279669	 0.883232
-0.450000	 -2.400000	 0.188452	 0.835744
-0.450000	 -2.350000	 0.103802	 0.790782
-0.450000	 -2.300000	 0.025416	 0.748312
-0.450000	 -2.250000	 -0.047001	 0.708302
-0.450000	 -2.200000	 -0.113740	 0.670722
-0.450000	 -2.150000	 -0.175086	 0.635543
-0.450000	 -2.100000	 -0.231317	 0.602741
-0.450000	 -2.050000	 -0.415833	 -0.034167
-0.450000	 -2.000000	 -0.614677	 0.116667
-0.450000	 -1.950000	 -1.133333	 -1.478750
-0.450000	 -1.900000	 -1.069167	 -1.440833
-0.450000	 -1.850000	 -1.006667	 -1.402917
-0.450000	 -1.800000	 -0.945833	 -1.365000
-0.450000	 -1.750000	 -0.886667	 -1.327083
-0.450000	 -1.700000	 -0.829167	 -1.289167
-0.450000	 -1.650000	 -0.773333	 -1.251250
-0.450000	 -1.600000	 -0.719167	 -1.213333
-0.450000	 -1.550000	 -0.666667	 -1.175417
-0.450000	 -1.500000	 -0.615833	 -1.137500
-0.450000	 -1.450000	 -0.566667	 -1.099583
-0.450000	 -1.400000	 -0.519167	 -1.061667
-0.450000	 -1.350000	 -0.473333	 -1.023750
-0.450000	 -1.300000	 -0.429167	 -0.985833
-0.450000	 -1.250000	 -0.386667	 -0.947917
-0.450000	 -1.200000	 -0.345833	 -0.910000
-0.450000	 -1.150000	 -0.306667	 -0.872083
-0.450000	 -1.100000	 -0.269167	 -0.834167
-0.450000	 -1.050000	 -0.233333	 -0.796250
-0.450000	 -1.000000	 -0.199167	 -0.758333
-0.450000	 -0.950000	 0.158823	 -0.950000
-0.450000	 -0.900000	 0.198916	 -0.900000
-0.450000	 -0.850000	 0.236841	 -0.850000
-0.450000	 -0.800000	 0.272600	 -0.800000
-0.450000	 -0.750000	 0.306191	 -0.750000
-0.450000	 -0.700000	 0.337616	 -0.700000
-0.450000	 -0.650000	 0.366873	 -0.650000
-0.450000	 -0.600000	 0.393962	 -0.600000
-0.450000	 -0.550000	 0.418885	 -0.550000
-0.450000	 -0.500000	 0.441641	 -0.500000
-0.450000	 -0.450000	 0.462229	 -0.450000
-0.450000	 -0.400000	 0.480650	 -0.400000
-0.450000	 -0.350000	 0.496904	 -0.350000
-0.450000	 -0.300000	 0.510991	 -0.300000
-0.450000	 -0.250000	 0.522910	 -0.250000
-0.450000	 -0.200000	 0.532662	 -0.200000
-0.450000	 -0.150000	 0.540248	 -0.150000
-0.450000	 -0.100000	 0.545666	 -0.100000
-0.450000	 -0.050000	 0.548916	 -0.050000
-0.450000	 -0.000000	 0.550000	 -0.000000
-0.450000	 0.050000	 0.548916	 0.050000
-0.450000	 0.100000	 0.545666	 0.100000
-0.450000	 0.150000	 0.540248	 0.150000
-0.450000	 0.200000	 0.532662	 0.200000
-0.450000	 0.250000	 0.522910	 0.250000
-0.450000	 0.300000	 0.510991	 0.300000
-0.450000	 0.350000	 0.496904	 0.350000
-0.450000	 0.400000	 0.480650	 0.400000
-0.450000	 0.450000	 0.462229	 0.450000
-0.450000	 0.500000	 0.441641	 0.500000
-0.450000	 0.550000	 0.418885	 0.550000
-0.450000	 0.600000	 0.393962	 0.600000
-0.450000	 0.650000	 0.366873	 0.650000
-0.450000	 0.700000	 0.337616	 0.700000
-0.450000	 0.750000	 0.306191	 0.750000
-0.450000	 0.800000	 0.272600	 0.800000
-0.450000	 0.850000	 0.236841	 0.850000
-0.450000	 0.900000	 0.198916	 0.900000
-0.450000	 0.950000	 0.158823	 0.950000
-0.450000	 1.000000	 0.116562	 1.000000
-0.450000	 1.050000	 -0.233333	 0.796250
-0.450000	 1.100000	 -0.269167	 0.834167
-0.450000	 1.150000	 -0.306667	 0.872083
-0.450000	 1.200000	 -0.345833	 0.910000
-0.450000	 1.250000	 -0.386667	 0.947917
-0.450000	 1.300000	 -0.429167	 0.985833
-0.450000	 1.350000	 -0.473333	 1.023750
-0.450000	 1.400000	 -0.519167	 1.061667
-0.450000	 1.450000	 -0.566667	 1.099583
-0.450000	 1.500000	 -0.615833	 1.137500
-0.450000	 1.550000	 -0.666667	 1.175417
-0.450000	 1.600000	 -0.719167	 1.213333
-0.450000	 1.650000	 -0.773333	 1.251250
-0.450000	 1.700000	 -0.829167	 1.289167
-0.450000	 1.750000	 -0.886667	 1.327083
-0.450000	 1.800000	 -0.945833	 1.365000
-0.450000	 1.850000	 -1.006667	 1.402917
-0.450000	 1.900000	 -1.069167	 1.440833
-0.450000	 1.950000	 -1.133333	 1.478750
-0.450000	 2.000000	 -1.199167	 1.516667
-0.450000	 2.050000	 -0.607083	 -0.119583
-0.450000	 2.100000	 -0.231317	 -0.602741
-0.450000	 2.150000	 -0.175086	 -0.635543
-0.450000	 2.200000	 -0.113740	 -0.670722
-0.450000	 2.250000	 -0.047001	 -0.708302
-0.450000	 2.300000	 0.025416	 -0.748312
-0.450000	 2.350000	 0.103802	 -0.790782
-0.450000	 2.400000	 0.188452	 -0.835744
-0.450000	 2.450000	 0.279669	 -0.883232
-0.450000	 2.500000	 0.377758	 -0.933280
-0.450000	 2.550000	 0.483034	 -0.985924
-0.450000	 2.600000	 0.595815	 -1.041202
-0.450000	 2.650000	 0.716427	 -1.099151
-0.450000	 2.700000	 0.845199	 -1.159811
-0.450000	 2.750000	 0.982469	 -1.223222
-0.450000	 2.800000	 1.128580	 -1.289423
-0.450000	 2.850000	 1.283881	 -1.358457
-0.450000	 2.900000	 1.448726	 -1.430364
-0.450000	 2.950000	 1.623477	 -1.505187
-0.450000	 3.000000	 1.808501	 -1.582968
-0.400000	 -3.000000	 1.794400	 1.603747
-0.400000	 -2.950000	 1.610243	 1.523158
-0.400000	 -2.900000	 1.436342	 1.445606
-0.400000	 -2.850000	 1.272329	 1.371046
-0.400000	 -2.800000	 1.117844	 1.299433
-0.400000	 -2.750000	 0.972532	 1.230723
-0.400000	 -2.700000	 0.836044	 1.164873
-0.400000	 -2.650000	 0.708036	 1.101838
-0.400000	 -2.600000	 0.588172	 1.041576
-0.400000	 -2.550000	 0.476120	 0.984045
-0.400000	 -2.500000	 0.371556	 0.929204
-0.400000	 -2.450000	 0.274160	 0.877011
-0.400000	 -2.400000	 0.183619	 0.827429
-0.400000	 -2.350000	 0.099626	 0.780416
-0.400000	 -2.300000	 0.021878	 0.735937
-0.400000	 -2.250000	 -0.049920	 0.693955
-0.400000	 -2.200000	 -0.116059	 0.654434
-0.400000	 -2.150000	 -0.176823	 0.617342
-0.400000	 -2.100000	 -0.232494	 0.582647
-0.400000	 -2.050000	 -0.410363	 -0.071222
-0.400000	 -2.000000	 -0.592000	 0.066667
-0.400000	 -1.950000	 -1.080833	 -1.495000
-0.400000	 -1.900000	 -1.016667	 -1.456667
-0.400000	 -1.850000	 -0.954167	 -1.418333
-0.400000	 -1.800000	 -0.893333	 -1.380000
-0.400000	 -1.750000	 -0.834167	 -1.341667
-0.400000	 -1.700000	 -0.776667	 -1.303333
-0.400000	 -1.650000	 -0.720833	 -1.265000
-0.400000	 -1.600000	 -0.666667	 -1.226667
-0.400000	 -1.550000	 -0.614167	 -1.188333
-0.400000	 -1.500000	 -0.563333	 -1.150000
-0.400000	 -1.450000	 -0.514167	 -1.111667
-0.400000	 -1.400000	 -0.466667	 -1.073333
-0.400000	 -1.350000	 -0.420833	 -1.035000
-0.400000	 -1.300000	 -0.376667	 -0.996667
-0.400000	 -1.250000	 -0.334167	 -0.958333
-0.400000	 -1.200000	 -0.293333	 -0.920000
-0.400000	 -1.150000	 -0.254167	 -0.881667
-0.400000	 -1.100000	 -0.216667	 -0.843333
-0.400000	 -1.050000	 -0.180833	 -0.805000
-0.400000	 -1.000000	 -0.146667	 -0.766667
-0.400000	 -0.950000	 0.202900	 -0.950000
-0.400000	 -0.900000	 0.243600	 -0.900000
-0.400000	 -0.850000	 0.282100	 -0.850000
-0.400000	 -0.800000	 0.318400	 -0.800000
-0.400000	 -0.750000	 0.352500	 -0.750000
-0.400000	 -0.700000	 0.384400	 -0.700000
-0.400000	 -0.650000	 0.414100	 -0.650000
-0.400000	 -0.600000	 0.441600	 -0.600000
-0.400000	 -0.550000	 0.466900	 -0.550000
-0.400000	 -0.500000	 0.490000	 -0.500000
-0.400000	 -0.450000	 0.510900	 -0.450000
-0.400000	 -0.400000	 0.529600	 -0.400000
-0.400000	 -0.350000	 0.546100	 -0.350000
-0.400000	 -0.300000	 0.560400	 -0.300000
-0.400000	 -0.250000	 0.572500	 -0.250000
-0.400000	 -0.200000	 0.582400	 -0.200000
-0.400000	 -0.150000	 0.590100	 -0.150000
-0.400000	 -0.100000	 0.595600	 -0.100000
-0.400000	 -0.050000	 0.598900	 -0.050000
-0.400000	 -0.000000	 0.600000	 -0.000000
-0.400000	 0.050000	 0.598900	 0.050000
-0.400000	 0.100000	 0.595600	 0.100000
-0.400000	 0.150000	 0.590100	 0.150000
-0.400000	 0.200000	 0.582400	 0.200000
-0.400000	 0.250000	 0.572500	 0.250000
-0.400000	 0.300000	 0.560400	 0.300000
-0.400000	 0.350000	 0.546100	 0.350000
-0.400000	 0.400000	 0.529600	 0.400000
-0.400000	 0.450000	 0.510900	 0.450000
-0.400000	 0.500000	 0.490000	 0.500000
-0.400000	 0.550000	 0.466900	 0.550000
-0.400000	 0.600000	 0.441600	 0.600000
-0.400000	 0.650000	 0.414100	 0.650000
-0.400000	 0.700000	 0.384400	 0.700000
-0.400000	 0.750000	 0.352500	 0.750000
-0.400000	 0.800000	 0.318400	 0.800000
-0.400000	 0.850000	 0.282100	 0.850000
-0.400000	 0.900000	 0.243600	 0.900000
-0.400000	 0.950000	 0.202900	 0.950000
-0.400000	 1.000000	 0.160000	 1.000000
-0.400000	 1.050000	 -0.180833	 0.805000
-0.400000	 1.100000	 -0.216667	 0.843333
-0.400000	 1.150000	 -0.254167	 0.881667
-0.400000	 1.200000	 -0.293333	 0.920000
-0.400000	 1.250000	 -0.334167	 0.958333
-0.400000	 1.300000	 -0.376667	 0.996667
-0.400000	 1.350000	 -0.420833	 1.035000
-0.400000	 1.400000	 -0.466667	 1.073333
-0.400000	 1.450000	 -0.514167	 1.111667
-0.400000	 1.500000	 -0.563333	 1.150000
-0.400000	 1.550000	 -0.614167	 1.188333
-0.400000	 1.600000	 -0.666667	 1.226667
-0.400000	 1.650000	 -0.720833	 1.265000
-0.400000	 1.700000	 -0.776667	 1.303333
-0.400000	 1.750000	 -0.834167	 1.341667
-0.400000	 1.800000	 -0.893333	 1.380000
-0.400000	 1.850000	 -0.954167	 1.418333
-0.400000	 1.900000	 -1.016667	 1.456667
-0.400000	 1.950000	 -1.080833	 1.495000
-0.400000	 2.000000	 -1.146667	 1.533333
-0.400000	 2.050000	 -0.410363	 0.071222
-0.400000	 2.100000	 -0.232494	 -0.582647
-0.400000	 2.150000	 -0.176823	 -0.617342
-0.400000	 2.200